{"apellido": "CHIGUAIHUAN", "slug": "chiguaihuan", "comunas": [{"comuna": "TEMUCO", "region": "09. REGION DE LA ARAUCANIA", "provincia": "Cautín", "totalapellido": 18, "totalcomuna": 236909, "prct_apellido": 0.0076, "Frecuencia provincia": 0.043946, "Frecuencia región": 0.051873, "cod_comuna": "09101"}, {"comuna": "NUEVA IMPERIAL", "region": "09. REGION DE LA ARAUCANIA", "provincia": "Cautín", "totalapellido": 4, "totalcomuna": 30689, "prct_apellido": 0.013, "Frecuencia provincia": 0.043946, "Frecuencia región": 0.051873, "cod_comuna": "09111"}], "provincias": [], "regiones": []}