{"apellido": "CHINCHON", "slug": "chinchon", "comunas": [{"comuna": "SANTA MARIA", "region": "05. REGION DE VALPARAISO", "provincia": "San Felipe de Aconcagua", "totalapellido": 16, "totalcomuna": 12123, "prct_apellido": 0.132, "Frecuencia provincia": 0.102948, "Frecuencia región": 0.029341, "cod_comuna": "05706"}, {"comuna": "SAN FELIPE", "region": "05. REGION DE VALPARAISO", "provincia": "San Felipe de Aconcagua", "totalapellido": 34, "totalcomuna": 60075, "prct_apellido": 0.0566, "Frecuencia provincia": 0.102948, "Frecuencia región": 0.029341, "cod_comuna": "05701"}, {"comuna": "PUTAENDO", "region": "05. REGION DE VALPARAISO", "provincia": "San Felipe de Aconcagua", "totalapellido": 6, "totalcomuna": 14044, "prct_apellido": 0.0427, "Frecuencia provincia": 0.102948, "Frecuencia región": 0.029341, "cod_comuna": "05705"}, {"comuna": "SAN ESTEBAN", "region": "05. REGION DE VALPARAISO", "provincia": "Los Andes", "totalapellido": 5, "totalcomuna": 15281, "prct_apellido": 0.0327, "Frecuencia provincia": 0.083664, "Frecuencia región": 0.029341, "cod_comuna": "05304"}, {"comuna": "CALERA DE TANGO", "region": "13. REGION METROPOLITANA DE SANTIAGO", "provincia": "Maipo", "totalapellido": 3, "totalcomuna": 22305, "prct_apellido": 0.0134, "Frecuencia provincia": 0.033289, "Frecuencia región": 0.018986, "cod_comuna": "13403"}, {"comuna": "RECOLETA", "region": "13. REGION METROPOLITANA DE SANTIAGO", "provincia": "Santiago", "totalapellido": 20, "totalcomuna": 142696, "prct_apellido": 0.014, "Frecuencia provincia": 0.017023, "Frecuencia región": 0.018986, "cod_comuna": "13127"}, {"comuna": "HUECHURABA", "region": "13. REGION METROPOLITANA DE SANTIAGO", "provincia": "Santiago", "totalapellido": 10, "totalcomuna": 73498, "prct_apellido": 0.0136, "Frecuencia provincia": 0.017023, "Frecuencia región": 0.018986, "cod_comuna": "13107"}, {"comuna": "MAIPU", "region": "13. REGION METROPOLITANA DE SANTIAGO", "provincia": "Santiago", "totalapellido": 61, "totalcomuna": 389758, "prct_apellido": 0.0157, "Frecuencia provincia": 0.017023, "Frecuencia región": 0.018986, "cod_comuna": "13119"}, {"comuna": "COIHAIQUE", "region": "11. REGION DE AYSEN DEL GENERAL CARLOS IBAÑEZ DEL CAMPO", "provincia": NaN, "totalapellido": 4, "totalcomuna": 54229, "prct_apellido": 0.0074, "Frecuencia provincia": NaN, "Frecuencia región": 0.077233, "cod_comuna": null}, {"comuna": "SAN JOSE DE MAIPO", "region": "13. REGION METROPOLITANA DE SANTIAGO", "provincia": "Cordillera", "totalapellido": 1, "totalcomuna": 15853, "prct_apellido": 0.0063, "Frecuencia provincia": 0.019022, "Frecuencia región": 0.018986, "cod_comuna": "13203"}, {"comuna": "LAS CONDES", "region": "13. REGION METROPOLITANA DE SANTIAGO", "provincia": "Santiago", "totalapellido": 23, "totalcomuna": 269517, "prct_apellido": 0.0085, "Frecuencia provincia": 0.017023, "Frecuencia región": 0.018986, "cod_comuna": "13114"}, {"comuna": "COLTAUCO", "region": "06. REGION DEL LIBERTADOR GENERAL BERNARDO O'HIGGINS", "provincia": "Cachapoal", "totalapellido": 1, "totalcomuna": 16168, "prct_apellido": 0.0062, "Frecuencia provincia": 0.061427, "Frecuencia región": 0.074338, "cod_comuna": "06104"}, {"comuna": "OLMUE", "region": "05. REGION DE VALPARAISO", "provincia": "Marga Marga", "totalapellido": 2, "totalcomuna": 16406, "prct_apellido": 0.0122, "Frecuencia provincia": 0.034753, "Frecuencia región": 0.029341, "cod_comuna": "05803"}, {"comuna": "FRUTILLAR", "region": "10. REGION DE LOS LAGOS", "provincia": "Llanquihue", "totalapellido": 3, "totalcomuna": 16778, "prct_apellido": 0.0179, "Frecuencia provincia": 0.042563, "Frecuencia región": 0.052521, "cod_comuna": "10105"}, {"comuna": "QUILPUE", "region": "05. REGION DE VALPARAISO", "provincia": "Marga Marga", "totalapellido": 16, "totalcomuna": 134448, "prct_apellido": 0.0119, "Frecuencia provincia": 0.034753, "Frecuencia región": 0.029341, "cod_comuna": "05801"}, {"comuna": "LA REINA", "region": "13. REGION METROPOLITANA DE SANTIAGO", "provincia": "Santiago", "totalapellido": 5, "totalcomuna": 91556, "prct_apellido": 0.0055, "Frecuencia provincia": 0.017023, "Frecuencia región": 0.018986, "cod_comuna": "13113"}, {"comuna": "LOS ANDES", "region": "05. REGION DE VALPARAISO", "provincia": "Los Andes", "totalapellido": 8, "totalcomuna": 55969, "prct_apellido": 0.0143, "Frecuencia provincia": 0.083664, "Frecuencia región": 0.029341, "cod_comuna": "05301"}, {"comuna": "QUINTA NORMAL", "region": "13. REGION METROPOLITANA DE SANTIAGO", "provincia": "Santiago", "totalapellido": 7, "totalcomuna": 102529, "prct_apellido": 0.0068, "Frecuencia provincia": 0.017023, "Frecuencia región": 0.018986, "cod_comuna": "13126"}, {"comuna": "MOSTAZAL", "region": "06. REGION DEL LIBERTADOR GENERAL BERNARDO O'HIGGINS", "provincia": "Cachapoal", "totalapellido": 7, "totalcomuna": 20983, "prct_apellido": 0.0334, "Frecuencia provincia": 0.061427, "Frecuencia región": 0.074338, "cod_comuna": "06110"}, {"comuna": "ESTACION CENTRAL", "region": "13. REGION METROPOLITANA DE SANTIAGO", "provincia": "Santiago", "totalapellido": 13, "totalcomuna": 127214, "prct_apellido": 0.0102, "Frecuencia provincia": 0.017023, "Frecuencia región": 0.018986, "cod_comuna": "13106"}, {"comuna": "VIÑA DEL MAR", "region": "05. REGION DE VALPARAISO", "provincia": "Valparaíso", "totalapellido": 15, "totalcomuna": 301370, "prct_apellido": 0.005, "Frecuencia provincia": 0.017698, "Frecuencia región": 0.029341, "cod_comuna": "05109"}, {"comuna": "LA FLORIDA", "region": "13. REGION METROPOLITANA DE SANTIAGO", "provincia": "Santiago", "totalapellido": 19, "totalcomuna": 307414, "prct_apellido": 0.0062, "Frecuencia provincia": 0.017023, "Frecuencia región": 0.018986, "cod_comuna": "13110"}, {"comuna": "VICUÑA", "region": "04. REGION DE COQUIMBO", "provincia": "Elqui", "totalapellido": 1, "totalcomuna": 23678, "prct_apellido": 0.0042, "Frecuencia provincia": 0.034381, "Frecuencia región": 0.046565, "cod_comuna": "04106"}, {"comuna": "MELIPILLA", "region": "13. REGION METROPOLITANA DE SANTIAGO", "provincia": "Melipilla", "totalapellido": 12, "totalcomuna": 97217, "prct_apellido": 0.0123, "Frecuencia provincia": 0.072308, "Frecuencia región": 0.018986, "cod_comuna": "13501"}, {"comuna": "LA SERENA", "region": "04. REGION DE COQUIMBO", "provincia": "Elqui", "totalapellido": 10, "totalcomuna": 174853, "prct_apellido": 0.0057, "Frecuencia provincia": 0.034381, "Frecuencia región": 0.046565, "cod_comuna": "04101"}, {"comuna": "LA PINTANA", "region": "13. REGION METROPOLITANA DE SANTIAGO", "provincia": "Santiago", "totalapellido": 7, "totalcomuna": 139100, "prct_apellido": 0.005, "Frecuencia provincia": 0.017023, "Frecuencia región": 0.018986, "cod_comuna": "13112"}, {"comuna": "ÑUÑOA", "region": "13. REGION METROPOLITANA DE SANTIAGO", "provincia": "Santiago", "totalapellido": 13, "totalcomuna": 197198, "prct_apellido": 0.0066, "Frecuencia provincia": 0.017023, "Frecuencia región": 0.018986, "cod_comuna": "13120"}, {"comuna": "PROVIDENCIA", "region": "13. REGION METROPOLITANA DE SANTIAGO", "provincia": "Santiago", "totalapellido": 9, "totalcomuna": 170255, "prct_apellido": 0.0053, "Frecuencia provincia": 0.017023, "Frecuencia región": 0.018986, "cod_comuna": "13123"}, {"comuna": "PEDRO AGUIRRE CERDA", "region": "13. REGION METROPOLITANA DE SANTIAGO", "provincia": "Santiago", "totalapellido": 9, "totalcomuna": 93161, "prct_apellido": 0.0097, "Frecuencia provincia": 0.017023, "Frecuencia región": 0.018986, "cod_comuna": "13121"}, {"comuna": "RANCAGUA", "region": "06. REGION DEL LIBERTADOR GENERAL BERNARDO O'HIGGINS", "provincia": "Cachapoal", "totalapellido": 9, "totalcomuna": 194487, "prct_apellido": 0.0046, "Frecuencia provincia": 0.061427, "Frecuencia región": 0.074338, "cod_comuna": "06101"}, {"comuna": "SAN BERNARDO", "region": "13. REGION METROPOLITANA DE SANTIAGO", "provincia": "Maipo", "totalapellido": 13, "totalcomuna": 228196, "prct_apellido": 0.0057, "Frecuencia provincia": 0.033289, "Frecuencia región": 0.018986, "cod_comuna": "13401"}, {"comuna": "MACUL", "region": "13. REGION METROPOLITANA DE SANTIAGO", "provincia": "Santiago", "totalapellido": 6, "totalcomuna": 101340, "prct_apellido": 0.0059, "Frecuencia provincia": 0.017023, "Frecuencia región": 0.018986, "cod_comuna": "13118"}, {"comuna": "SANTIAGO", "region": "13. REGION METROPOLITANA DE SANTIAGO", "provincia": "Santiago", "totalapellido": 15, "totalcomuna": 340282, "prct_apellido": 0.0044, "Frecuencia provincia": 0.017023, "Frecuencia región": 0.018986, "cod_comuna": "13101"}, {"comuna": "VALPARAISO", "region": "05. REGION DE VALPARAISO", "provincia": "Valparaíso", "totalapellido": 30, "totalcomuna": 290125, "prct_apellido": 0.0103, "Frecuencia provincia": 0.017698, "Frecuencia región": 0.029341, "cod_comuna": "05101"}, {"comuna": "MACHALI", "region": "06. REGION DEL LIBERTADOR GENERAL BERNARDO O'HIGGINS", "provincia": "Cachapoal", "totalapellido": 2, "totalcomuna": 37103, "prct_apellido": 0.0054, "Frecuencia provincia": 0.061427, "Frecuencia región": 0.074338, "cod_comuna": "06108"}, {"comuna": "CONCON", "region": "05. REGION DE VALPARAISO", "provincia": "Valparaíso", "totalapellido": 1, "totalcomuna": 39439, "prct_apellido": 0.0025, "Frecuencia provincia": 0.017698, "Frecuencia región": 0.029341, "cod_comuna": "05103"}, {"comuna": "SAN VICENTE", "region": "06. REGION DEL LIBERTADOR GENERAL BERNARDO O'HIGGINS", "provincia": "Cachapoal", "totalapellido": 1, "totalcomuna": 40523, "prct_apellido": 0.0025, "Frecuencia provincia": 0.061427, "Frecuencia región": 0.074338, "cod_comuna": "06117"}, {"comuna": "LINARES", "region": "07. REGION DEL MAULE", "provincia": "Linares", "totalapellido": 5, "totalcomuna": 81744, "prct_apellido": 0.0061, "Frecuencia provincia": 0.120949, "Frecuencia región": 0.082553, "cod_comuna": "07401"}, {"comuna": "SAN RAMON", "region": "13. REGION METROPOLITANA DE SANTIAGO", "provincia": "Santiago", "totalapellido": 9, "totalcomuna": 81793, "prct_apellido": 0.011, "Frecuencia provincia": 0.017023, "Frecuencia región": 0.018986, "cod_comuna": "13131"}, {"comuna": "SAN JOAQUIN", "region": "13. REGION METROPOLITANA DE SANTIAGO", "provincia": "Santiago", "totalapellido": 4, "totalcomuna": 82325, "prct_apellido": 0.0049, "Frecuencia provincia": 0.017023, "Frecuencia región": 0.018986, "cod_comuna": "13129"}, {"comuna": "PUERTO VARAS", "region": "10. REGION DE LOS LAGOS", "provincia": "Llanquihue", "totalapellido": 1, "totalcomuna": 42326, "prct_apellido": 0.0024, "Frecuencia provincia": 0.042563, "Frecuencia región": 0.052521, "cod_comuna": "10109"}, {"comuna": "LO PRADO", "region": "13. REGION METROPOLITANA DE SANTIAGO", "provincia": "Santiago", "totalapellido": 4, "totalcomuna": 88885, "prct_apellido": 0.0045, "Frecuencia provincia": 0.017023, "Frecuencia región": 0.018986, "cod_comuna": "13117"}, {"comuna": "COLINA", "region": "13. REGION METROPOLITANA DE SANTIAGO", "provincia": "Chacabuco", "totalapellido": 5, "totalcomuna": 90446, "prct_apellido": 0.0055, "Frecuencia provincia": 0.035407, "Frecuencia región": 0.018986, "cod_comuna": "13301"}, {"comuna": "QUILICURA", "region": "13. REGION METROPOLITANA DE SANTIAGO", "provincia": "Santiago", "totalapellido": 8, "totalcomuna": 139914, "prct_apellido": 0.0057, "Frecuencia provincia": 0.017023, "Frecuencia región": 0.018986, "cod_comuna": "13125"}, {"comuna": "RENGO", "region": "06. REGION DEL LIBERTADOR GENERAL BERNARDO O'HIGGINS", "provincia": "Cachapoal", "totalapellido": 2, "totalcomuna": 48595, "prct_apellido": 0.0041, "Frecuencia provincia": 0.061427, "Frecuencia región": 0.074338, "cod_comuna": "06115"}, {"comuna": "PAINE", "region": "13. REGION METROPOLITANA DE SANTIAGO", "provincia": "Maipo", "totalapellido": 1, "totalcomuna": 53793, "prct_apellido": 0.0019, "Frecuencia provincia": 0.033289, "Frecuencia región": 0.018986, "cod_comuna": "13404"}, {"comuna": "SAN FERNANDO", "region": "06. REGION DEL LIBERTADOR GENERAL BERNARDO O'HIGGINS", "provincia": "Colchagua", "totalapellido": 1, "totalcomuna": 62989, "prct_apellido": 0.0016, "Frecuencia provincia": 0.12967, "Frecuencia región": 0.074338, "cod_comuna": "06301"}, {"comuna": "PEÑALOLEN", "region": "13. REGION METROPOLITANA DE SANTIAGO", "provincia": "Santiago", "totalapellido": 8, "totalcomuna": 191707, "prct_apellido": 0.0042, "Frecuencia provincia": 0.017023, "Frecuencia región": 0.018986, "cod_comuna": "13122"}, {"comuna": "CONCEPCION", "region": "08. REGION DEL BIOBIO", "provincia": "Concepción", "totalapellido": 8, "totalcomuna": 201066, "prct_apellido": 0.004, "Frecuencia provincia": 0.045559, "Frecuencia región": 0.056049, "cod_comuna": "08101"}, {"comuna": "PEÑAFLOR", "region": "13. REGION METROPOLITANA DE SANTIAGO", "provincia": "Talagante", "totalapellido": 5, "totalcomuna": 72543, "prct_apellido": 0.0069, "Frecuencia provincia": 0.065142, "Frecuencia región": 0.018986, "cod_comuna": "13605"}, {"comuna": "BUIN", "region": "13. REGION METROPOLITANA DE SANTIAGO", "provincia": "Maipo", "totalapellido": 2, "totalcomuna": 75333, "prct_apellido": 0.0027, "Frecuencia provincia": 0.033289, "Frecuencia región": 0.018986, "cod_comuna": "13402"}, {"comuna": "LO BARNECHEA", "region": "13. REGION METROPOLITANA DE SANTIAGO", "provincia": "Santiago", "totalapellido": 2, "totalcomuna": 82669, "prct_apellido": 0.0024, "Frecuencia provincia": 0.017023, "Frecuencia región": 0.018986, "cod_comuna": "13115"}, {"comuna": "VITACURA", "region": "13. REGION METROPOLITANA DE SANTIAGO", "provincia": "Santiago", "totalapellido": 1, "totalcomuna": 89311, "prct_apellido": 0.0011, "Frecuencia provincia": 0.017023, "Frecuencia región": 0.018986, "cod_comuna": "13132"}, {"comuna": "TALCA", "region": "07. REGION DEL MAULE", "provincia": "Talca", "totalapellido": 2, "totalcomuna": 179640, "prct_apellido": 0.0011, "Frecuencia provincia": 0.062885, "Frecuencia región": 0.082553, "cod_comuna": "07101"}, {"comuna": "ARICA", "region": "15. REGION DE ARICA Y PARINACOTA", "provincia": "Arica", "totalapellido": 6, "totalcomuna": 180060, "prct_apellido": 0.0033, "Frecuencia provincia": 0.025797, "Frecuencia región": 0.026725, "cod_comuna": "15101"}, {"comuna": "LO ESPEJO", "region": "13. REGION METROPOLITANA DE SANTIAGO", "provincia": "Santiago", "totalapellido": 2, "totalcomuna": 90849, "prct_apellido": 0.0022, "Frecuencia provincia": 0.017023, "Frecuencia región": 0.018986, "cod_comuna": "13116"}, {"comuna": "OVALLE", "region": "04. REGION DE COQUIMBO", "provincia": "Limarí", "totalapellido": 1, "totalcomuna": 91832, "prct_apellido": 0.0011, "Frecuencia provincia": 0.102708, "Frecuencia región": 0.046565, "cod_comuna": "04301"}, {"comuna": "VILLA ALEMANA", "region": "05. REGION DE VALPARAISO", "provincia": "Marga Marga", "totalapellido": 5, "totalcomuna": 98544, "prct_apellido": 0.0051, "Frecuencia provincia": 0.034753, "Frecuencia región": 0.029341, "cod_comuna": "05804"}, {"comuna": "PUENTE ALTO", "region": "13. REGION METROPOLITANA DE SANTIAGO", "provincia": "Cordillera", "totalapellido": 10, "totalcomuna": 399739, "prct_apellido": 0.0025, "Frecuencia provincia": 0.019022, "Frecuencia región": 0.018986, "cod_comuna": "13201"}, {"comuna": "SAN MIGUEL", "region": "13. REGION METROPOLITANA DE SANTIAGO", "provincia": "Santiago", "totalapellido": 2, "totalcomuna": 105090, "prct_apellido": 0.0019, "Frecuencia provincia": 0.017023, "Frecuencia región": 0.018986, "cod_comuna": "13130"}, {"comuna": "CERRO NAVIA", "region": "13. REGION METROPOLITANA DE SANTIAGO", "provincia": "Santiago", "totalapellido": 2, "totalcomuna": 115479, "prct_apellido": 0.0017, "Frecuencia provincia": 0.017023, "Frecuencia región": 0.018986, "cod_comuna": "13103"}, {"comuna": "RENCA", "region": "13. REGION METROPOLITANA DE SANTIAGO", "provincia": "Santiago", "totalapellido": 5, "totalcomuna": 116730, "prct_apellido": 0.0043, "Frecuencia provincia": 0.017023, "Frecuencia región": 0.018986, "cod_comuna": "13128"}, {"comuna": "PUNTA ARENAS", "region": "12. REGION DE MAGALLANES Y DE LA ANTARTICA CHILENA", "provincia": "Magallanes", "totalapellido": 1, "totalcomuna": 122525, "prct_apellido": 0.0008, "Frecuencia provincia": 0.031287, "Frecuencia región": 0.037004, "cod_comuna": "12101"}, {"comuna": "COPIAPO", "region": "03. REGION DE ATACAMA", "provincia": "Copiapó", "totalapellido": 2, "totalcomuna": 123973, "prct_apellido": 0.0016, "Frecuencia provincia": 0.043922, "Frecuencia región": 0.058317, "cod_comuna": "03101"}, {"comuna": "EL BOSQUE", "region": "13. REGION METROPOLITANA DE SANTIAGO", "provincia": "Santiago", "totalapellido": 8, "totalcomuna": 137677, "prct_apellido": 0.0058, "Frecuencia provincia": 0.017023, "Frecuencia región": 0.018986, "cod_comuna": "13105"}, {"comuna": "OSORNO", "region": "10. REGION DE LOS LAGOS", "provincia": "Osorno", "totalapellido": 1, "totalcomuna": 143162, "prct_apellido": 0.0007, "Frecuencia provincia": 0.047856, "Frecuencia región": 0.052521, "cod_comuna": "10301"}, {"comuna": "PUDAHUEL", "region": "13. REGION METROPOLITANA DE SANTIAGO", "provincia": "Santiago", "totalapellido": 7, "totalcomuna": 168984, "prct_apellido": 0.0041, "Frecuencia provincia": 0.017023, "Frecuencia región": 0.018986, "cod_comuna": "13124"}, {"comuna": "PUERTO MONTT", "region": "10. REGION DE LOS LAGOS", "provincia": "Llanquihue", "totalapellido": 5, "totalcomuna": 186565, "prct_apellido": 0.0027, "Frecuencia provincia": 0.042563, "Frecuencia región": 0.052521, "cod_comuna": "10101"}, {"comuna": "TEMUCO", "region": "09. REGION DE LA ARAUCANIA", "provincia": "Cautín", "totalapellido": 1, "totalcomuna": 236909, "prct_apellido": 0.0004, "Frecuencia provincia": 0.043946, "Frecuencia región": 0.051873, "cod_comuna": "09101"}], "provincias": [], "regiones": []}