{"apellido": "CHIOCCA", "slug": "chiocca", "comunas": [{"comuna": "CHEPICA", "region": "06. REGION DEL LIBERTADOR GENERAL BERNARDO O'HIGGINS", "provincia": "Colchagua", "totalapellido": 2, "totalcomuna": 13750, "prct_apellido": 0.0145, "Frecuencia provincia": 0.12967, "Frecuencia región": 0.074338, "cod_comuna": "06302"}, {"comuna": "SANTIAGO", "region": "13. REGION METROPOLITANA DE SANTIAGO", "provincia": "Santiago", "totalapellido": 1, "totalcomuna": 340282, "prct_apellido": 0.0003, "Frecuencia provincia": 0.017023, "Frecuencia región": 0.018986, "cod_comuna": "13101"}], "provincias": [], "regiones": []}