{"apellido": "CHIPON", "slug": "chipon", "comunas": [{"comuna": "LA UNION", "region": "14. REGION DE LOS RIOS", "provincia": "Ranco", "totalapellido": 23, "totalcomuna": 35754, "prct_apellido": 0.0643, "Frecuencia provincia": 0.112447, "Frecuencia región": 0.0544, "cod_comuna": "14201"}, {"comuna": "LO PRADO", "region": "13. REGION METROPOLITANA DE SANTIAGO", "provincia": "Santiago", "totalapellido": 8, "totalcomuna": 88885, "prct_apellido": 0.009, "Frecuencia provincia": 0.017023, "Frecuencia región": 0.018986, "cod_comuna": "13117"}, {"comuna": "PICHIDEGUA", "region": "06. REGION DEL LIBERTADOR GENERAL BERNARDO O'HIGGINS", "provincia": "Cachapoal", "totalapellido": 1, "totalcomuna": 16858, "prct_apellido": 0.0059, "Frecuencia provincia": 0.061427, "Frecuencia región": 0.074338, "cod_comuna": "06113"}, {"comuna": "MARIQUINA", "region": "14. REGION DE LOS RIOS", "provincia": "Valdivia", "totalapellido": 2, "totalcomuna": 18993, "prct_apellido": 0.0105, "Frecuencia provincia": 0.046113, "Frecuencia región": 0.0544, "cod_comuna": "14106"}, {"comuna": "LOS LAGOS", "region": "14. REGION DE LOS RIOS", "provincia": "Valdivia", "totalapellido": 2, "totalcomuna": 19069, "prct_apellido": 0.0105, "Frecuencia provincia": 0.046113, "Frecuencia región": 0.0544, "cod_comuna": "14104"}, {"comuna": "VALDIVIA", "region": "14. REGION DE LOS RIOS", "provincia": "Valdivia", "totalapellido": 10, "totalcomuna": 138619, "prct_apellido": 0.0072, "Frecuencia provincia": 0.046113, "Frecuencia región": 0.0544, "cod_comuna": "14101"}, {"comuna": "MACUL", "region": "13. REGION METROPOLITANA DE SANTIAGO", "provincia": "Santiago", "totalapellido": 2, "totalcomuna": 101340, "prct_apellido": 0.002, "Frecuencia provincia": 0.017023, "Frecuencia región": 0.018986, "cod_comuna": "13118"}, {"comuna": "LO BARNECHEA", "region": "13. REGION METROPOLITANA DE SANTIAGO", "provincia": "Santiago", "totalapellido": 1, "totalcomuna": 82669, "prct_apellido": 0.0012, "Frecuencia provincia": 0.017023, "Frecuencia región": 0.018986, "cod_comuna": "13115"}, {"comuna": "ESTACION CENTRAL", "region": "13. REGION METROPOLITANA DE SANTIAGO", "provincia": "Santiago", "totalapellido": 2, "totalcomuna": 127214, "prct_apellido": 0.0016, "Frecuencia provincia": 0.017023, "Frecuencia región": 0.018986, "cod_comuna": "13106"}, {"comuna": "OSORNO", "region": "10. REGION DE LOS LAGOS", "provincia": "Osorno", "totalapellido": 4, "totalcomuna": 143162, "prct_apellido": 0.0028, "Frecuencia provincia": 0.047856, "Frecuencia región": 0.052521, "cod_comuna": "10301"}, {"comuna": "SANTIAGO", "region": "13. REGION METROPOLITANA DE SANTIAGO", "provincia": "Santiago", "totalapellido": 5, "totalcomuna": 340282, "prct_apellido": 0.0015, "Frecuencia provincia": 0.017023, "Frecuencia región": 0.018986, "cod_comuna": "13101"}, {"comuna": "ANTOFAGASTA", "region": "02. REGION DE ANTOFAGASTA", "provincia": "Antofagasta", "totalapellido": 1, "totalcomuna": 286950, "prct_apellido": 0.0003, "Frecuencia provincia": 0.020817, "Frecuencia región": 0.025007, "cod_comuna": "02101"}, {"comuna": "LA FLORIDA", "region": "13. REGION METROPOLITANA DE SANTIAGO", "provincia": "Santiago", "totalapellido": 2, "totalcomuna": 307414, "prct_apellido": 0.0007, "Frecuencia provincia": 0.017023, "Frecuencia región": 0.018986, "cod_comuna": "13110"}, {"comuna": "PUENTE ALTO", "region": "13. REGION METROPOLITANA DE SANTIAGO", "provincia": "Cordillera", "totalapellido": 2, "totalcomuna": 399739, "prct_apellido": 0.0005, "Frecuencia provincia": 0.019022, "Frecuencia región": 0.018986, "cod_comuna": "13201"}], "provincias": [], "regiones": []}