{"apellido": "CHIRIGUAYA", "slug": "chiriguaya", "comunas": [{"comuna": "CASABLANCA", "region": "05. REGION DE VALPARAISO", "provincia": "Valparaíso", "totalapellido": 1, "totalcomuna": 22469, "prct_apellido": 0.0045, "Frecuencia provincia": 0.017698, "Frecuencia región": 0.029341, "cod_comuna": "05102"}, {"comuna": "ALTO HOSPICIO", "region": "01. REGION DE TARAPACA", "provincia": "Iquique", "totalapellido": 4, "totalcomuna": 58683, "prct_apellido": 0.0068, "Frecuencia provincia": 0.023146, "Frecuencia región": 0.02576, "cod_comuna": "01107"}, {"comuna": "ESTACION CENTRAL", "region": "13. REGION METROPOLITANA DE SANTIAGO", "provincia": "Santiago", "totalapellido": 1, "totalcomuna": 127214, "prct_apellido": 0.0008, "Frecuencia provincia": 0.017023, "Frecuencia región": 0.018986, "cod_comuna": "13106"}, {"comuna": "IQUIQUE", "region": "01. REGION DE TARAPACA", "provincia": "Iquique", "totalapellido": 1, "totalcomuna": 167553, "prct_apellido": 0.0006, "Frecuencia provincia": 0.023146, "Frecuencia región": 0.02576, "cod_comuna": "01101"}, {"comuna": "MAIPU", "region": "13. REGION METROPOLITANA DE SANTIAGO", "provincia": "Santiago", "totalapellido": 2, "totalcomuna": 389758, "prct_apellido": 0.0005, "Frecuencia provincia": 0.017023, "Frecuencia región": 0.018986, "cod_comuna": "13119"}], "provincias": [], "regiones": []}