{"apellido": "CHIROS", "slug": "chiros", "comunas": [{"comuna": "LAUTARO", "region": "09. REGION DE LA ARAUCANIA", "provincia": "Cautín", "totalapellido": 1, "totalcomuna": 34252, "prct_apellido": 0.0029, "Frecuencia provincia": 0.043946, "Frecuencia región": 0.051873, "cod_comuna": "09108"}, {"comuna": "LAS CONDES", "region": "13. REGION METROPOLITANA DE SANTIAGO", "provincia": "Santiago", "totalapellido": 8, "totalcomuna": 269517, "prct_apellido": 0.003, "Frecuencia provincia": 0.017023, "Frecuencia región": 0.018986, "cod_comuna": "13114"}, {"comuna": "HUECHURABA", "region": "13. REGION METROPOLITANA DE SANTIAGO", "provincia": "Santiago", "totalapellido": 1, "totalcomuna": 73498, "prct_apellido": 0.0014, "Frecuencia provincia": 0.017023, "Frecuencia región": 0.018986, "cod_comuna": "13107"}], "provincias": [], "regiones": []}