{"apellido": "CHON", "slug": "chon", "comunas": [{"comuna": "CALDERA", "region": "03. REGION DE ATACAMA", "provincia": "Copiapó", "totalapellido": 2, "totalcomuna": 15024, "prct_apellido": 0.0133, "Frecuencia provincia": 0.043922, "Frecuencia región": 0.058317, "cod_comuna": "03102"}, {"comuna": "SAN JOSE DE MAIPO", "region": "13. REGION METROPOLITANA DE SANTIAGO", "provincia": "Cordillera", "totalapellido": 1, "totalcomuna": 15853, "prct_apellido": 0.0063, "Frecuencia provincia": 0.019022, "Frecuencia región": 0.018986, "cod_comuna": "13203"}, {"comuna": "RECOLETA", "region": "13. REGION METROPOLITANA DE SANTIAGO", "provincia": "Santiago", "totalapellido": 5, "totalcomuna": 142696, "prct_apellido": 0.0035, "Frecuencia provincia": 0.017023, "Frecuencia región": 0.018986, "cod_comuna": "13127"}, {"comuna": "SAN RAMON", "region": "13. REGION METROPOLITANA DE SANTIAGO", "provincia": "Santiago", "totalapellido": 3, "totalcomuna": 81793, "prct_apellido": 0.0037, "Frecuencia provincia": 0.017023, "Frecuencia región": 0.018986, "cod_comuna": "13131"}, {"comuna": "MACUL", "region": "13. REGION METROPOLITANA DE SANTIAGO", "provincia": "Santiago", "totalapellido": 1, "totalcomuna": 101340, "prct_apellido": 0.001, "Frecuencia provincia": 0.017023, "Frecuencia región": 0.018986, "cod_comuna": "13118"}, {"comuna": "RENCA", "region": "13. REGION METROPOLITANA DE SANTIAGO", "provincia": "Santiago", "totalapellido": 2, "totalcomuna": 116730, "prct_apellido": 0.0017, "Frecuencia provincia": 0.017023, "Frecuencia región": 0.018986, "cod_comuna": "13128"}, {"comuna": "COQUIMBO", "region": "04. REGION DE COQUIMBO", "provincia": "Elqui", "totalapellido": 3, "totalcomuna": 167854, "prct_apellido": 0.0018, "Frecuencia provincia": 0.034381, "Frecuencia región": 0.046565, "cod_comuna": "04102"}, {"comuna": "SANTIAGO", "region": "13. REGION METROPOLITANA DE SANTIAGO", "provincia": "Santiago", "totalapellido": 3, "totalcomuna": 340282, "prct_apellido": 0.0009, "Frecuencia provincia": 0.017023, "Frecuencia región": 0.018986, "cod_comuna": "13101"}], "provincias": [], "regiones": []}