{"apellido": "CHOQUERA", "slug": "choquera", "comunas": [{"comuna": "GENERAL LAGOS", "region": "15. REGION DE ARICA Y PARINACOTA", "provincia": "Parinacota", "totalapellido": 3, "totalcomuna": 2006, "prct_apellido": 0.1496, "Frecuencia provincia": 0.189111, "Frecuencia región": 0.026725, "cod_comuna": "15202"}, {"comuna": "PUTRE", "region": "15. REGION DE ARICA Y PARINACOTA", "provincia": "Parinacota", "totalapellido": 6, "totalcomuna": 6059, "prct_apellido": 0.099, "Frecuencia provincia": 0.189111, "Frecuencia región": 0.026725, "cod_comuna": "15201"}, {"comuna": "CAMARONES", "region": "15. REGION DE ARICA Y PARINACOTA", "provincia": "Arica", "totalapellido": 1, "totalcomuna": 3392, "prct_apellido": 0.0295, "Frecuencia provincia": 0.025797, "Frecuencia región": 0.026725, "cod_comuna": "15102"}, {"comuna": "ARICA", "region": "15. REGION DE ARICA Y PARINACOTA", "provincia": "Arica", "totalapellido": 19, "totalcomuna": 180060, "prct_apellido": 0.0106, "Frecuencia provincia": 0.025797, "Frecuencia región": 0.026725, "cod_comuna": "15101"}], "provincias": [], "regiones": []}