{"apellido": "CHOQUERIVE", "slug": "choquerive", "comunas": [{"comuna": "CALAMA", "region": "02. REGION DE ANTOFAGASTA", "provincia": "El Loa", "totalapellido": 16, "totalcomuna": 132333, "prct_apellido": 0.0121, "Frecuencia provincia": 0.035053, "Frecuencia región": 0.025007, "cod_comuna": "02201"}, {"comuna": "ARICA", "region": "15. REGION DE ARICA Y PARINACOTA", "provincia": "Arica", "totalapellido": 4, "totalcomuna": 180060, "prct_apellido": 0.0022, "Frecuencia provincia": 0.025797, "Frecuencia región": 0.026725, "cod_comuna": "15101"}], "provincias": [], "regiones": []}