{"apellido": "CHORA", "slug": "chora", "comunas": [{"comuna": "INDEPENDENCIA", "region": "13. REGION METROPOLITANA DE SANTIAGO", "provincia": "Santiago", "totalapellido": 1, "totalcomuna": 82629, "prct_apellido": 0.0012, "Frecuencia provincia": 0.017023, "Frecuencia región": 0.018986, "cod_comuna": "13108"}, {"comuna": "IQUIQUE", "region": "01. REGION DE TARAPACA", "provincia": "Iquique", "totalapellido": 1, "totalcomuna": 167553, "prct_apellido": 0.0006, "Frecuencia provincia": 0.023146, "Frecuencia región": 0.02576, "cod_comuna": "01101"}, {"comuna": "ARICA", "region": "15. REGION DE ARICA Y PARINACOTA", "provincia": "Arica", "totalapellido": 4, "totalcomuna": 180060, "prct_apellido": 0.0022, "Frecuencia provincia": 0.025797, "Frecuencia región": 0.026725, "cod_comuna": "15101"}], "provincias": [], "regiones": []}