{"apellido": "ABALOS", "slug": "abalos", "comunas": [{"comuna": "LA HIGUERA", "region": "04. REGION DE COQUIMBO", "provincia": "Elqui", "totalapellido": 34, "totalcomuna": 4505, "prct_apellido": 0.7547, "Frecuencia provincia": 0.034381, "Frecuencia región": 0.046565, "cod_comuna": "04104"}, {"comuna": "PUNITAQUI", "region": "04. REGION DE COQUIMBO", "provincia": "Limarí", "totalapellido": 32, "totalcomuna": 10763, "prct_apellido": 0.2973, "Frecuencia provincia": 0.102708, "Frecuencia región": 0.046565, "cod_comuna": "04304"}, {"comuna": "RIO VERDE", "region": "12. REGION DE MAGALLANES Y DE LA ANTARTICA CHILENA", "provincia": "Magallanes", "totalapellido": 2, "totalcomuna": 883, "prct_apellido": 0.2265, "Frecuencia provincia": 0.031287, "Frecuencia región": 0.037004, "cod_comuna": "12103"}, {"comuna": "LLAILLAY", "region": "05. REGION DE VALPARAISO", "provincia": "San Felipe de Aconcagua", "totalapellido": 30, "totalcomuna": 20915, "prct_apellido": 0.1434, "Frecuencia provincia": 0.102948, "Frecuencia región": 0.029341, "cod_comuna": "05703"}, {"comuna": "COMBARBALA", "region": "04. REGION DE COQUIMBO", "provincia": "Limarí", "totalapellido": 15, "totalcomuna": 12550, "prct_apellido": 0.1195, "Frecuencia provincia": 0.102708, "Frecuencia región": 0.046565, "cod_comuna": "04302"}, {"comuna": "LOS VILOS", "region": "04. REGION DE COQUIMBO", "provincia": "Choapa", "totalapellido": 20, "totalcomuna": 18266, "prct_apellido": 0.1095, "Frecuencia provincia": 0.165554, "Frecuencia región": 0.046565, "cod_comuna": "04203"}, {"comuna": "CABILDO", "region": "05. REGION DE VALPARAISO", "provincia": "Petorca", "totalapellido": 14, "totalcomuna": 18038, "prct_apellido": 0.0776, "Frecuencia provincia": 0.160073, "Frecuencia región": 0.029341, "cod_comuna": "05402"}, {"comuna": "CHAÑARAL", "region": "03. REGION DE ATACAMA", "provincia": "Chañaral", "totalapellido": 7, "totalcomuna": 12045, "prct_apellido": 0.0581, "Frecuencia provincia": 0.158476, "Frecuencia región": 0.058317, "cod_comuna": "03201"}, {"comuna": "LA LIGUA", "region": "05. REGION DE VALPARAISO", "provincia": "Petorca", "totalapellido": 18, "totalcomuna": 30181, "prct_apellido": 0.0596, "Frecuencia provincia": 0.160073, "Frecuencia región": 0.029341, "cod_comuna": "05401"}, {"comuna": "TIERRA AMARILLA", "region": "03. REGION DE ATACAMA", "provincia": "Copiapó", "totalapellido": 10, "totalcomuna": 12798, "prct_apellido": 0.0781, "Frecuencia provincia": 0.043922, "Frecuencia región": 0.058317, "cod_comuna": "03103"}, {"comuna": "DIEGO DE ALMAGRO", "region": "03. REGION DE ATACAMA", "provincia": "Chañaral", "totalapellido": 7, "totalcomuna": 13390, "prct_apellido": 0.0523, "Frecuencia provincia": 0.158476, "Frecuencia región": 0.058317, "cod_comuna": "03202"}, {"comuna": "OVALLE", "region": "04. REGION DE COQUIMBO", "provincia": "Limarí", "totalapellido": 54, "totalcomuna": 91832, "prct_apellido": 0.0588, "Frecuencia provincia": 0.102708, "Frecuencia región": 0.046565, "cod_comuna": "04301"}, {"comuna": "LO BARNECHEA", "region": "13. REGION METROPOLITANA DE SANTIAGO", "provincia": "Santiago", "totalapellido": 41, "totalcomuna": 82669, "prct_apellido": 0.0496, "Frecuencia provincia": 0.017023, "Frecuencia región": 0.018986, "cod_comuna": "13115"}, {"comuna": "ZAPALLAR", "region": "05. REGION DE VALPARAISO", "provincia": "Petorca", "totalapellido": 2, "totalcomuna": 8709, "prct_apellido": 0.023, "Frecuencia provincia": 0.160073, "Frecuencia región": 0.029341, "cod_comuna": "05405"}, {"comuna": "MONTE PATRIA", "region": "04. REGION DE COQUIMBO", "provincia": "Limarí", "totalapellido": 6, "totalcomuna": 28025, "prct_apellido": 0.0214, "Frecuencia provincia": 0.102708, "Frecuencia región": 0.046565, "cod_comuna": "04303"}, {"comuna": "RINCONADA", "region": "05. REGION DE VALPARAISO", "provincia": "Los Andes", "totalapellido": 6, "totalcomuna": 9470, "prct_apellido": 0.0634, "Frecuencia provincia": 0.083664, "Frecuencia región": 0.029341, "cod_comuna": "05303"}, {"comuna": "LA SERENA", "region": "04. REGION DE COQUIMBO", "provincia": "Elqui", "totalapellido": 70, "totalcomuna": 174853, "prct_apellido": 0.04, "Frecuencia provincia": 0.034381, "Frecuencia región": 0.046565, "cod_comuna": "04101"}, {"comuna": "CALERA", "region": "05. REGION DE VALPARAISO", "provincia": "Quillota", "totalapellido": 26, "totalcomuna": 44980, "prct_apellido": 0.0578, "Frecuencia provincia": 0.079787, "Frecuencia región": 0.029341, "cod_comuna": "05502"}, {"comuna": "EL MONTE", "region": "13. REGION METROPOLITANA DE SANTIAGO", "provincia": "Talagante", "totalapellido": 4, "totalcomuna": 27822, "prct_apellido": 0.0144, "Frecuencia provincia": 0.065142, "Frecuencia región": 0.018986, "cod_comuna": "13602"}, {"comuna": "SAN PEDRO DE ATACAMA", "region": "02. REGION DE ANTOFAGASTA", "provincia": "El Loa", "totalapellido": 1, "totalcomuna": 7194, "prct_apellido": 0.0139, "Frecuencia provincia": 0.035053, "Frecuencia región": 0.025007, "cod_comuna": "02203"}, {"comuna": "LA REINA", "region": "13. REGION METROPOLITANA DE SANTIAGO", "provincia": "Santiago", "totalapellido": 22, "totalcomuna": 91556, "prct_apellido": 0.024, "Frecuencia provincia": 0.017023, "Frecuencia región": 0.018986, "cod_comuna": "13113"}, {"comuna": "VITACURA", "region": "13. REGION METROPOLITANA DE SANTIAGO", "provincia": "Santiago", "totalapellido": 31, "totalcomuna": 89311, "prct_apellido": 0.0347, "Frecuencia provincia": 0.017023, "Frecuencia región": 0.018986, "cod_comuna": "13132"}, {"comuna": "CANELA", "region": "04. REGION DE COQUIMBO", "provincia": "Choapa", "totalapellido": 1, "totalcomuna": 9047, "prct_apellido": 0.0111, "Frecuencia provincia": 0.165554, "Frecuencia región": 0.046565, "cod_comuna": "04202"}, {"comuna": "CARTAGENA", "region": "05. REGION DE VALPARAISO", "provincia": "San Antonio", "totalapellido": 4, "totalcomuna": 18227, "prct_apellido": 0.0219, "Frecuencia provincia": 0.076723, "Frecuencia región": 0.029341, "cod_comuna": "05603"}, {"comuna": "DOÑIHUE", "region": "06. REGION DEL LIBERTADOR GENERAL BERNARDO O'HIGGINS", "provincia": "Cachapoal", "totalapellido": 2, "totalcomuna": 18424, "prct_apellido": 0.0109, "Frecuencia provincia": 0.061427, "Frecuencia región": 0.074338, "cod_comuna": "06105"}, {"comuna": "COQUIMBO", "region": "04. REGION DE COQUIMBO", "provincia": "Elqui", "totalapellido": 36, "totalcomuna": 167854, "prct_apellido": 0.0214, "Frecuencia provincia": 0.034381, "Frecuencia región": 0.046565, "cod_comuna": "04102"}, {"comuna": "LAS CONDES", "region": "13. REGION METROPOLITANA DE SANTIAGO", "provincia": "Santiago", "totalapellido": 55, "totalcomuna": 269517, "prct_apellido": 0.0204, "Frecuencia provincia": 0.017023, "Frecuencia región": 0.018986, "cod_comuna": "13114"}, {"comuna": "CONCON", "region": "05. REGION DE VALPARAISO", "provincia": "Valparaíso", "totalapellido": 10, "totalcomuna": 39439, "prct_apellido": 0.0254, "Frecuencia provincia": 0.017698, "Frecuencia región": 0.029341, "cod_comuna": "05103"}, {"comuna": "PURRANQUE", "region": "10. REGION DE LOS LAGOS", "provincia": "Osorno", "totalapellido": 2, "totalcomuna": 19882, "prct_apellido": 0.0101, "Frecuencia provincia": 0.047856, "Frecuencia región": 0.052521, "cod_comuna": "10303"}, {"comuna": "CUNCO", "region": "09. REGION DE LA ARAUCANIA", "provincia": "Cautín", "totalapellido": 2, "totalcomuna": 20001, "prct_apellido": 0.01, "Frecuencia provincia": 0.043946, "Frecuencia región": 0.051873, "cod_comuna": "09103"}, {"comuna": "COPIAPO", "region": "03. REGION DE ATACAMA", "provincia": "Copiapó", "totalapellido": 27, "totalcomuna": 123973, "prct_apellido": 0.0218, "Frecuencia provincia": 0.043922, "Frecuencia región": 0.058317, "cod_comuna": "03101"}, {"comuna": "ANDACOLLO", "region": "04. REGION DE COQUIMBO", "provincia": "Elqui", "totalapellido": 1, "totalcomuna": 11296, "prct_apellido": 0.0089, "Frecuencia provincia": 0.034381, "Frecuencia región": 0.046565, "cod_comuna": "04103"}, {"comuna": "SANTO DOMINGO", "region": "05. REGION DE VALPARAISO", "provincia": "San Antonio", "totalapellido": 2, "totalcomuna": 11535, "prct_apellido": 0.0173, "Frecuencia provincia": 0.076723, "Frecuencia región": 0.029341, "cod_comuna": "05606"}, {"comuna": "PROVIDENCIA", "region": "13. REGION METROPOLITANA DE SANTIAGO", "provincia": "Santiago", "totalapellido": 24, "totalcomuna": 170255, "prct_apellido": 0.0141, "Frecuencia provincia": 0.017023, "Frecuencia región": 0.018986, "cod_comuna": "13123"}, {"comuna": "MACHALI", "region": "06. REGION DEL LIBERTADOR GENERAL BERNARDO O'HIGGINS", "provincia": "Cachapoal", "totalapellido": 8, "totalcomuna": 37103, "prct_apellido": 0.0216, "Frecuencia provincia": 0.061427, "Frecuencia región": 0.074338, "cod_comuna": "06108"}, {"comuna": "PAINE", "region": "13. REGION METROPOLITANA DE SANTIAGO", "provincia": "Maipo", "totalapellido": 7, "totalcomuna": 53793, "prct_apellido": 0.013, "Frecuencia provincia": 0.033289, "Frecuencia región": 0.018986, "cod_comuna": "13404"}, {"comuna": "ALGARROBO", "region": "05. REGION DE VALPARAISO", "provincia": "San Antonio", "totalapellido": 1, "totalcomuna": 13779, "prct_apellido": 0.0073, "Frecuencia provincia": 0.076723, "Frecuencia región": 0.029341, "cod_comuna": "05602"}, {"comuna": "PUENTE ALTO", "region": "13. REGION METROPOLITANA DE SANTIAGO", "provincia": "Cordillera", "totalapellido": 51, "totalcomuna": 399739, "prct_apellido": 0.0128, "Frecuencia provincia": 0.019022, "Frecuencia región": 0.018986, "cod_comuna": "13201"}, {"comuna": "TALAGANTE", "region": "13. REGION METROPOLITANA DE SANTIAGO", "provincia": "Talagante", "totalapellido": 7, "totalcomuna": 58141, "prct_apellido": 0.012, "Frecuencia provincia": 0.065142, "Frecuencia región": 0.018986, "cod_comuna": "13601"}, {"comuna": "CHIMBARONGO", "region": "06. REGION DEL LIBERTADOR GENERAL BERNARDO O'HIGGINS", "provincia": "Colchagua", "totalapellido": 3, "totalcomuna": 30510, "prct_apellido": 0.0098, "Frecuencia provincia": 0.12967, "Frecuencia región": 0.074338, "cod_comuna": "06303"}, {"comuna": "COELEMU", "region": "16. REGION DE ÑUBLE", "provincia": "Itata", "totalapellido": 1, "totalcomuna": 15414, "prct_apellido": 0.0065, "Frecuencia provincia": 0.295621, "Frecuencia región": 0.0859, "cod_comuna": "16203"}, {"comuna": "PUCHUNCAVI", "region": "05. REGION DE VALPARAISO", "provincia": "Valparaíso", "totalapellido": 1, "totalcomuna": 16007, "prct_apellido": 0.0062, "Frecuencia provincia": 0.017698, "Frecuencia región": 0.029341, "cod_comuna": "05105"}, {"comuna": "LA CRUZ", "region": "05. REGION DE VALPARAISO", "provincia": "Quillota", "totalapellido": 1, "totalcomuna": 16329, "prct_apellido": 0.0061, "Frecuencia provincia": 0.079787, "Frecuencia región": 0.029341, "cod_comuna": "05504"}, {"comuna": "SAN JOAQUIN", "region": "13. REGION METROPOLITANA DE SANTIAGO", "provincia": "Santiago", "totalapellido": 8, "totalcomuna": 82325, "prct_apellido": 0.0097, "Frecuencia provincia": 0.017023, "Frecuencia región": 0.018986, "cod_comuna": "13129"}, {"comuna": "SANTIAGO", "region": "13. REGION METROPOLITANA DE SANTIAGO", "provincia": "Santiago", "totalapellido": 31, "totalcomuna": 340282, "prct_apellido": 0.0091, "Frecuencia provincia": 0.017023, "Frecuencia región": 0.018986, "cod_comuna": "13101"}, {"comuna": "QUILPUE", "region": "05. REGION DE VALPARAISO", "provincia": "Marga Marga", "totalapellido": 10, "totalcomuna": 134448, "prct_apellido": 0.0074, "Frecuencia provincia": 0.034753, "Frecuencia región": 0.029341, "cod_comuna": "05801"}, {"comuna": "LA PINTANA", "region": "13. REGION METROPOLITANA DE SANTIAGO", "provincia": "Santiago", "totalapellido": 15, "totalcomuna": 139100, "prct_apellido": 0.0108, "Frecuencia provincia": 0.017023, "Frecuencia región": 0.018986, "cod_comuna": "13112"}, {"comuna": "SAN FELIPE", "region": "05. REGION DE VALPARAISO", "provincia": "San Felipe de Aconcagua", "totalapellido": 8, "totalcomuna": 60075, "prct_apellido": 0.0133, "Frecuencia provincia": 0.102948, "Frecuencia región": 0.029341, "cod_comuna": "05701"}, {"comuna": "LINARES", "region": "07. REGION DEL MAULE", "provincia": "Linares", "totalapellido": 7, "totalcomuna": 81744, "prct_apellido": 0.0086, "Frecuencia provincia": 0.120949, "Frecuencia región": 0.082553, "cod_comuna": "07401"}, {"comuna": "MOSTAZAL", "region": "06. REGION DEL LIBERTADOR GENERAL BERNARDO O'HIGGINS", "provincia": "Cachapoal", "totalapellido": 2, "totalcomuna": 20983, "prct_apellido": 0.0095, "Frecuencia provincia": 0.061427, "Frecuencia región": 0.074338, "cod_comuna": "06110"}, {"comuna": "PUERTO VARAS", "region": "10. REGION DE LOS LAGOS", "provincia": "Llanquihue", "totalapellido": 4, "totalcomuna": 42326, "prct_apellido": 0.0095, "Frecuencia provincia": 0.042563, "Frecuencia región": 0.052521, "cod_comuna": "10109"}, {"comuna": "TOCOPILLA", "region": "02. REGION DE ANTOFAGASTA", "provincia": "Tocopilla", "totalapellido": 2, "totalcomuna": 22335, "prct_apellido": 0.009, "Frecuencia provincia": 0.11764, "Frecuencia región": 0.025007, "cod_comuna": "02301"}, {"comuna": "COLINA", "region": "13. REGION METROPOLITANA DE SANTIAGO", "provincia": "Chacabuco", "totalapellido": 10, "totalcomuna": 90446, "prct_apellido": 0.0111, "Frecuencia provincia": 0.035407, "Frecuencia región": 0.018986, "cod_comuna": "13301"}, {"comuna": "PIRQUE", "region": "13. REGION METROPOLITANA DE SANTIAGO", "provincia": "Cordillera", "totalapellido": 2, "totalcomuna": 22646, "prct_apellido": 0.0088, "Frecuencia provincia": 0.019022, "Frecuencia región": 0.018986, "cod_comuna": "13202"}, {"comuna": "VICUÑA", "region": "04. REGION DE COQUIMBO", "provincia": "Elqui", "totalapellido": 2, "totalcomuna": 23678, "prct_apellido": 0.0084, "Frecuencia provincia": 0.034381, "Frecuencia región": 0.046565, "cod_comuna": "04106"}, {"comuna": "ANTOFAGASTA", "region": "02. REGION DE ANTOFAGASTA", "provincia": "Antofagasta", "totalapellido": 13, "totalcomuna": 286950, "prct_apellido": 0.0045, "Frecuencia provincia": 0.020817, "Frecuencia región": 0.025007, "cod_comuna": "02101"}, {"comuna": "QUINTERO", "region": "05. REGION DE VALPARAISO", "provincia": "Valparaíso", "totalapellido": 3, "totalcomuna": 24756, "prct_apellido": 0.0121, "Frecuencia provincia": 0.017698, "Frecuencia región": 0.029341, "cod_comuna": "05107"}, {"comuna": "MACUL", "region": "13. REGION METROPOLITANA DE SANTIAGO", "provincia": "Santiago", "totalapellido": 8, "totalcomuna": 101340, "prct_apellido": 0.0079, "Frecuencia provincia": 0.017023, "Frecuencia región": 0.018986, "cod_comuna": "13118"}, {"comuna": "ESTACION CENTRAL", "region": "13. REGION METROPOLITANA DE SANTIAGO", "provincia": "Santiago", "totalapellido": 12, "totalcomuna": 127214, "prct_apellido": 0.0094, "Frecuencia provincia": 0.017023, "Frecuencia región": 0.018986, "cod_comuna": "13106"}, {"comuna": "SAN MIGUEL", "region": "13. REGION METROPOLITANA DE SANTIAGO", "provincia": "Santiago", "totalapellido": 11, "totalcomuna": 105090, "prct_apellido": 0.0105, "Frecuencia provincia": 0.017023, "Frecuencia región": 0.018986, "cod_comuna": "13130"}, {"comuna": "ISLA DE MAIPO", "region": "13. REGION METROPOLITANA DE SANTIAGO", "provincia": "Talagante", "totalapellido": 1, "totalcomuna": 27965, "prct_apellido": 0.0036, "Frecuencia provincia": 0.065142, "Frecuencia región": 0.018986, "cod_comuna": "13603"}, {"comuna": "RECOLETA", "region": "13. REGION METROPOLITANA DE SANTIAGO", "provincia": "Santiago", "totalapellido": 13, "totalcomuna": 142696, "prct_apellido": 0.0091, "Frecuencia provincia": 0.017023, "Frecuencia región": 0.018986, "cod_comuna": "13127"}, {"comuna": "CONCHALI", "region": "13. REGION METROPOLITANA DE SANTIAGO", "provincia": "Santiago", "totalapellido": 10, "totalcomuna": 118624, "prct_apellido": 0.0084, "Frecuencia provincia": 0.017023, "Frecuencia región": 0.018986, "cod_comuna": "13104"}, {"comuna": "MAIPU", "region": "13. REGION METROPOLITANA DE SANTIAGO", "provincia": "Santiago", "totalapellido": 21, "totalcomuna": 389758, "prct_apellido": 0.0054, "Frecuencia provincia": 0.017023, "Frecuencia región": 0.018986, "cod_comuna": "13119"}, {"comuna": "VICTORIA", "region": "09. REGION DE LA ARAUCANIA", "provincia": "Malleco", "totalapellido": 1, "totalcomuna": 32716, "prct_apellido": 0.0031, "Frecuencia provincia": 0.133465, "Frecuencia región": 0.051873, "cod_comuna": "09211"}, {"comuna": "ÑUÑOA", "region": "13. REGION METROPOLITANA DE SANTIAGO", "provincia": "Santiago", "totalapellido": 13, "totalcomuna": 197198, "prct_apellido": 0.0066, "Frecuencia provincia": 0.017023, "Frecuencia región": 0.018986, "cod_comuna": "13120"}, {"comuna": "CALAMA", "region": "02. REGION DE ANTOFAGASTA", "provincia": "El Loa", "totalapellido": 14, "totalcomuna": 132333, "prct_apellido": 0.0106, "Frecuencia provincia": 0.035053, "Frecuencia región": 0.025007, "cod_comuna": "02201"}, {"comuna": "CERRILLOS", "region": "13. REGION METROPOLITANA DE SANTIAGO", "provincia": "Santiago", "totalapellido": 2, "totalcomuna": 67537, "prct_apellido": 0.003, "Frecuencia provincia": 0.017023, "Frecuencia región": 0.018986, "cod_comuna": "13102"}, {"comuna": "LA FLORIDA", "region": "13. REGION METROPOLITANA DE SANTIAGO", "provincia": "Santiago", "totalapellido": 13, "totalcomuna": 307414, "prct_apellido": 0.0042, "Frecuencia provincia": 0.017023, "Frecuencia región": 0.018986, "cod_comuna": "13110"}, {"comuna": "VALPARAISO", "region": "05. REGION DE VALPARAISO", "provincia": "Valparaíso", "totalapellido": 19, "totalcomuna": 290125, "prct_apellido": 0.0065, "Frecuencia provincia": 0.017698, "Frecuencia región": 0.029341, "cod_comuna": "05101"}, {"comuna": "HUECHURABA", "region": "13. REGION METROPOLITANA DE SANTIAGO", "provincia": "Santiago", "totalapellido": 2, "totalcomuna": 73498, "prct_apellido": 0.0027, "Frecuencia provincia": 0.017023, "Frecuencia región": 0.018986, "cod_comuna": "13107"}, {"comuna": "VIÑA DEL MAR", "region": "05. REGION DE VALPARAISO", "provincia": "Valparaíso", "totalapellido": 15, "totalcomuna": 301370, "prct_apellido": 0.005, "Frecuencia provincia": 0.017698, "Frecuencia región": 0.029341, "cod_comuna": "05109"}, {"comuna": "CERRO NAVIA", "region": "13. REGION METROPOLITANA DE SANTIAGO", "provincia": "Santiago", "totalapellido": 3, "totalcomuna": 115479, "prct_apellido": 0.0026, "Frecuencia provincia": 0.017023, "Frecuencia región": 0.018986, "cod_comuna": "13103"}, {"comuna": "INDEPENDENCIA", "region": "13. REGION METROPOLITANA DE SANTIAGO", "provincia": "Santiago", "totalapellido": 6, "totalcomuna": 82629, "prct_apellido": 0.0073, "Frecuencia provincia": 0.017023, "Frecuencia región": 0.018986, "cod_comuna": "13108"}, {"comuna": "LA CISTERNA", "region": "13. REGION METROPOLITANA DE SANTIAGO", "provincia": "Santiago", "totalapellido": 6, "totalcomuna": 83246, "prct_apellido": 0.0072, "Frecuencia provincia": 0.017023, "Frecuencia región": 0.018986, "cod_comuna": "13109"}, {"comuna": "LO PRADO", "region": "13. REGION METROPOLITANA DE SANTIAGO", "provincia": "Santiago", "totalapellido": 3, "totalcomuna": 88885, "prct_apellido": 0.0034, "Frecuencia provincia": 0.017023, "Frecuencia región": 0.018986, "cod_comuna": "13117"}, {"comuna": "ARICA", "region": "15. REGION DE ARICA Y PARINACOTA", "provincia": "Arica", "totalapellido": 5, "totalcomuna": 180060, "prct_apellido": 0.0028, "Frecuencia provincia": 0.025797, "Frecuencia región": 0.026725, "cod_comuna": "15101"}, {"comuna": "SAN BERNARDO", "region": "13. REGION METROPOLITANA DE SANTIAGO", "provincia": "Maipo", "totalapellido": 14, "totalcomuna": 228196, "prct_apellido": 0.0061, "Frecuencia provincia": 0.033289, "Frecuencia región": 0.018986, "cod_comuna": "13401"}, {"comuna": "PEÑALOLEN", "region": "13. REGION METROPOLITANA DE SANTIAGO", "provincia": "Santiago", "totalapellido": 5, "totalcomuna": 191707, "prct_apellido": 0.0026, "Frecuencia provincia": 0.017023, "Frecuencia región": 0.018986, "cod_comuna": "13122"}, {"comuna": "IQUIQUE", "region": "01. REGION DE TARAPACA", "provincia": "Iquique", "totalapellido": 5, "totalcomuna": 167553, "prct_apellido": 0.003, "Frecuencia provincia": 0.023146, "Frecuencia región": 0.02576, "cod_comuna": "01101"}, {"comuna": "PADRE LAS CASAS", "region": "09. REGION DE LA ARAUCANIA", "provincia": "Cautín", "totalapellido": 1, "totalcomuna": 58858, "prct_apellido": 0.0017, "Frecuencia provincia": 0.043946, "Frecuencia región": 0.051873, "cod_comuna": "09112"}, {"comuna": "LAMPA", "region": "13. REGION METROPOLITANA DE SANTIAGO", "provincia": "Chacabuco", "totalapellido": 1, "totalcomuna": 59623, "prct_apellido": 0.0017, "Frecuencia provincia": 0.035407, "Frecuencia región": 0.018986, "cod_comuna": "13302"}, {"comuna": "RANCAGUA", "region": "06. REGION DEL LIBERTADOR GENERAL BERNARDO O'HIGGINS", "provincia": "Cachapoal", "totalapellido": 13, "totalcomuna": 194487, "prct_apellido": 0.0067, "Frecuencia provincia": 0.061427, "Frecuencia región": 0.074338, "cod_comuna": "06101"}, {"comuna": "CONCEPCION", "region": "08. REGION DEL BIOBIO", "provincia": "Concepción", "totalapellido": 5, "totalcomuna": 201066, "prct_apellido": 0.0025, "Frecuencia provincia": 0.045559, "Frecuencia región": 0.056049, "cod_comuna": "08101"}, {"comuna": "QUILICURA", "region": "13. REGION METROPOLITANA DE SANTIAGO", "provincia": "Santiago", "totalapellido": 2, "totalcomuna": 139914, "prct_apellido": 0.0014, "Frecuencia provincia": 0.017023, "Frecuencia región": 0.018986, "cod_comuna": "13125"}, {"comuna": "SAN RAMON", "region": "13. REGION METROPOLITANA DE SANTIAGO", "provincia": "Santiago", "totalapellido": 2, "totalcomuna": 81793, "prct_apellido": 0.0024, "Frecuencia provincia": 0.017023, "Frecuencia región": 0.018986, "cod_comuna": "13131"}, {"comuna": "CORONEL", "region": "08. REGION DEL BIOBIO", "provincia": "Concepción", "totalapellido": 1, "totalcomuna": 89810, "prct_apellido": 0.0011, "Frecuencia provincia": 0.045559, "Frecuencia región": 0.056049, "cod_comuna": "08102"}, {"comuna": "TALCA", "region": "07. REGION DEL MAULE", "provincia": "Talca", "totalapellido": 5, "totalcomuna": 179640, "prct_apellido": 0.0028, "Frecuencia provincia": 0.062885, "Frecuencia región": 0.082553, "cod_comuna": "07101"}, {"comuna": "VILLA ALEMANA", "region": "05. REGION DE VALPARAISO", "provincia": "Marga Marga", "totalapellido": 3, "totalcomuna": 98544, "prct_apellido": 0.003, "Frecuencia provincia": 0.034753, "Frecuencia región": 0.029341, "cod_comuna": "05804"}, {"comuna": "QUINTA NORMAL", "region": "13. REGION METROPOLITANA DE SANTIAGO", "provincia": "Santiago", "totalapellido": 1, "totalcomuna": 102529, "prct_apellido": 0.001, "Frecuencia provincia": 0.017023, "Frecuencia región": 0.018986, "cod_comuna": "13126"}, {"comuna": "TALCAHUANO", "region": "08. REGION DEL BIOBIO", "provincia": "Concepción", "totalapellido": 1, "totalcomuna": 132327, "prct_apellido": 0.0008, "Frecuencia provincia": 0.045559, "Frecuencia región": 0.056049, "cod_comuna": "08110"}, {"comuna": "EL BOSQUE", "region": "13. REGION METROPOLITANA DE SANTIAGO", "provincia": "Santiago", "totalapellido": 3, "totalcomuna": 137677, "prct_apellido": 0.0022, "Frecuencia provincia": 0.017023, "Frecuencia región": 0.018986, "cod_comuna": "13105"}, {"comuna": "PUERTO MONTT", "region": "10. REGION DE LOS LAGOS", "provincia": "Llanquihue", "totalapellido": 2, "totalcomuna": 186565, "prct_apellido": 0.0011, "Frecuencia provincia": 0.042563, "Frecuencia región": 0.052521, "cod_comuna": "10101"}, {"comuna": "TEMUCO", "region": "09. REGION DE LA ARAUCANIA", "provincia": "Cautín", "totalapellido": 2, "totalcomuna": 236909, "prct_apellido": 0.0008, "Frecuencia provincia": 0.043946, "Frecuencia región": 0.051873, "cod_comuna": "09101"}], "provincias": [], "regiones": []}