{"apellido": "ABALLAY", "slug": "aballay", "comunas": [{"comuna": "PETORCA", "region": "05. REGION DE VALPARAISO", "provincia": "Petorca", "totalapellido": 109, "totalcomuna": 9462, "prct_apellido": 1.152, "Frecuencia provincia": 0.160073, "Frecuencia región": 0.029341, "cod_comuna": "05404"}, {"comuna": "RINCONADA", "region": "05. REGION DE VALPARAISO", "provincia": "Los Andes", "totalapellido": 57, "totalcomuna": 9470, "prct_apellido": 0.6019, "Frecuencia provincia": 0.083664, "Frecuencia región": 0.029341, "cod_comuna": "05303"}, {"comuna": "ZAPALLAR", "region": "05. REGION DE VALPARAISO", "provincia": "Petorca", "totalapellido": 48, "totalcomuna": 8709, "prct_apellido": 0.5512, "Frecuencia provincia": 0.160073, "Frecuencia región": 0.029341, "cod_comuna": "05405"}, {"comuna": "CABILDO", "region": "05. REGION DE VALPARAISO", "provincia": "Petorca", "totalapellido": 41, "totalcomuna": 18038, "prct_apellido": 0.2273, "Frecuencia provincia": 0.160073, "Frecuencia región": 0.029341, "cod_comuna": "05402"}, {"comuna": "TILTIL", "region": "13. REGION METROPOLITANA DE SANTIAGO", "provincia": "Chacabuco", "totalapellido": 19, "totalcomuna": 14869, "prct_apellido": 0.1278, "Frecuencia provincia": 0.035407, "Frecuencia región": 0.018986, "cod_comuna": "13303"}, {"comuna": "LA LIGUA", "region": "05. REGION DE VALPARAISO", "provincia": "Petorca", "totalapellido": 70, "totalcomuna": 30181, "prct_apellido": 0.2319, "Frecuencia provincia": 0.160073, "Frecuencia región": 0.029341, "cod_comuna": "05401"}, {"comuna": "NOGALES", "region": "05. REGION DE VALPARAISO", "provincia": "Quillota", "totalapellido": 31, "totalcomuna": 19698, "prct_apellido": 0.1574, "Frecuencia provincia": 0.079787, "Frecuencia región": 0.029341, "cod_comuna": "05506"}, {"comuna": "QUINTERO", "region": "05. REGION DE VALPARAISO", "provincia": "Valparaíso", "totalapellido": 27, "totalcomuna": 24756, "prct_apellido": 0.1091, "Frecuencia provincia": 0.017698, "Frecuencia región": 0.029341, "cod_comuna": "05107"}, {"comuna": "HIJUELAS", "region": "05. REGION DE VALPARAISO", "provincia": "Quillota", "totalapellido": 18, "totalcomuna": 15609, "prct_apellido": 0.1153, "Frecuencia provincia": 0.079787, "Frecuencia región": 0.029341, "cod_comuna": "05503"}, {"comuna": "SAN FELIPE", "region": "05. REGION DE VALPARAISO", "provincia": "San Felipe de Aconcagua", "totalapellido": 83, "totalcomuna": 60075, "prct_apellido": 0.1382, "Frecuencia provincia": 0.102948, "Frecuencia región": 0.029341, "cod_comuna": "05701"}, {"comuna": "QUILLOTA", "region": "05. REGION DE VALPARAISO", "provincia": "Quillota", "totalapellido": 81, "totalcomuna": 75479, "prct_apellido": 0.1073, "Frecuencia provincia": 0.079787, "Frecuencia región": 0.029341, "cod_comuna": "05501"}, {"comuna": "LA CRUZ", "region": "05. REGION DE VALPARAISO", "provincia": "Quillota", "totalapellido": 16, "totalcomuna": 16329, "prct_apellido": 0.098, "Frecuencia provincia": 0.079787, "Frecuencia región": 0.029341, "cod_comuna": "05504"}, {"comuna": "LLAILLAY", "region": "05. REGION DE VALPARAISO", "provincia": "San Felipe de Aconcagua", "totalapellido": 31, "totalcomuna": 20915, "prct_apellido": 0.1482, "Frecuencia provincia": 0.102948, "Frecuencia región": 0.029341, "cod_comuna": "05703"}, {"comuna": "CATEMU", "region": "05. REGION DE VALPARAISO", "provincia": "San Felipe de Aconcagua", "totalapellido": 11, "totalcomuna": 12182, "prct_apellido": 0.0903, "Frecuencia provincia": 0.102948, "Frecuencia región": 0.029341, "cod_comuna": "05702"}, {"comuna": "CALERA", "region": "05. REGION DE VALPARAISO", "provincia": "Quillota", "totalapellido": 48, "totalcomuna": 44980, "prct_apellido": 0.1067, "Frecuencia provincia": 0.079787, "Frecuencia región": 0.029341, "cod_comuna": "05502"}, {"comuna": "CALLE LARGA", "region": "05. REGION DE VALPARAISO", "provincia": "Los Andes", "totalapellido": 9, "totalcomuna": 11445, "prct_apellido": 0.0786, "Frecuencia provincia": 0.083664, "Frecuencia región": 0.029341, "cod_comuna": "05302"}, {"comuna": "CAMIÑA", "region": "01. REGION DE TARAPACA", "provincia": "Tamarugal", "totalapellido": 1, "totalcomuna": 2802, "prct_apellido": 0.0357, "Frecuencia provincia": 0.130887, "Frecuencia región": 0.02576, "cod_comuna": "01402"}, {"comuna": "CASABLANCA", "region": "05. REGION DE VALPARAISO", "provincia": "Valparaíso", "totalapellido": 11, "totalcomuna": 22469, "prct_apellido": 0.049, "Frecuencia provincia": 0.017698, "Frecuencia región": 0.029341, "cod_comuna": "05102"}, {"comuna": "PUTAENDO", "region": "05. REGION DE VALPARAISO", "provincia": "San Felipe de Aconcagua", "totalapellido": 9, "totalcomuna": 14044, "prct_apellido": 0.0641, "Frecuencia provincia": 0.102948, "Frecuencia región": 0.029341, "cod_comuna": "05705"}, {"comuna": "PENCO", "region": "08. REGION DEL BIOBIO", "provincia": "Concepción", "totalapellido": 15, "totalcomuna": 42200, "prct_apellido": 0.0355, "Frecuencia provincia": 0.045559, "Frecuencia región": 0.056049, "cod_comuna": "08107"}, {"comuna": "LOS ANDES", "region": "05. REGION DE VALPARAISO", "provincia": "Los Andes", "totalapellido": 34, "totalcomuna": 55969, "prct_apellido": 0.0607, "Frecuencia provincia": 0.083664, "Frecuencia región": 0.029341, "cod_comuna": "05301"}, {"comuna": "HUARA", "region": "01. REGION DE TARAPACA", "provincia": "Tamarugal", "totalapellido": 4, "totalcomuna": 9373, "prct_apellido": 0.0427, "Frecuencia provincia": 0.130887, "Frecuencia región": 0.02576, "cod_comuna": "01404"}, {"comuna": "CONCON", "region": "05. REGION DE VALPARAISO", "provincia": "Valparaíso", "totalapellido": 21, "totalcomuna": 39439, "prct_apellido": 0.0532, "Frecuencia provincia": 0.017698, "Frecuencia región": 0.029341, "cod_comuna": "05103"}, {"comuna": "SIERRA GORDA", "region": "02. REGION DE ANTOFAGASTA", "provincia": "Antofagasta", "totalapellido": 1, "totalcomuna": 3364, "prct_apellido": 0.0297, "Frecuencia provincia": 0.020817, "Frecuencia región": 0.025007, "cod_comuna": "02103"}, {"comuna": "VIÑA DEL MAR", "region": "05. REGION DE VALPARAISO", "provincia": "Valparaíso", "totalapellido": 148, "totalcomuna": 301370, "prct_apellido": 0.0491, "Frecuencia provincia": 0.017698, "Frecuencia región": 0.029341, "cod_comuna": "05109"}, {"comuna": "LAMPA", "region": "13. REGION METROPOLITANA DE SANTIAGO", "provincia": "Chacabuco", "totalapellido": 33, "totalcomuna": 59623, "prct_apellido": 0.0553, "Frecuencia provincia": 0.035407, "Frecuencia región": 0.018986, "cod_comuna": "13302"}, {"comuna": "VALPARAISO", "region": "05. REGION DE VALPARAISO", "provincia": "Valparaíso", "totalapellido": 131, "totalcomuna": 290125, "prct_apellido": 0.0452, "Frecuencia provincia": 0.017698, "Frecuencia región": 0.029341, "cod_comuna": "05101"}, {"comuna": "RETIRO", "region": "07. REGION DEL MAULE", "provincia": "Linares", "totalapellido": 5, "totalcomuna": 17602, "prct_apellido": 0.0284, "Frecuencia provincia": 0.120949, "Frecuencia región": 0.082553, "cod_comuna": "07405"}, {"comuna": "PUCHUNCAVI", "region": "05. REGION DE VALPARAISO", "provincia": "Valparaíso", "totalapellido": 5, "totalcomuna": 16007, "prct_apellido": 0.0312, "Frecuencia provincia": 0.017698, "Frecuencia región": 0.029341, "cod_comuna": "05105"}, {"comuna": "QUINTA NORMAL", "region": "13. REGION METROPOLITANA DE SANTIAGO", "provincia": "Santiago", "totalapellido": 29, "totalcomuna": 102529, "prct_apellido": 0.0283, "Frecuencia provincia": 0.017023, "Frecuencia región": 0.018986, "cod_comuna": "13126"}, {"comuna": "MARIA PINTO", "region": "13. REGION METROPOLITANA DE SANTIAGO", "provincia": "Melipilla", "totalapellido": 2, "totalcomuna": 11495, "prct_apellido": 0.0174, "Frecuencia provincia": 0.072308, "Frecuencia región": 0.018986, "cod_comuna": "13504"}, {"comuna": "PAPUDO", "region": "05. REGION DE VALPARAISO", "provincia": "Petorca", "totalapellido": 4, "totalcomuna": 6102, "prct_apellido": 0.0656, "Frecuencia provincia": 0.160073, "Frecuencia región": 0.029341, "cod_comuna": "05403"}, {"comuna": "VILLA ALEMANA", "region": "05. REGION DE VALPARAISO", "provincia": "Marga Marga", "totalapellido": 25, "totalcomuna": 98544, "prct_apellido": 0.0254, "Frecuencia provincia": 0.034753, "Frecuencia región": 0.029341, "cod_comuna": "05804"}, {"comuna": "PANQUEHUE", "region": "05. REGION DE VALPARAISO", "provincia": "San Felipe de Aconcagua", "totalapellido": 2, "totalcomuna": 6599, "prct_apellido": 0.0303, "Frecuencia provincia": 0.102948, "Frecuencia región": 0.029341, "cod_comuna": "05704"}, {"comuna": "LO PRADO", "region": "13. REGION METROPOLITANA DE SANTIAGO", "provincia": "Santiago", "totalapellido": 16, "totalcomuna": 88885, "prct_apellido": 0.018, "Frecuencia provincia": 0.017023, "Frecuencia región": 0.018986, "cod_comuna": "13117"}, {"comuna": "RENCA", "region": "13. REGION METROPOLITANA DE SANTIAGO", "provincia": "Santiago", "totalapellido": 25, "totalcomuna": 116730, "prct_apellido": 0.0214, "Frecuencia provincia": 0.017023, "Frecuencia región": 0.018986, "cod_comuna": "13128"}, {"comuna": "QUILPUE", "region": "05. REGION DE VALPARAISO", "provincia": "Marga Marga", "totalapellido": 40, "totalcomuna": 134448, "prct_apellido": 0.0298, "Frecuencia provincia": 0.034753, "Frecuencia región": 0.029341, "cod_comuna": "05801"}, {"comuna": "MACUL", "region": "13. REGION METROPOLITANA DE SANTIAGO", "provincia": "Santiago", "totalapellido": 25, "totalcomuna": 101340, "prct_apellido": 0.0247, "Frecuencia provincia": 0.017023, "Frecuencia región": 0.018986, "cod_comuna": "13118"}, {"comuna": "SAN ANTONIO", "region": "05. REGION DE VALPARAISO", "provincia": "San Antonio", "totalapellido": 13, "totalcomuna": 78443, "prct_apellido": 0.0166, "Frecuencia provincia": 0.076723, "Frecuencia región": 0.029341, "cod_comuna": "05601"}, {"comuna": "PADRE HURTADO", "region": "13. REGION METROPOLITANA DE SANTIAGO", "provincia": "Talagante", "totalapellido": 16, "totalcomuna": 44714, "prct_apellido": 0.0358, "Frecuencia provincia": 0.065142, "Frecuencia región": 0.018986, "cod_comuna": "13604"}, {"comuna": "CARTAGENA", "region": "05. REGION DE VALPARAISO", "provincia": "San Antonio", "totalapellido": 3, "totalcomuna": 18227, "prct_apellido": 0.0165, "Frecuencia provincia": 0.076723, "Frecuencia región": 0.029341, "cod_comuna": "05603"}, {"comuna": "PEÑALOLEN", "region": "13. REGION METROPOLITANA DE SANTIAGO", "provincia": "Santiago", "totalapellido": 35, "totalcomuna": 191707, "prct_apellido": 0.0183, "Frecuencia provincia": 0.017023, "Frecuencia región": 0.018986, "cod_comuna": "13122"}, {"comuna": "MAIPU", "region": "13. REGION METROPOLITANA DE SANTIAGO", "provincia": "Santiago", "totalapellido": 69, "totalcomuna": 389758, "prct_apellido": 0.0177, "Frecuencia provincia": 0.017023, "Frecuencia región": 0.018986, "cod_comuna": "13119"}, {"comuna": "PUDAHUEL", "region": "13. REGION METROPOLITANA DE SANTIAGO", "provincia": "Santiago", "totalapellido": 30, "totalcomuna": 168984, "prct_apellido": 0.0178, "Frecuencia provincia": 0.017023, "Frecuencia región": 0.018986, "cod_comuna": "13124"}, {"comuna": "LO ESPEJO", "region": "13. REGION METROPOLITANA DE SANTIAGO", "provincia": "Santiago", "totalapellido": 16, "totalcomuna": 90849, "prct_apellido": 0.0176, "Frecuencia provincia": 0.017023, "Frecuencia región": 0.018986, "cod_comuna": "13116"}, {"comuna": "SAN VICENTE", "region": "06. REGION DEL LIBERTADOR GENERAL BERNARDO O'HIGGINS", "provincia": "Cachapoal", "totalapellido": 5, "totalcomuna": 40523, "prct_apellido": 0.0123, "Frecuencia provincia": 0.061427, "Frecuencia región": 0.074338, "cod_comuna": "06117"}, {"comuna": "RECOLETA", "region": "13. REGION METROPOLITANA DE SANTIAGO", "provincia": "Santiago", "totalapellido": 26, "totalcomuna": 142696, "prct_apellido": 0.0182, "Frecuencia provincia": 0.017023, "Frecuencia región": 0.018986, "cod_comuna": "13127"}, {"comuna": "SAN RAMON", "region": "13. REGION METROPOLITANA DE SANTIAGO", "provincia": "Santiago", "totalapellido": 16, "totalcomuna": 81793, "prct_apellido": 0.0196, "Frecuencia provincia": 0.017023, "Frecuencia región": 0.018986, "cod_comuna": "13131"}, {"comuna": "RANCAGUA", "region": "06. REGION DEL LIBERTADOR GENERAL BERNARDO O'HIGGINS", "provincia": "Cachapoal", "totalapellido": 26, "totalcomuna": 194487, "prct_apellido": 0.0134, "Frecuencia provincia": 0.061427, "Frecuencia región": 0.074338, "cod_comuna": "06101"}, {"comuna": "PEDRO AGUIRRE CERDA", "region": "13. REGION METROPOLITANA DE SANTIAGO", "provincia": "Santiago", "totalapellido": 16, "totalcomuna": 93161, "prct_apellido": 0.0172, "Frecuencia provincia": 0.017023, "Frecuencia región": 0.018986, "cod_comuna": "13121"}, {"comuna": "TOCOPILLA", "region": "02. REGION DE ANTOFAGASTA", "provincia": "Tocopilla", "totalapellido": 3, "totalcomuna": 22335, "prct_apellido": 0.0134, "Frecuencia provincia": 0.11764, "Frecuencia región": 0.025007, "cod_comuna": "02301"}, {"comuna": "LA SERENA", "region": "04. REGION DE COQUIMBO", "provincia": "Elqui", "totalapellido": 26, "totalcomuna": 174853, "prct_apellido": 0.0149, "Frecuencia provincia": 0.034381, "Frecuencia región": 0.046565, "cod_comuna": "04101"}, {"comuna": "ALTO HOSPICIO", "region": "01. REGION DE TARAPACA", "provincia": "Iquique", "totalapellido": 8, "totalcomuna": 58683, "prct_apellido": 0.0136, "Frecuencia provincia": 0.023146, "Frecuencia región": 0.02576, "cod_comuna": "01107"}, {"comuna": "SANTA MARIA", "region": "05. REGION DE VALPARAISO", "provincia": "San Felipe de Aconcagua", "totalapellido": 3, "totalcomuna": 12123, "prct_apellido": 0.0247, "Frecuencia provincia": 0.102948, "Frecuencia región": 0.029341, "cod_comuna": "05706"}, {"comuna": "COMBARBALA", "region": "04. REGION DE COQUIMBO", "provincia": "Limarí", "totalapellido": 1, "totalcomuna": 12550, "prct_apellido": 0.008, "Frecuencia provincia": 0.102708, "Frecuencia región": 0.046565, "cod_comuna": "04302"}, {"comuna": "ESTACION CENTRAL", "region": "13. REGION METROPOLITANA DE SANTIAGO", "provincia": "Santiago", "totalapellido": 24, "totalcomuna": 127214, "prct_apellido": 0.0189, "Frecuencia provincia": 0.017023, "Frecuencia región": 0.018986, "cod_comuna": "13106"}, {"comuna": "COPIAPO", "region": "03. REGION DE ATACAMA", "provincia": "Copiapó", "totalapellido": 13, "totalcomuna": 123973, "prct_apellido": 0.0105, "Frecuencia provincia": 0.043922, "Frecuencia región": 0.058317, "cod_comuna": "03101"}, {"comuna": "ALGARROBO", "region": "05. REGION DE VALPARAISO", "provincia": "San Antonio", "totalapellido": 1, "totalcomuna": 13779, "prct_apellido": 0.0073, "Frecuencia provincia": 0.076723, "Frecuencia región": 0.029341, "cod_comuna": "05602"}, {"comuna": "LA PINTANA", "region": "13. REGION METROPOLITANA DE SANTIAGO", "provincia": "Santiago", "totalapellido": 10, "totalcomuna": 139100, "prct_apellido": 0.0072, "Frecuencia provincia": 0.017023, "Frecuencia región": 0.018986, "cod_comuna": "13112"}, {"comuna": "EL MONTE", "region": "13. REGION METROPOLITANA DE SANTIAGO", "provincia": "Talagante", "totalapellido": 2, "totalcomuna": 27822, "prct_apellido": 0.0072, "Frecuencia provincia": 0.065142, "Frecuencia región": 0.018986, "cod_comuna": "13602"}, {"comuna": "CALAMA", "region": "02. REGION DE ANTOFAGASTA", "provincia": "El Loa", "totalapellido": 11, "totalcomuna": 132333, "prct_apellido": 0.0083, "Frecuencia provincia": 0.035053, "Frecuencia región": 0.025007, "cod_comuna": "02201"}, {"comuna": "SAN MIGUEL", "region": "13. REGION METROPOLITANA DE SANTIAGO", "provincia": "Santiago", "totalapellido": 12, "totalcomuna": 105090, "prct_apellido": 0.0114, "Frecuencia provincia": 0.017023, "Frecuencia región": 0.018986, "cod_comuna": "13130"}, {"comuna": "COLINA", "region": "13. REGION METROPOLITANA DE SANTIAGO", "provincia": "Chacabuco", "totalapellido": 9, "totalcomuna": 90446, "prct_apellido": 0.01, "Frecuencia provincia": 0.035407, "Frecuencia región": 0.018986, "cod_comuna": "13301"}, {"comuna": "ÑUÑOA", "region": "13. REGION METROPOLITANA DE SANTIAGO", "provincia": "Santiago", "totalapellido": 26, "totalcomuna": 197198, "prct_apellido": 0.0132, "Frecuencia provincia": 0.017023, "Frecuencia región": 0.018986, "cod_comuna": "13120"}, {"comuna": "PUENTE ALTO", "region": "13. REGION METROPOLITANA DE SANTIAGO", "provincia": "Cordillera", "totalapellido": 48, "totalcomuna": 399739, "prct_apellido": 0.012, "Frecuencia provincia": 0.019022, "Frecuencia región": 0.018986, "cod_comuna": "13201"}, {"comuna": "QUILLON", "region": "16. REGION DE ÑUBLE", "provincia": "Diguillín", "totalapellido": 2, "totalcomuna": 15682, "prct_apellido": 0.0128, "Frecuencia provincia": 0.065041, "Frecuencia región": 0.0859, "cod_comuna": "16107"}, {"comuna": "LA CISTERNA", "region": "13. REGION METROPOLITANA DE SANTIAGO", "provincia": "Santiago", "totalapellido": 8, "totalcomuna": 83246, "prct_apellido": 0.0096, "Frecuencia provincia": 0.017023, "Frecuencia región": 0.018986, "cod_comuna": "13109"}, {"comuna": "COQUIMBO", "region": "04. REGION DE COQUIMBO", "provincia": "Elqui", "totalapellido": 11, "totalcomuna": 167854, "prct_apellido": 0.0066, "Frecuencia provincia": 0.034381, "Frecuencia región": 0.046565, "cod_comuna": "04102"}, {"comuna": "CERRILLOS", "region": "13. REGION METROPOLITANA DE SANTIAGO", "provincia": "Santiago", "totalapellido": 8, "totalcomuna": 67537, "prct_apellido": 0.0118, "Frecuencia provincia": 0.017023, "Frecuencia región": 0.018986, "cod_comuna": "13102"}, {"comuna": "SANTIAGO", "region": "13. REGION METROPOLITANA DE SANTIAGO", "provincia": "Santiago", "totalapellido": 41, "totalcomuna": 340282, "prct_apellido": 0.012, "Frecuencia provincia": 0.017023, "Frecuencia región": 0.018986, "cod_comuna": "13101"}, {"comuna": "LOS VILOS", "region": "04. REGION DE COQUIMBO", "provincia": "Choapa", "totalapellido": 3, "totalcomuna": 18266, "prct_apellido": 0.0164, "Frecuencia provincia": 0.165554, "Frecuencia región": 0.046565, "cod_comuna": "04203"}, {"comuna": "DOÑIHUE", "region": "06. REGION DEL LIBERTADOR GENERAL BERNARDO O'HIGGINS", "provincia": "Cachapoal", "totalapellido": 1, "totalcomuna": 18424, "prct_apellido": 0.0054, "Frecuencia provincia": 0.061427, "Frecuencia región": 0.074338, "cod_comuna": "06105"}, {"comuna": "PROVIDENCIA", "region": "13. REGION METROPOLITANA DE SANTIAGO", "provincia": "Santiago", "totalapellido": 15, "totalcomuna": 170255, "prct_apellido": 0.0088, "Frecuencia provincia": 0.017023, "Frecuencia región": 0.018986, "cod_comuna": "13123"}, {"comuna": "CERRO NAVIA", "region": "13. REGION METROPOLITANA DE SANTIAGO", "provincia": "Santiago", "totalapellido": 9, "totalcomuna": 115479, "prct_apellido": 0.0078, "Frecuencia provincia": 0.017023, "Frecuencia región": 0.018986, "cod_comuna": "13103"}, {"comuna": "LIMACHE", "region": "05. REGION DE VALPARAISO", "provincia": "Marga Marga", "totalapellido": 4, "totalcomuna": 39423, "prct_apellido": 0.0101, "Frecuencia provincia": 0.034753, "Frecuencia región": 0.029341, "cod_comuna": "05802"}, {"comuna": "QUILICURA", "region": "13. REGION METROPOLITANA DE SANTIAGO", "provincia": "Santiago", "totalapellido": 11, "totalcomuna": 139914, "prct_apellido": 0.0079, "Frecuencia provincia": 0.017023, "Frecuencia región": 0.018986, "cod_comuna": "13125"}, {"comuna": "CALERA DE TANGO", "region": "13. REGION METROPOLITANA DE SANTIAGO", "provincia": "Maipo", "totalapellido": 1, "totalcomuna": 22305, "prct_apellido": 0.0045, "Frecuencia provincia": 0.033289, "Frecuencia región": 0.018986, "cod_comuna": "13403"}, {"comuna": "CHILLAN VIEJO", "region": "16. REGION DE ÑUBLE", "provincia": "Diguillín", "totalapellido": 1, "totalcomuna": 22462, "prct_apellido": 0.0045, "Frecuencia provincia": 0.065041, "Frecuencia región": 0.0859, "cod_comuna": "16103"}, {"comuna": "AISEN", "region": "11. REGION DE AYSEN DEL GENERAL CARLOS IBAÑEZ DEL CAMPO", "provincia": NaN, "totalapellido": 1, "totalcomuna": 22587, "prct_apellido": 0.0044, "Frecuencia provincia": NaN, "Frecuencia región": 0.077233, "cod_comuna": null}, {"comuna": "PIRQUE", "region": "13. REGION METROPOLITANA DE SANTIAGO", "provincia": "Cordillera", "totalapellido": 2, "totalcomuna": 22646, "prct_apellido": 0.0088, "Frecuencia provincia": 0.019022, "Frecuencia región": 0.018986, "cod_comuna": "13202"}, {"comuna": "VALLENAR", "region": "03. REGION DE ATACAMA", "provincia": "Huasco", "totalapellido": 7, "totalcomuna": 45529, "prct_apellido": 0.0154, "Frecuencia provincia": 0.121458, "Frecuencia región": 0.058317, "cod_comuna": "03301"}, {"comuna": "REQUINOA", "region": "06. REGION DEL LIBERTADOR GENERAL BERNARDO O'HIGGINS", "provincia": "Cachapoal", "totalapellido": 1, "totalcomuna": 23028, "prct_apellido": 0.0043, "Frecuencia provincia": 0.061427, "Frecuencia región": 0.074338, "cod_comuna": "06116"}, {"comuna": "PUERTO MONTT", "region": "10. REGION DE LOS LAGOS", "provincia": "Llanquihue", "totalapellido": 13, "totalcomuna": 186565, "prct_apellido": 0.007, "Frecuencia provincia": 0.042563, "Frecuencia región": 0.052521, "cod_comuna": "10101"}, {"comuna": "VICUÑA", "region": "04. REGION DE COQUIMBO", "provincia": "Elqui", "totalapellido": 2, "totalcomuna": 23678, "prct_apellido": 0.0084, "Frecuencia provincia": 0.034381, "Frecuencia región": 0.046565, "cod_comuna": "04106"}, {"comuna": "MAULE", "region": "07. REGION DEL MAULE", "provincia": "Talca", "totalapellido": 1, "totalcomuna": 24526, "prct_apellido": 0.0041, "Frecuencia provincia": 0.062885, "Frecuencia región": 0.082553, "cod_comuna": "07105"}, {"comuna": "LA GRANJA", "region": "13. REGION METROPOLITANA DE SANTIAGO", "provincia": "Santiago", "totalapellido": 4, "totalcomuna": 103905, "prct_apellido": 0.0038, "Frecuencia provincia": 0.017023, "Frecuencia región": 0.018986, "cod_comuna": "13111"}, {"comuna": "CURACAVI", "region": "13. REGION METROPOLITANA DE SANTIAGO", "provincia": "Melipilla", "totalapellido": 6, "totalcomuna": 26345, "prct_apellido": 0.0228, "Frecuencia provincia": 0.072308, "Frecuencia región": 0.018986, "cod_comuna": "13503"}, {"comuna": "GRANEROS", "region": "06. REGION DEL LIBERTADOR GENERAL BERNARDO O'HIGGINS", "provincia": "Cachapoal", "totalapellido": 1, "totalcomuna": 26877, "prct_apellido": 0.0037, "Frecuencia provincia": 0.061427, "Frecuencia región": 0.074338, "cod_comuna": "06106"}, {"comuna": "PAINE", "region": "13. REGION METROPOLITANA DE SANTIAGO", "provincia": "Maipo", "totalapellido": 6, "totalcomuna": 53793, "prct_apellido": 0.0112, "Frecuencia provincia": 0.033289, "Frecuencia región": 0.018986, "cod_comuna": "13404"}, {"comuna": "COIHAIQUE", "region": "11. REGION DE AYSEN DEL GENERAL CARLOS IBAÑEZ DEL CAMPO", "provincia": NaN, "totalapellido": 2, "totalcomuna": 54229, "prct_apellido": 0.0037, "Frecuencia provincia": NaN, "Frecuencia región": 0.077233, "cod_comuna": null}, {"comuna": "SAN JOAQUIN", "region": "13. REGION METROPOLITANA DE SANTIAGO", "provincia": "Santiago", "totalapellido": 10, "totalcomuna": 82325, "prct_apellido": 0.0121, "Frecuencia provincia": 0.017023, "Frecuencia región": 0.018986, "cod_comuna": "13129"}, {"comuna": "ILLAPEL", "region": "04. REGION DE COQUIMBO", "provincia": "Choapa", "totalapellido": 3, "totalcomuna": 27921, "prct_apellido": 0.0107, "Frecuencia provincia": 0.165554, "Frecuencia región": 0.046565, "cod_comuna": "04201"}, {"comuna": "MONTE PATRIA", "region": "04. REGION DE COQUIMBO", "provincia": "Limarí", "totalapellido": 1, "totalcomuna": 28025, "prct_apellido": 0.0036, "Frecuencia provincia": 0.102708, "Frecuencia región": 0.046565, "cod_comuna": "04303"}, {"comuna": "CHIMBARONGO", "region": "06. REGION DEL LIBERTADOR GENERAL BERNARDO O'HIGGINS", "provincia": "Colchagua", "totalapellido": 1, "totalcomuna": 30510, "prct_apellido": 0.0033, "Frecuencia provincia": 0.12967, "Frecuencia región": 0.074338, "cod_comuna": "06303"}, {"comuna": "MELIPILLA", "region": "13. REGION METROPOLITANA DE SANTIAGO", "provincia": "Melipilla", "totalapellido": 4, "totalcomuna": 97217, "prct_apellido": 0.0041, "Frecuencia provincia": 0.072308, "Frecuencia región": 0.018986, "cod_comuna": "13501"}, {"comuna": "CHIGUAYANTE", "region": "08. REGION DEL BIOBIO", "provincia": "Concepción", "totalapellido": 4, "totalcomuna": 67398, "prct_apellido": 0.0059, "Frecuencia provincia": 0.045559, "Frecuencia región": 0.056049, "cod_comuna": "08103"}, {"comuna": "EL BOSQUE", "region": "13. REGION METROPOLITANA DE SANTIAGO", "provincia": "Santiago", "totalapellido": 10, "totalcomuna": 137677, "prct_apellido": 0.0073, "Frecuencia provincia": 0.017023, "Frecuencia región": 0.018986, "cod_comuna": "13105"}, {"comuna": "SAN BERNARDO", "region": "13. REGION METROPOLITANA DE SANTIAGO", "provincia": "Maipo", "totalapellido": 9, "totalcomuna": 228196, "prct_apellido": 0.0039, "Frecuencia provincia": 0.033289, "Frecuencia región": 0.018986, "cod_comuna": "13401"}, {"comuna": "LA FLORIDA", "region": "13. REGION METROPOLITANA DE SANTIAGO", "provincia": "Santiago", "totalapellido": 18, "totalcomuna": 307414, "prct_apellido": 0.0059, "Frecuencia provincia": 0.017023, "Frecuencia región": 0.018986, "cod_comuna": "13110"}, {"comuna": "ANCUD", "region": "10. REGION DE LOS LAGOS", "provincia": "Chiloé", "totalapellido": 1, "totalcomuna": 38845, "prct_apellido": 0.0026, "Frecuencia provincia": 0.112043, "Frecuencia región": 0.052521, "cod_comuna": "10202"}, {"comuna": "INDEPENDENCIA", "region": "13. REGION METROPOLITANA DE SANTIAGO", "provincia": "Santiago", "totalapellido": 8, "totalcomuna": 82629, "prct_apellido": 0.0097, "Frecuencia provincia": 0.017023, "Frecuencia región": 0.018986, "cod_comuna": "13108"}, {"comuna": "CASTRO", "region": "10. REGION DE LOS LAGOS", "provincia": "Chiloé", "totalapellido": 1, "totalcomuna": 41394, "prct_apellido": 0.0024, "Frecuencia provincia": 0.112043, "Frecuencia región": 0.052521, "cod_comuna": "10201"}, {"comuna": "IQUIQUE", "region": "01. REGION DE TARAPACA", "provincia": "Iquique", "totalapellido": 10, "totalcomuna": 167553, "prct_apellido": 0.006, "Frecuencia provincia": 0.023146, "Frecuencia región": 0.02576, "cod_comuna": "01101"}, {"comuna": "TALCAHUANO", "region": "08. REGION DEL BIOBIO", "provincia": "Concepción", "totalapellido": 6, "totalcomuna": 132327, "prct_apellido": 0.0045, "Frecuencia provincia": 0.045559, "Frecuencia región": 0.056049, "cod_comuna": "08110"}, {"comuna": "OVALLE", "region": "04. REGION DE COQUIMBO", "provincia": "Limarí", "totalapellido": 8, "totalcomuna": 91832, "prct_apellido": 0.0087, "Frecuencia provincia": 0.102708, "Frecuencia región": 0.046565, "cod_comuna": "04301"}, {"comuna": "TOME", "region": "08. REGION DEL BIOBIO", "provincia": "Concepción", "totalapellido": 2, "totalcomuna": 49849, "prct_apellido": 0.004, "Frecuencia provincia": 0.045559, "Frecuencia región": 0.056049, "cod_comuna": "08111"}, {"comuna": "CONCEPCION", "region": "08. REGION DEL BIOBIO", "provincia": "Concepción", "totalapellido": 8, "totalcomuna": 201066, "prct_apellido": 0.004, "Frecuencia provincia": 0.045559, "Frecuencia región": 0.056049, "cod_comuna": "08101"}, {"comuna": "LAS CONDES", "region": "13. REGION METROPOLITANA DE SANTIAGO", "provincia": "Santiago", "totalapellido": 11, "totalcomuna": 269517, "prct_apellido": 0.0041, "Frecuencia provincia": 0.017023, "Frecuencia región": 0.018986, "cod_comuna": "13114"}, {"comuna": "VILLARRICA", "region": "09. REGION DE LA ARAUCANIA", "provincia": "Cautín", "totalapellido": 2, "totalcomuna": 54948, "prct_apellido": 0.0036, "Frecuencia provincia": 0.043946, "Frecuencia región": 0.051873, "cod_comuna": "09120"}, {"comuna": "CONCHALI", "region": "13. REGION METROPOLITANA DE SANTIAGO", "provincia": "Santiago", "totalapellido": 6, "totalcomuna": 118624, "prct_apellido": 0.0051, "Frecuencia provincia": 0.017023, "Frecuencia región": 0.018986, "cod_comuna": "13104"}, {"comuna": "TALCA", "region": "07. REGION DEL MAULE", "provincia": "Talca", "totalapellido": 3, "totalcomuna": 179640, "prct_apellido": 0.0017, "Frecuencia provincia": 0.062885, "Frecuencia región": 0.082553, "cod_comuna": "07101"}, {"comuna": "ARICA", "region": "15. REGION DE ARICA Y PARINACOTA", "provincia": "Arica", "totalapellido": 6, "totalcomuna": 180060, "prct_apellido": 0.0033, "Frecuencia provincia": 0.025797, "Frecuencia región": 0.026725, "cod_comuna": "15101"}, {"comuna": "ANTOFAGASTA", "region": "02. REGION DE ANTOFAGASTA", "provincia": "Antofagasta", "totalapellido": 11, "totalcomuna": 286950, "prct_apellido": 0.0038, "Frecuencia provincia": 0.020817, "Frecuencia región": 0.025007, "cod_comuna": "02101"}, {"comuna": "PEÑAFLOR", "region": "13. REGION METROPOLITANA DE SANTIAGO", "provincia": "Talagante", "totalapellido": 2, "totalcomuna": 72543, "prct_apellido": 0.0028, "Frecuencia provincia": 0.065142, "Frecuencia región": 0.018986, "cod_comuna": "13605"}, {"comuna": "HUECHURABA", "region": "13. REGION METROPOLITANA DE SANTIAGO", "provincia": "Santiago", "totalapellido": 3, "totalcomuna": 73498, "prct_apellido": 0.0041, "Frecuencia provincia": 0.017023, "Frecuencia región": 0.018986, "cod_comuna": "13107"}, {"comuna": "CHILLAN", "region": "16. REGION DE ÑUBLE", "provincia": "Diguillín", "totalapellido": 2, "totalcomuna": 152723, "prct_apellido": 0.0013, "Frecuencia provincia": 0.065041, "Frecuencia región": 0.0859, "cod_comuna": "16101"}, {"comuna": "HUALPEN", "region": "08. REGION DEL BIOBIO", "provincia": "Concepción", "totalapellido": 1, "totalcomuna": 77561, "prct_apellido": 0.0013, "Frecuencia provincia": 0.045559, "Frecuencia región": 0.056049, "cod_comuna": "08112"}, {"comuna": "PUNTA ARENAS", "region": "12. REGION DE MAGALLANES Y DE LA ANTARTICA CHILENA", "provincia": "Magallanes", "totalapellido": 6, "totalcomuna": 122525, "prct_apellido": 0.0049, "Frecuencia provincia": 0.031287, "Frecuencia región": 0.037004, "cod_comuna": "12101"}, {"comuna": "OSORNO", "region": "10. REGION DE LOS LAGOS", "provincia": "Osorno", "totalapellido": 1, "totalcomuna": 143162, "prct_apellido": 0.0007, "Frecuencia provincia": 0.047856, "Frecuencia región": 0.052521, "cod_comuna": "10301"}, {"comuna": "TEMUCO", "region": "09. REGION DE LA ARAUCANIA", "provincia": "Cautín", "totalapellido": 3, "totalcomuna": 236909, "prct_apellido": 0.0013, "Frecuencia provincia": 0.043946, "Frecuencia región": 0.051873, "cod_comuna": "09101"}], "provincias": [], "regiones": []}