{"apellido": "ABARCAS", "slug": "abarcas", "comunas": [{"comuna": "SAN FERNANDO", "region": "06. REGION DEL LIBERTADOR GENERAL BERNARDO O'HIGGINS", "provincia": "Colchagua", "totalapellido": 4, "totalcomuna": 62989, "prct_apellido": 0.0064, "Frecuencia provincia": 0.12967, "Frecuencia región": 0.074338, "cod_comuna": "06301"}, {"comuna": "QUILLOTA", "region": "05. REGION DE VALPARAISO", "provincia": "Quillota", "totalapellido": 2, "totalcomuna": 75479, "prct_apellido": 0.0026, "Frecuencia provincia": 0.079787, "Frecuencia región": 0.029341, "cod_comuna": "05501"}, {"comuna": "VALDIVIA", "region": "14. REGION DE LOS RIOS", "provincia": "Valdivia", "totalapellido": 4, "totalcomuna": 138619, "prct_apellido": 0.0029, "Frecuencia provincia": 0.046113, "Frecuencia región": 0.0544, "cod_comuna": "14101"}], "provincias": [], "regiones": []}