{"apellido": "ABOJER", "slug": "abojer", "comunas": [{"comuna": "SANTA BARBARA", "region": "08. REGION DEL BIOBIO", "provincia": "Biobío", "totalapellido": 1, "totalcomuna": 13318, "prct_apellido": 0.0075, "Frecuencia provincia": 0.077416, "Frecuencia región": 0.056049, "cod_comuna": "08311"}, {"comuna": "VICTORIA", "region": "09. REGION DE LA ARAUCANIA", "provincia": "Malleco", "totalapellido": 2, "totalcomuna": 32716, "prct_apellido": 0.0061, "Frecuencia provincia": 0.133465, "Frecuencia región": 0.051873, "cod_comuna": "09211"}, {"comuna": "QUILICURA", "region": "13. REGION METROPOLITANA DE SANTIAGO", "provincia": "Santiago", "totalapellido": 1, "totalcomuna": 139914, "prct_apellido": 0.0007, "Frecuencia provincia": 0.017023, "Frecuencia región": 0.018986, "cod_comuna": "13125"}, {"comuna": "SAN BERNARDO", "region": "13. REGION METROPOLITANA DE SANTIAGO", "provincia": "Maipo", "totalapellido": 1, "totalcomuna": 228196, "prct_apellido": 0.0004, "Frecuencia provincia": 0.033289, "Frecuencia región": 0.018986, "cod_comuna": "13401"}], "provincias": [], "regiones": []}