{"apellido": "ABOS", "slug": "abos", "comunas": [{"comuna": "YERBAS BUENAS", "region": "07. REGION DEL MAULE", "provincia": "Linares", "totalapellido": 1, "totalcomuna": 14836, "prct_apellido": 0.0067, "Frecuencia provincia": 0.120949, "Frecuencia región": 0.082553, "cod_comuna": "07408"}, {"comuna": "SAN PEDRO DE LA PAZ", "region": "08. REGION DEL BIOBIO", "provincia": "Concepción", "totalapellido": 1, "totalcomuna": 89479, "prct_apellido": 0.0011, "Frecuencia provincia": 0.045559, "Frecuencia región": 0.056049, "cod_comuna": "08108"}, {"comuna": "COPIAPO", "region": "03. REGION DE ATACAMA", "provincia": "Copiapó", "totalapellido": 1, "totalcomuna": 123973, "prct_apellido": 0.0008, "Frecuencia provincia": 0.043922, "Frecuencia región": 0.058317, "cod_comuna": "03101"}], "provincias": [], "regiones": []}