{"apellido": "ABOVIC", "slug": "abovic", "comunas": [{"comuna": "PICHILEMU", "region": "06. REGION DEL LIBERTADOR GENERAL BERNARDO O'HIGGINS", "provincia": "Cardenal Caro", "totalapellido": 1, "totalcomuna": 15875, "prct_apellido": 0.0063, "Frecuencia provincia": 0.199859, "Frecuencia región": 0.074338, "cod_comuna": "06201"}, {"comuna": "LO BARNECHEA", "region": "13. REGION METROPOLITANA DE SANTIAGO", "provincia": "Santiago", "totalapellido": 2, "totalcomuna": 82669, "prct_apellido": 0.0024, "Frecuencia provincia": 0.017023, "Frecuencia región": 0.018986, "cod_comuna": "13115"}, {"comuna": "VITACURA", "region": "13. REGION METROPOLITANA DE SANTIAGO", "provincia": "Santiago", "totalapellido": 1, "totalcomuna": 89311, "prct_apellido": 0.0011, "Frecuencia provincia": 0.017023, "Frecuencia región": 0.018986, "cod_comuna": "13132"}, {"comuna": "VIÑA DEL MAR", "region": "05. REGION DE VALPARAISO", "provincia": "Valparaíso", "totalapellido": 1, "totalcomuna": 301370, "prct_apellido": 0.0003, "Frecuencia provincia": 0.017698, "Frecuencia región": 0.029341, "cod_comuna": "05109"}], "provincias": [], "regiones": []}