{"apellido": "ABU-AWAD", "slug": "abu-awad", "comunas": [{"comuna": "COLLIPULLI", "region": "09. REGION DE LA ARAUCANIA", "provincia": "Malleco", "totalapellido": 2, "totalcomuna": 22160, "prct_apellido": 0.009, "Frecuencia provincia": 0.133465, "Frecuencia región": 0.051873, "cod_comuna": "09202"}, {"comuna": "BUIN", "region": "13. REGION METROPOLITANA DE SANTIAGO", "provincia": "Maipo", "totalapellido": 1, "totalcomuna": 75333, "prct_apellido": 0.0013, "Frecuencia provincia": 0.033289, "Frecuencia región": 0.018986, "cod_comuna": "13402"}, {"comuna": "RECOLETA", "region": "13. REGION METROPOLITANA DE SANTIAGO", "provincia": "Santiago", "totalapellido": 4, "totalcomuna": 142696, "prct_apellido": 0.0028, "Frecuencia provincia": 0.017023, "Frecuencia región": 0.018986, "cod_comuna": "13127"}, {"comuna": "PROVIDENCIA", "region": "13. REGION METROPOLITANA DE SANTIAGO", "provincia": "Santiago", "totalapellido": 1, "totalcomuna": 170255, "prct_apellido": 0.0006, "Frecuencia provincia": 0.017023, "Frecuencia región": 0.018986, "cod_comuna": "13123"}, {"comuna": "BUIN", "region": "13. REGION METROPOLITANA DE SANTIAGO", "provincia": "Maipo", "totalapellido": 3, "totalcomuna": 75333, "prct_apellido": 0.004, "Frecuencia provincia": 0.033289, "Frecuencia región": 0.018986, "cod_comuna": "13402"}], "provincias": [], "regiones": []}