{"apellido": "ABUFARNE", "slug": "abufarne", "comunas": [{"comuna": "HUALPEN", "region": "08. REGION DEL BIOBIO", "provincia": "Concepción", "totalapellido": 2, "totalcomuna": 77561, "prct_apellido": 0.0026, "Frecuencia provincia": 0.045559, "Frecuencia región": 0.056049, "cod_comuna": "08112"}, {"comuna": "TALCAHUANO", "region": "08. REGION DEL BIOBIO", "provincia": "Concepción", "totalapellido": 2, "totalcomuna": 132327, "prct_apellido": 0.0015, "Frecuencia provincia": 0.045559, "Frecuencia región": 0.056049, "cod_comuna": "08110"}, {"comuna": "CONCEPCION", "region": "08. REGION DEL BIOBIO", "provincia": "Concepción", "totalapellido": 6, "totalcomuna": 201066, "prct_apellido": 0.003, "Frecuencia provincia": 0.045559, "Frecuencia región": 0.056049, "cod_comuna": "08101"}, {"comuna": "TEMUCO", "region": "09. REGION DE LA ARAUCANIA", "provincia": "Cautín", "totalapellido": 3, "totalcomuna": 236909, "prct_apellido": 0.0013, "Frecuencia provincia": 0.043946, "Frecuencia región": 0.051873, "cod_comuna": "09101"}, {"comuna": "VIÑA DEL MAR", "region": "05. REGION DE VALPARAISO", "provincia": "Valparaíso", "totalapellido": 3, "totalcomuna": 301370, "prct_apellido": 0.001, "Frecuencia provincia": 0.017698, "Frecuencia región": 0.029341, "cod_comuna": "05109"}], "provincias": [], "regiones": []}