{"apellido": "ABUTRIDY", "slug": "abutridy", "comunas": [{"comuna": "QUINTERO", "region": "05. REGION DE VALPARAISO", "provincia": "Valparaíso", "totalapellido": 2, "totalcomuna": 24756, "prct_apellido": 0.0081, "Frecuencia provincia": 0.017698, "Frecuencia región": 0.029341, "cod_comuna": "05107"}, {"comuna": "QUILLOTA", "region": "05. REGION DE VALPARAISO", "provincia": "Quillota", "totalapellido": 1, "totalcomuna": 75479, "prct_apellido": 0.0013, "Frecuencia provincia": 0.079787, "Frecuencia región": 0.029341, "cod_comuna": "05501"}, {"comuna": "RECOLETA", "region": "13. REGION METROPOLITANA DE SANTIAGO", "provincia": "Santiago", "totalapellido": 1, "totalcomuna": 142696, "prct_apellido": 0.0007, "Frecuencia provincia": 0.017023, "Frecuencia región": 0.018986, "cod_comuna": "13127"}, {"comuna": "COQUIMBO", "region": "04. REGION DE COQUIMBO", "provincia": "Elqui", "totalapellido": 3, "totalcomuna": 167854, "prct_apellido": 0.0018, "Frecuencia provincia": 0.034381, "Frecuencia región": 0.046565, "cod_comuna": "04102"}, {"comuna": "LAS CONDES", "region": "13. REGION METROPOLITANA DE SANTIAGO", "provincia": "Santiago", "totalapellido": 7, "totalcomuna": 269517, "prct_apellido": 0.0026, "Frecuencia provincia": 0.017023, "Frecuencia región": 0.018986, "cod_comuna": "13114"}], "provincias": [], "regiones": []}