{"apellido": "ACASIETE", "slug": "acasiete", "comunas": [{"comuna": "SALAMANCA", "region": "04. REGION DE COQUIMBO", "provincia": "Choapa", "totalapellido": 1, "totalcomuna": 23431, "prct_apellido": 0.0043, "Frecuencia provincia": 0.165554, "Frecuencia región": 0.046565, "cod_comuna": "04204"}, {"comuna": "INDEPENDENCIA", "region": "13. REGION METROPOLITANA DE SANTIAGO", "provincia": "Santiago", "totalapellido": 1, "totalcomuna": 82629, "prct_apellido": 0.0012, "Frecuencia provincia": 0.017023, "Frecuencia región": 0.018986, "cod_comuna": "13108"}, {"comuna": "CONCHALI", "region": "13. REGION METROPOLITANA DE SANTIAGO", "provincia": "Santiago", "totalapellido": 1, "totalcomuna": 118624, "prct_apellido": 0.0008, "Frecuencia provincia": 0.017023, "Frecuencia región": 0.018986, "cod_comuna": "13104"}, {"comuna": "ARICA", "region": "15. REGION DE ARICA Y PARINACOTA", "provincia": "Arica", "totalapellido": 2, "totalcomuna": 180060, "prct_apellido": 0.0011, "Frecuencia provincia": 0.025797, "Frecuencia región": 0.026725, "cod_comuna": "15101"}, {"comuna": "LAS CONDES", "region": "13. REGION METROPOLITANA DE SANTIAGO", "provincia": "Santiago", "totalapellido": 1, "totalcomuna": 269517, "prct_apellido": 0.0004, "Frecuencia provincia": 0.017023, "Frecuencia región": 0.018986, "cod_comuna": "13114"}], "provincias": [], "regiones": []}