{"apellido": "GUTTMAN", "slug": "guttman", "comunas": [{"comuna": "ÑUÑOA", "region": "13. REGION METROPOLITANA DE SANTIAGO", "provincia": "Santiago", "totalapellido": 1, "totalcomuna": 197198, "prct_apellido": 0.0005, "Frecuencia provincia": 0.017023, "Frecuencia región": 0.018986, "cod_comuna": "13120"}, {"comuna": "ANTOFAGASTA", "region": "02. REGION DE ANTOFAGASTA", "provincia": "Antofagasta", "totalapellido": 3, "totalcomuna": 286950, "prct_apellido": 0.001, "Frecuencia provincia": 0.020817, "Frecuencia región": 0.025007, "cod_comuna": "02101"}, {"comuna": "VIÑA DEL MAR", "region": "05. REGION DE VALPARAISO", "provincia": "Valparaíso", "totalapellido": 1, "totalcomuna": 301370, "prct_apellido": 0.0003, "Frecuencia provincia": 0.017698, "Frecuencia región": 0.029341, "cod_comuna": "05109"}, {"comuna": "SANTIAGO", "region": "13. REGION METROPOLITANA DE SANTIAGO", "provincia": "Santiago", "totalapellido": 2, "totalcomuna": 340282, "prct_apellido": 0.0006, "Frecuencia provincia": 0.017023, "Frecuencia región": 0.018986, "cod_comuna": "13101"}], "provincias": [], "regiones": []}