{"apellido": "GUZMAN", "slug": "guzman", "comunas": [{"comuna": "PUERTO OCTAY", "region": "10. REGION DE LOS LAGOS", "provincia": "Osorno", "totalapellido": 323, "totalcomuna": 9024, "prct_apellido": 3.5793, "Frecuencia provincia": 0.047856, "Frecuencia región": 0.052521, "cod_comuna": "10302"}, {"comuna": "SANTA JUANA", "region": "08. REGION DEL BIOBIO", "provincia": "Concepción", "totalapellido": 296, "totalcomuna": 13026, "prct_apellido": 2.2724, "Frecuencia provincia": 0.045559, "Frecuencia región": 0.056049, "cod_comuna": "08109"}, {"comuna": "OLIVAR", "region": "06. REGION DEL LIBERTADOR GENERAL BERNARDO O'HIGGINS", "provincia": "Cachapoal", "totalapellido": 285, "totalcomuna": 12496, "prct_apellido": 2.2807, "Frecuencia provincia": 0.061427, "Frecuencia región": 0.074338, "cod_comuna": "06111"}, {"comuna": "SAN FABIAN", "region": "16. REGION DE ÑUBLE", "provincia": "Punilla", "totalapellido": 96, "totalcomuna": 5112, "prct_apellido": 1.8779, "Frecuencia provincia": 0.169589, "Frecuencia región": 0.0859, "cod_comuna": "16304"}, {"comuna": "ALHUE", "region": "13. REGION METROPOLITANA DE SANTIAGO", "provincia": "Melipilla", "totalapellido": 111, "totalcomuna": 6153, "prct_apellido": 1.804, "Frecuencia provincia": 0.072308, "Frecuencia región": 0.018986, "cod_comuna": "13502"}, {"comuna": "COIHUECO", "region": "16. REGION DE ÑUBLE", "provincia": "Punilla", "totalapellido": 378, "totalcomuna": 22169, "prct_apellido": 1.7051, "Frecuencia provincia": 0.169589, "Frecuencia región": 0.0859, "cod_comuna": "16302"}, {"comuna": "PARRAL", "region": "07. REGION DEL MAULE", "provincia": "Linares", "totalapellido": 621, "totalcomuna": 37860, "prct_apellido": 1.6403, "Frecuencia provincia": 0.120949, "Frecuencia región": 0.082553, "cod_comuna": "07404"}, {"comuna": "CUREPTO", "region": "07. REGION DEL MAULE", "provincia": "Talca", "totalapellido": 160, "totalcomuna": 10310, "prct_apellido": 1.5519, "Frecuencia provincia": 0.062885, "Frecuencia región": 0.082553, "cod_comuna": "07103"}, {"comuna": "RETIRO", "region": "07. REGION DEL MAULE", "provincia": "Linares", "totalapellido": 289, "totalcomuna": 17602, "prct_apellido": 1.6419, "Frecuencia provincia": 0.120949, "Frecuencia región": 0.082553, "cod_comuna": "07405"}, {"comuna": "COINCO", "region": "06. REGION DEL LIBERTADOR GENERAL BERNARDO O'HIGGINS", "provincia": "Cachapoal", "totalapellido": 113, "totalcomuna": 7240, "prct_apellido": 1.5608, "Frecuencia provincia": 0.061427, "Frecuencia región": 0.074338, "cod_comuna": "06103"}, {"comuna": "SAN PEDRO", "region": "13. REGION METROPOLITANA DE SANTIAGO", "provincia": "Melipilla", "totalapellido": 132, "totalcomuna": 8486, "prct_apellido": 1.5555, "Frecuencia provincia": 0.072308, "Frecuencia región": 0.018986, "cod_comuna": "13505"}, {"comuna": "LONGAVI", "region": "07. REGION DEL MAULE", "provincia": "Linares", "totalapellido": 419, "totalcomuna": 26725, "prct_apellido": 1.5678, "Frecuencia provincia": 0.120949, "Frecuencia región": 0.082553, "cod_comuna": "07403"}, {"comuna": "MALLOA", "region": "06. REGION DEL LIBERTADOR GENERAL BERNARDO O'HIGGINS", "provincia": "Cachapoal", "totalapellido": 150, "totalcomuna": 12310, "prct_apellido": 1.2185, "Frecuencia provincia": 0.061427, "Frecuencia región": 0.074338, "cod_comuna": "06109"}, {"comuna": "RIO NEGRO", "region": "10. REGION DE LOS LAGOS", "provincia": "Osorno", "totalapellido": 187, "totalcomuna": 13459, "prct_apellido": 1.3894, "Frecuencia provincia": 0.047856, "Frecuencia región": 0.052521, "cod_comuna": "10305"}, {"comuna": "OLMUE", "region": "05. REGION DE VALPARAISO", "provincia": "Marga Marga", "totalapellido": 229, "totalcomuna": 16406, "prct_apellido": 1.3958, "Frecuencia provincia": 0.034753, "Frecuencia región": 0.029341, "cod_comuna": "05803"}, {"comuna": "FUTALEUFU", "region": "10. REGION DE LOS LAGOS", "provincia": "Palena", "totalapellido": 39, "totalcomuna": 3856, "prct_apellido": 1.0114, "Frecuencia provincia": 0.256614, "Frecuencia región": 0.052521, "cod_comuna": "10402"}, {"comuna": "CURANILAHUE", "region": "08. REGION DEL BIOBIO", "provincia": "Arauco", "totalapellido": 400, "totalcomuna": 30624, "prct_apellido": 1.3062, "Frecuencia provincia": 0.169853, "Frecuencia región": 0.056049, "cod_comuna": "08205"}, {"comuna": "OSORNO", "region": "10. REGION DE LOS LAGOS", "provincia": "Osorno", "totalapellido": 1714, "totalcomuna": 143162, "prct_apellido": 1.1972, "Frecuencia provincia": 0.047856, "Frecuencia región": 0.052521, "cod_comuna": "10301"}, {"comuna": "LOS SAUCES", "region": "09. REGION DE LA ARAUCANIA", "provincia": "Malleco", "totalapellido": 98, "totalcomuna": 7531, "prct_apellido": 1.3013, "Frecuencia provincia": 0.133465, "Frecuencia región": 0.051873, "cod_comuna": "09206"}, {"comuna": "PUYEHUE", "region": "10. REGION DE LOS LAGOS", "provincia": "Osorno", "totalapellido": 157, "totalcomuna": 11597, "prct_apellido": 1.3538, "Frecuencia provincia": 0.047856, "Frecuencia región": 0.052521, "cod_comuna": "10304"}, {"comuna": "LAJA", "region": "08. REGION DEL BIOBIO", "provincia": "Biobío", "totalapellido": 205, "totalcomuna": 21610, "prct_apellido": 0.9486, "Frecuencia provincia": 0.077416, "Frecuencia región": 0.056049, "cod_comuna": "08304"}, {"comuna": "ÑIQUEN", "region": "16. REGION DE ÑUBLE", "provincia": "Punilla", "totalapellido": 115, "totalcomuna": 10642, "prct_apellido": 1.0806, "Frecuencia provincia": 0.169589, "Frecuencia región": 0.0859, "cod_comuna": "16303"}, {"comuna": "CONTULMO", "region": "08. REGION DEL BIOBIO", "provincia": "Arauco", "totalapellido": 71, "totalcomuna": 6052, "prct_apellido": 1.1732, "Frecuencia provincia": 0.169853, "Frecuencia región": 0.056049, "cod_comuna": "08204"}, {"comuna": "CHOLCHOL", "region": "09. REGION DE LA ARAUCANIA", "provincia": "Cautín", "totalapellido": 92, "totalcomuna": 11095, "prct_apellido": 0.8292, "Frecuencia provincia": 0.043946, "Frecuencia región": 0.051873, "cod_comuna": "09121"}, {"comuna": "TILTIL", "region": "13. REGION METROPOLITANA DE SANTIAGO", "provincia": "Chacabuco", "totalapellido": 172, "totalcomuna": 14869, "prct_apellido": 1.1568, "Frecuencia provincia": 0.035407, "Frecuencia región": 0.018986, "cod_comuna": "13303"}, {"comuna": "ISLA DE MAIPO", "region": "13. REGION METROPOLITANA DE SANTIAGO", "provincia": "Talagante", "totalapellido": 292, "totalcomuna": 27965, "prct_apellido": 1.0442, "Frecuencia provincia": 0.065142, "Frecuencia región": 0.018986, "cod_comuna": "13603"}, {"comuna": "RENGO", "region": "06. REGION DEL LIBERTADOR GENERAL BERNARDO O'HIGGINS", "provincia": "Cachapoal", "totalapellido": 495, "totalcomuna": 48595, "prct_apellido": 1.0186, "Frecuencia provincia": 0.061427, "Frecuencia región": 0.074338, "cod_comuna": "06115"}, {"comuna": "COLBUN", "region": "07. REGION DEL MAULE", "provincia": "Linares", "totalapellido": 162, "totalcomuna": 18445, "prct_apellido": 0.8783, "Frecuencia provincia": 0.120949, "Frecuencia región": 0.082553, "cod_comuna": "07402"}, {"comuna": "LA CRUZ", "region": "05. REGION DE VALPARAISO", "provincia": "Quillota", "totalapellido": 144, "totalcomuna": 16329, "prct_apellido": 0.8819, "Frecuencia provincia": 0.079787, "Frecuencia región": 0.029341, "cod_comuna": "05504"}, {"comuna": "LINARES", "region": "07. REGION DEL MAULE", "provincia": "Linares", "totalapellido": 758, "totalcomuna": 81744, "prct_apellido": 0.9273, "Frecuencia provincia": 0.120949, "Frecuencia región": 0.082553, "cod_comuna": "07401"}, {"comuna": "CHILLAN VIEJO", "region": "16. REGION DE ÑUBLE", "provincia": "Diguillín", "totalapellido": 231, "totalcomuna": 22462, "prct_apellido": 1.0284, "Frecuencia provincia": 0.065041, "Frecuencia región": 0.0859, "cod_comuna": "16103"}, {"comuna": "LA LIGUA", "region": "05. REGION DE VALPARAISO", "provincia": "Petorca", "totalapellido": 288, "totalcomuna": 30181, "prct_apellido": 0.9542, "Frecuencia provincia": 0.160073, "Frecuencia región": 0.029341, "cod_comuna": "05401"}, {"comuna": "ARAUCO", "region": "08. REGION DEL BIOBIO", "provincia": "Arauco", "totalapellido": 267, "totalcomuna": 31158, "prct_apellido": 0.8569, "Frecuencia provincia": 0.169853, "Frecuencia región": 0.056049, "cod_comuna": "08202"}, {"comuna": "DOÑIHUE", "region": "06. REGION DEL LIBERTADOR GENERAL BERNARDO O'HIGGINS", "provincia": "Cachapoal", "totalapellido": 161, "totalcomuna": 18424, "prct_apellido": 0.8739, "Frecuencia provincia": 0.061427, "Frecuencia región": 0.074338, "cod_comuna": "06105"}, {"comuna": "SAN FERNANDO", "region": "06. REGION DEL LIBERTADOR GENERAL BERNARDO O'HIGGINS", "provincia": "Colchagua", "totalapellido": 532, "totalcomuna": 62989, "prct_apellido": 0.8446, "Frecuencia provincia": 0.12967, "Frecuencia región": 0.074338, "cod_comuna": "06301"}, {"comuna": "SANTO DOMINGO", "region": "05. REGION DE VALPARAISO", "provincia": "San Antonio", "totalapellido": 137, "totalcomuna": 11535, "prct_apellido": 1.1877, "Frecuencia provincia": 0.076723, "Frecuencia región": 0.029341, "cod_comuna": "05606"}, {"comuna": "LO ESPEJO", "region": "13. REGION METROPOLITANA DE SANTIAGO", "provincia": "Santiago", "totalapellido": 809, "totalcomuna": 90849, "prct_apellido": 0.8905, "Frecuencia provincia": 0.017023, "Frecuencia región": 0.018986, "cod_comuna": "13116"}, {"comuna": "CHAÑARAL", "region": "03. REGION DE ATACAMA", "provincia": "Chañaral", "totalapellido": 99, "totalcomuna": 12045, "prct_apellido": 0.8219, "Frecuencia provincia": 0.158476, "Frecuencia región": 0.058317, "cod_comuna": "03201"}, {"comuna": "FUTRONO", "region": "14. REGION DE LOS RIOS", "provincia": "Ranco", "totalapellido": 114, "totalcomuna": 14637, "prct_apellido": 0.7788, "Frecuencia provincia": 0.112447, "Frecuencia región": 0.0544, "cod_comuna": "14202"}, {"comuna": "MELIPILLA", "region": "13. REGION METROPOLITANA DE SANTIAGO", "provincia": "Melipilla", "totalapellido": 933, "totalcomuna": 97217, "prct_apellido": 0.9597, "Frecuencia provincia": 0.072308, "Frecuencia región": 0.018986, "cod_comuna": "13501"}, {"comuna": "ALGARROBO", "region": "05. REGION DE VALPARAISO", "provincia": "San Antonio", "totalapellido": 101, "totalcomuna": 13779, "prct_apellido": 0.733, "Frecuencia provincia": 0.076723, "Frecuencia región": 0.029341, "cod_comuna": "05602"}, {"comuna": "LOTA", "region": "08. REGION DEL BIOBIO", "provincia": "Concepción", "totalapellido": 409, "totalcomuna": 47936, "prct_apellido": 0.8532, "Frecuencia provincia": 0.045559, "Frecuencia región": 0.056049, "cod_comuna": "08106"}, {"comuna": "SAN ANTONIO", "region": "05. REGION DE VALPARAISO", "provincia": "San Antonio", "totalapellido": 739, "totalcomuna": 78443, "prct_apellido": 0.9421, "Frecuencia provincia": 0.076723, "Frecuencia región": 0.029341, "cod_comuna": "05601"}, {"comuna": "PICA", "region": "01. REGION DE TARAPACA", "provincia": "Tamarugal", "totalapellido": 44, "totalcomuna": 5779, "prct_apellido": 0.7614, "Frecuencia provincia": 0.130887, "Frecuencia región": 0.02576, "cod_comuna": "01405"}, {"comuna": "RANCAGUA", "region": "06. REGION DEL LIBERTADOR GENERAL BERNARDO O'HIGGINS", "provincia": "Cachapoal", "totalapellido": 1644, "totalcomuna": 194487, "prct_apellido": 0.8453, "Frecuencia provincia": 0.061427, "Frecuencia región": 0.074338, "cod_comuna": "06101"}, {"comuna": "LA UNION", "region": "14. REGION DE LOS RIOS", "provincia": "Ranco", "totalapellido": 274, "totalcomuna": 35754, "prct_apellido": 0.7663, "Frecuencia provincia": 0.112447, "Frecuencia región": 0.0544, "cod_comuna": "14201"}, {"comuna": "LO BARNECHEA", "region": "13. REGION METROPOLITANA DE SANTIAGO", "provincia": "Santiago", "totalapellido": 675, "totalcomuna": 82669, "prct_apellido": 0.8165, "Frecuencia provincia": 0.017023, "Frecuencia región": 0.018986, "cod_comuna": "13115"}, {"comuna": "ANTARTICA", "region": "12. REGION DE MAGALLANES Y DE LA ANTARTICA CHILENA", "provincia": "Antártica Chilena", "totalapellido": 1, "totalcomuna": 243, "prct_apellido": 0.4115, "Frecuencia provincia": 0.282968, "Frecuencia región": 0.037004, "cod_comuna": "12202"}, {"comuna": "RENAICO", "region": "09. REGION DE LA ARAUCANIA", "provincia": "Malleco", "totalapellido": 88, "totalcomuna": 9886, "prct_apellido": 0.8901, "Frecuencia provincia": 0.133465, "Frecuencia región": 0.051873, "cod_comuna": "09209"}, {"comuna": "PITRUFQUEN", "region": "09. REGION DE LA ARAUCANIA", "provincia": "Cautín", "totalapellido": 170, "totalcomuna": 23103, "prct_apellido": 0.7358, "Frecuencia provincia": 0.043946, "Frecuencia región": 0.051873, "cod_comuna": "09114"}, {"comuna": "LA HIGUERA", "region": "04. REGION DE COQUIMBO", "provincia": "Elqui", "totalapellido": 32, "totalcomuna": 4505, "prct_apellido": 0.7103, "Frecuencia provincia": 0.034381, "Frecuencia región": 0.046565, "cod_comuna": "04104"}, {"comuna": "PUERTO VARAS", "region": "10. REGION DE LOS LAGOS", "provincia": "Llanquihue", "totalapellido": 302, "totalcomuna": 42326, "prct_apellido": 0.7135, "Frecuencia provincia": 0.042563, "Frecuencia región": 0.052521, "cod_comuna": "10109"}, {"comuna": "LOS ALAMOS", "region": "08. REGION DEL BIOBIO", "provincia": "Arauco", "totalapellido": 144, "totalcomuna": 18060, "prct_apellido": 0.7973, "Frecuencia provincia": 0.169853, "Frecuencia región": 0.056049, "cod_comuna": "08206"}, {"comuna": "QUILLOTA", "region": "05. REGION DE VALPARAISO", "provincia": "Quillota", "totalapellido": 587, "totalcomuna": 75479, "prct_apellido": 0.7777, "Frecuencia provincia": 0.079787, "Frecuencia región": 0.029341, "cod_comuna": "05501"}, {"comuna": "NAVIDAD", "region": "06. REGION DEL LIBERTADOR GENERAL BERNARDO O'HIGGINS", "provincia": "Cardenal Caro", "totalapellido": 53, "totalcomuna": 7008, "prct_apellido": 0.7563, "Frecuencia provincia": 0.199859, "Frecuencia región": 0.074338, "cod_comuna": "06205"}, {"comuna": "HUARA", "region": "01. REGION DE TARAPACA", "provincia": "Tamarugal", "totalapellido": 63, "totalcomuna": 9373, "prct_apellido": 0.6721, "Frecuencia provincia": 0.130887, "Frecuencia región": 0.02576, "cod_comuna": "01404"}, {"comuna": "CARTAGENA", "region": "05. REGION DE VALPARAISO", "provincia": "San Antonio", "totalapellido": 135, "totalcomuna": 18227, "prct_apellido": 0.7407, "Frecuencia provincia": 0.076723, "Frecuencia región": 0.029341, "cod_comuna": "05603"}, {"comuna": "LAS CABRAS", "region": "06. REGION DEL LIBERTADOR GENERAL BERNARDO O'HIGGINS", "provincia": "Cachapoal", "totalapellido": 138, "totalcomuna": 20393, "prct_apellido": 0.6767, "Frecuencia provincia": 0.061427, "Frecuencia región": 0.074338, "cod_comuna": "06107"}, {"comuna": "PURRANQUE", "region": "10. REGION DE LOS LAGOS", "provincia": "Osorno", "totalapellido": 151, "totalcomuna": 19882, "prct_apellido": 0.7595, "Frecuencia provincia": 0.047856, "Frecuencia región": 0.052521, "cod_comuna": "10303"}, {"comuna": "ANGOL", "region": "09. REGION DE LA ARAUCANIA", "provincia": "Malleco", "totalapellido": 322, "totalcomuna": 47137, "prct_apellido": 0.6831, "Frecuencia provincia": 0.133465, "Frecuencia región": 0.051873, "cod_comuna": "09201"}, {"comuna": "O'HIGGINS", "region": "11. REGION DE AYSEN DEL GENERAL CARLOS IBAÑEZ DEL CAMPO", "provincia": "Capitán Prat", "totalapellido": 3, "totalcomuna": 791, "prct_apellido": 0.3793, "Frecuencia provincia": 0.340154, "Frecuencia región": 0.077233, "cod_comuna": "11302"}, {"comuna": "REQUINOA", "region": "06. REGION DEL LIBERTADOR GENERAL BERNARDO O'HIGGINS", "provincia": "Cachapoal", "totalapellido": 156, "totalcomuna": 23028, "prct_apellido": 0.6774, "Frecuencia provincia": 0.061427, "Frecuencia región": 0.074338, "cod_comuna": "06116"}, {"comuna": "SAN CARLOS", "region": "16. REGION DE ÑUBLE", "provincia": "Punilla", "totalapellido": 395, "totalcomuna": 47717, "prct_apellido": 0.8278, "Frecuencia provincia": 0.169589, "Frecuencia región": 0.0859, "cod_comuna": "16301"}, {"comuna": "QUINTA DE TILCOCO", "region": "06. REGION DEL LIBERTADOR GENERAL BERNARDO O'HIGGINS", "provincia": "Cachapoal", "totalapellido": 91, "totalcomuna": 12467, "prct_apellido": 0.7299, "Frecuencia provincia": 0.061427, "Frecuencia región": 0.074338, "cod_comuna": "06114"}, {"comuna": "EL CARMEN", "region": "16. REGION DE ÑUBLE", "provincia": "Diguillín", "totalapellido": 109, "totalcomuna": 12500, "prct_apellido": 0.872, "Frecuencia provincia": 0.065041, "Frecuencia región": 0.0859, "cod_comuna": "16104"}, {"comuna": "SAN JOAQUIN", "region": "13. REGION METROPOLITANA DE SANTIAGO", "provincia": "Santiago", "totalapellido": 580, "totalcomuna": 82325, "prct_apellido": 0.7045, "Frecuencia provincia": 0.017023, "Frecuencia región": 0.018986, "cod_comuna": "13129"}, {"comuna": "CALLE LARGA", "region": "05. REGION DE VALPARAISO", "provincia": "Los Andes", "totalapellido": 87, "totalcomuna": 11445, "prct_apellido": 0.7602, "Frecuencia provincia": 0.083664, "Frecuencia región": 0.029341, "cod_comuna": "05302"}, {"comuna": "EL BOSQUE", "region": "13. REGION METROPOLITANA DE SANTIAGO", "provincia": "Santiago", "totalapellido": 988, "totalcomuna": 137677, "prct_apellido": 0.7176, "Frecuencia provincia": 0.017023, "Frecuencia región": 0.018986, "cod_comuna": "13105"}, {"comuna": "CERRO NAVIA", "region": "13. REGION METROPOLITANA DE SANTIAGO", "provincia": "Santiago", "totalapellido": 870, "totalcomuna": 115479, "prct_apellido": 0.7534, "Frecuencia provincia": 0.017023, "Frecuencia región": 0.018986, "cod_comuna": "13103"}, {"comuna": "MACUL", "region": "13. REGION METROPOLITANA DE SANTIAGO", "provincia": "Santiago", "totalapellido": 723, "totalcomuna": 101340, "prct_apellido": 0.7134, "Frecuencia provincia": 0.017023, "Frecuencia región": 0.018986, "cod_comuna": "13118"}, {"comuna": "EL QUISCO", "region": "05. REGION DE VALPARAISO", "provincia": "San Antonio", "totalapellido": 94, "totalcomuna": 13781, "prct_apellido": 0.6821, "Frecuencia provincia": 0.076723, "Frecuencia región": 0.029341, "cod_comuna": "05604"}, {"comuna": "SAN IGNACIO", "region": "16. REGION DE ÑUBLE", "provincia": "Diguillín", "totalapellido": 161, "totalcomuna": 14632, "prct_apellido": 1.1003, "Frecuencia provincia": 0.065041, "Frecuencia región": 0.0859, "cod_comuna": "16108"}, {"comuna": "ESTACION CENTRAL", "region": "13. REGION METROPOLITANA DE SANTIAGO", "provincia": "Santiago", "totalapellido": 905, "totalcomuna": 127214, "prct_apellido": 0.7114, "Frecuencia provincia": 0.017023, "Frecuencia región": 0.018986, "cod_comuna": "13106"}, {"comuna": "NOGALES", "region": "05. REGION DE VALPARAISO", "provincia": "Quillota", "totalapellido": 128, "totalcomuna": 19698, "prct_apellido": 0.6498, "Frecuencia provincia": 0.079787, "Frecuencia región": 0.029341, "cod_comuna": "05506"}, {"comuna": "SAN ESTEBAN", "region": "05. REGION DE VALPARAISO", "provincia": "Los Andes", "totalapellido": 103, "totalcomuna": 15281, "prct_apellido": 0.674, "Frecuencia provincia": 0.083664, "Frecuencia región": 0.029341, "cod_comuna": "05304"}, {"comuna": "LA REINA", "region": "13. REGION METROPOLITANA DE SANTIAGO", "provincia": "Santiago", "totalapellido": 657, "totalcomuna": 91556, "prct_apellido": 0.7176, "Frecuencia provincia": 0.017023, "Frecuencia región": 0.018986, "cod_comuna": "13113"}, {"comuna": "PUENTE ALTO", "region": "13. REGION METROPOLITANA DE SANTIAGO", "provincia": "Cordillera", "totalapellido": 2730, "totalcomuna": 399739, "prct_apellido": 0.6829, "Frecuencia provincia": 0.019022, "Frecuencia región": 0.018986, "cod_comuna": "13201"}, {"comuna": "VICTORIA", "region": "09. REGION DE LA ARAUCANIA", "provincia": "Malleco", "totalapellido": 224, "totalcomuna": 32716, "prct_apellido": 0.6847, "Frecuencia provincia": 0.133465, "Frecuencia región": 0.051873, "cod_comuna": "09211"}, {"comuna": "RECOLETA", "region": "13. REGION METROPOLITANA DE SANTIAGO", "provincia": "Santiago", "totalapellido": 1006, "totalcomuna": 142696, "prct_apellido": 0.705, "Frecuencia provincia": 0.017023, "Frecuencia región": 0.018986, "cod_comuna": "13127"}, {"comuna": "CAMARONES", "region": "15. REGION DE ARICA Y PARINACOTA", "provincia": "Arica", "totalapellido": 32, "totalcomuna": 3392, "prct_apellido": 0.9434, "Frecuencia provincia": 0.025797, "Frecuencia región": 0.026725, "cod_comuna": "15102"}, {"comuna": "LA CISTERNA", "region": "13. REGION METROPOLITANA DE SANTIAGO", "provincia": "Santiago", "totalapellido": 639, "totalcomuna": 83246, "prct_apellido": 0.7676, "Frecuencia provincia": 0.017023, "Frecuencia región": 0.018986, "cod_comuna": "13109"}, {"comuna": "SAN VICENTE", "region": "06. REGION DEL LIBERTADOR GENERAL BERNARDO O'HIGGINS", "provincia": "Cachapoal", "totalapellido": 289, "totalcomuna": 40523, "prct_apellido": 0.7132, "Frecuencia provincia": 0.061427, "Frecuencia región": 0.074338, "cod_comuna": "06117"}, {"comuna": "VITACURA", "region": "13. REGION METROPOLITANA DE SANTIAGO", "provincia": "Santiago", "totalapellido": 680, "totalcomuna": 89311, "prct_apellido": 0.7614, "Frecuencia provincia": 0.017023, "Frecuencia región": 0.018986, "cod_comuna": "13132"}, {"comuna": "MACHALI", "region": "06. REGION DEL LIBERTADOR GENERAL BERNARDO O'HIGGINS", "provincia": "Cachapoal", "totalapellido": 286, "totalcomuna": 37103, "prct_apellido": 0.7708, "Frecuencia provincia": 0.061427, "Frecuencia región": 0.074338, "cod_comuna": "06108"}, {"comuna": "SAN BERNARDO", "region": "13. REGION METROPOLITANA DE SANTIAGO", "provincia": "Maipo", "totalapellido": 1567, "totalcomuna": 228196, "prct_apellido": 0.6867, "Frecuencia provincia": 0.033289, "Frecuencia región": 0.018986, "cod_comuna": "13401"}, {"comuna": "CALAMA", "region": "02. REGION DE ANTOFAGASTA", "provincia": "El Loa", "totalapellido": 856, "totalcomuna": 132333, "prct_apellido": 0.6469, "Frecuencia provincia": 0.035053, "Frecuencia región": 0.025007, "cod_comuna": "02201"}, {"comuna": "LA PINTANA", "region": "13. REGION METROPOLITANA DE SANTIAGO", "provincia": "Santiago", "totalapellido": 945, "totalcomuna": 139100, "prct_apellido": 0.6794, "Frecuencia provincia": 0.017023, "Frecuencia región": 0.018986, "cod_comuna": "13112"}, {"comuna": "PEÑAFLOR", "region": "13. REGION METROPOLITANA DE SANTIAGO", "provincia": "Talagante", "totalapellido": 496, "totalcomuna": 72543, "prct_apellido": 0.6837, "Frecuencia provincia": 0.065142, "Frecuencia región": 0.018986, "cod_comuna": "13605"}, {"comuna": "TALCAHUANO", "region": "08. REGION DEL BIOBIO", "provincia": "Concepción", "totalapellido": 858, "totalcomuna": 132327, "prct_apellido": 0.6484, "Frecuencia provincia": 0.045559, "Frecuencia región": 0.056049, "cod_comuna": "08110"}, {"comuna": "LIMACHE", "region": "05. REGION DE VALPARAISO", "provincia": "Marga Marga", "totalapellido": 317, "totalcomuna": 39423, "prct_apellido": 0.8041, "Frecuencia provincia": 0.034753, "Frecuencia región": 0.029341, "cod_comuna": "05802"}, {"comuna": "QUILPUE", "region": "05. REGION DE VALPARAISO", "provincia": "Marga Marga", "totalapellido": 874, "totalcomuna": 134448, "prct_apellido": 0.6501, "Frecuencia provincia": 0.034753, "Frecuencia región": 0.029341, "cod_comuna": "05801"}, {"comuna": "SAN JOSE DE MAIPO", "region": "13. REGION METROPOLITANA DE SANTIAGO", "provincia": "Cordillera", "totalapellido": 110, "totalcomuna": 15853, "prct_apellido": 0.6939, "Frecuencia provincia": 0.019022, "Frecuencia región": 0.018986, "cod_comuna": "13203"}, {"comuna": "VILLA ALEMANA", "region": "05. REGION DE VALPARAISO", "provincia": "Marga Marga", "totalapellido": 676, "totalcomuna": 98544, "prct_apellido": 0.686, "Frecuencia provincia": 0.034753, "Frecuencia región": 0.029341, "cod_comuna": "05804"}, {"comuna": "RIO VERDE", "region": "12. REGION DE MAGALLANES Y DE LA ANTARTICA CHILENA", "provincia": "Magallanes", "totalapellido": 3, "totalcomuna": 883, "prct_apellido": 0.3398, "Frecuencia provincia": 0.031287, "Frecuencia región": 0.037004, "cod_comuna": "12103"}, {"comuna": "MAIPU", "region": "13. REGION METROPOLITANA DE SANTIAGO", "provincia": "Santiago", "totalapellido": 2710, "totalcomuna": 389758, "prct_apellido": 0.6953, "Frecuencia provincia": 0.017023, "Frecuencia región": 0.018986, "cod_comuna": "13119"}, {"comuna": "LA FLORIDA", "region": "13. REGION METROPOLITANA DE SANTIAGO", "provincia": "Santiago", "totalapellido": 2020, "totalcomuna": 307414, "prct_apellido": 0.6571, "Frecuencia provincia": 0.017023, "Frecuencia región": 0.018986, "cod_comuna": "13110"}, {"comuna": "SAN MIGUEL", "region": "13. REGION METROPOLITANA DE SANTIAGO", "provincia": "Santiago", "totalapellido": 740, "totalcomuna": 105090, "prct_apellido": 0.7042, "Frecuencia provincia": 0.017023, "Frecuencia región": 0.018986, "cod_comuna": "13130"}, {"comuna": "EL TABO", "region": "05. REGION DE VALPARAISO", "provincia": "San Antonio", "totalapellido": 76, "totalcomuna": 11931, "prct_apellido": 0.637, "Frecuencia provincia": 0.076723, "Frecuencia región": 0.029341, "cod_comuna": "05605"}, {"comuna": "QUILICURA", "region": "13. REGION METROPOLITANA DE SANTIAGO", "provincia": "Santiago", "totalapellido": 928, "totalcomuna": 139914, "prct_apellido": 0.6633, "Frecuencia provincia": 0.017023, "Frecuencia región": 0.018986, "cod_comuna": "13125"}, {"comuna": "VIÑA DEL MAR", "region": "05. REGION DE VALPARAISO", "provincia": "Valparaíso", "totalapellido": 1964, "totalcomuna": 301370, "prct_apellido": 0.6517, "Frecuencia provincia": 0.017698, "Frecuencia región": 0.029341, "cod_comuna": "05109"}, {"comuna": "CONCHALI", "region": "13. REGION METROPOLITANA DE SANTIAGO", "provincia": "Santiago", "totalapellido": 795, "totalcomuna": 118624, "prct_apellido": 0.6702, "Frecuencia provincia": 0.017023, "Frecuencia región": 0.018986, "cod_comuna": "13104"}, {"comuna": "GORBEA", "region": "09. REGION DE LA ARAUCANIA", "provincia": "Cautín", "totalapellido": 76, "totalcomuna": 15659, "prct_apellido": 0.4853, "Frecuencia provincia": 0.043946, "Frecuencia región": 0.051873, "cod_comuna": "09107"}, {"comuna": "LONCOCHE", "region": "09. REGION DE LA ARAUCANIA", "provincia": "Cautín", "totalapellido": 123, "totalcomuna": 23193, "prct_apellido": 0.5303, "Frecuencia provincia": 0.043946, "Frecuencia región": 0.051873, "cod_comuna": "09109"}, {"comuna": "CALERA DE TANGO", "region": "13. REGION METROPOLITANA DE SANTIAGO", "provincia": "Maipo", "totalapellido": 144, "totalcomuna": 22305, "prct_apellido": 0.6456, "Frecuencia provincia": 0.033289, "Frecuencia región": 0.018986, "cod_comuna": "13403"}, {"comuna": "QUINTERO", "region": "05. REGION DE VALPARAISO", "provincia": "Valparaíso", "totalapellido": 157, "totalcomuna": 24756, "prct_apellido": 0.6342, "Frecuencia provincia": 0.017698, "Frecuencia región": 0.029341, "cod_comuna": "05107"}, {"comuna": "MOLINA", "region": "07. REGION DEL MAULE", "provincia": "Curicó", "totalapellido": 254, "totalcomuna": 39426, "prct_apellido": 0.6442, "Frecuencia provincia": 0.081137, "Frecuencia región": 0.082553, "cod_comuna": "07304"}, {"comuna": "LA GRANJA", "region": "13. REGION METROPOLITANA DE SANTIAGO", "provincia": "Santiago", "totalapellido": 683, "totalcomuna": 103905, "prct_apellido": 0.6573, "Frecuencia provincia": 0.017023, "Frecuencia región": 0.018986, "cod_comuna": "13111"}, {"comuna": "MULCHEN", "region": "08. REGION DEL BIOBIO", "provincia": "Biobío", "totalapellido": 179, "totalcomuna": 26828, "prct_apellido": 0.6672, "Frecuencia provincia": 0.077416, "Frecuencia región": 0.056049, "cod_comuna": "08305"}, {"comuna": "HUECHURABA", "region": "13. REGION METROPOLITANA DE SANTIAGO", "provincia": "Santiago", "totalapellido": 449, "totalcomuna": 73498, "prct_apellido": 0.6109, "Frecuencia provincia": 0.017023, "Frecuencia región": 0.018986, "cod_comuna": "13107"}, {"comuna": "PELARCO", "region": "07. REGION DEL MAULE", "provincia": "Talca", "totalapellido": 52, "totalcomuna": 8540, "prct_apellido": 0.6089, "Frecuencia provincia": 0.062885, "Frecuencia región": 0.082553, "cod_comuna": "07106"}, {"comuna": "IQUIQUE", "region": "01. REGION DE TARAPACA", "provincia": "Iquique", "totalapellido": 1046, "totalcomuna": 167553, "prct_apellido": 0.6243, "Frecuencia provincia": 0.023146, "Frecuencia región": 0.02576, "cod_comuna": "01101"}, {"comuna": "AISEN", "region": "11. REGION DE AYSEN DEL GENERAL CARLOS IBAÑEZ DEL CAMPO", "provincia": NaN, "totalapellido": 112, "totalcomuna": 22587, "prct_apellido": 0.4959, "Frecuencia provincia": NaN, "Frecuencia región": 0.077233, "cod_comuna": null}, {"comuna": "HUALAÑE", "region": "07. REGION DEL MAULE", "provincia": "Curicó", "totalapellido": 54, "totalcomuna": 9784, "prct_apellido": 0.5519, "Frecuencia provincia": 0.081137, "Frecuencia región": 0.082553, "cod_comuna": "07302"}, {"comuna": "SAN RAMON", "region": "13. REGION METROPOLITANA DE SANTIAGO", "provincia": "Santiago", "totalapellido": 534, "totalcomuna": 81793, "prct_apellido": 0.6529, "Frecuencia provincia": 0.017023, "Frecuencia región": 0.018986, "cod_comuna": "13131"}, {"comuna": "LLAILLAY", "region": "05. REGION DE VALPARAISO", "provincia": "San Felipe de Aconcagua", "totalapellido": 139, "totalcomuna": 20915, "prct_apellido": 0.6646, "Frecuencia provincia": 0.102948, "Frecuencia región": 0.029341, "cod_comuna": "05703"}, {"comuna": "LO PRADO", "region": "13. REGION METROPOLITANA DE SANTIAGO", "provincia": "Santiago", "totalapellido": 608, "totalcomuna": 88885, "prct_apellido": 0.684, "Frecuencia provincia": 0.017023, "Frecuencia región": 0.018986, "cod_comuna": "13117"}, {"comuna": "PEDRO AGUIRRE CERDA", "region": "13. REGION METROPOLITANA DE SANTIAGO", "provincia": "Santiago", "totalapellido": 653, "totalcomuna": 93161, "prct_apellido": 0.7009, "Frecuencia provincia": 0.017023, "Frecuencia región": 0.018986, "cod_comuna": "13121"}, {"comuna": "SAN PEDRO DE LA PAZ", "region": "08. REGION DEL BIOBIO", "provincia": "Concepción", "totalapellido": 532, "totalcomuna": 89479, "prct_apellido": 0.5946, "Frecuencia provincia": 0.045559, "Frecuencia región": 0.056049, "cod_comuna": "08108"}, {"comuna": "INDEPENDENCIA", "region": "13. REGION METROPOLITANA DE SANTIAGO", "provincia": "Santiago", "totalapellido": 568, "totalcomuna": 82629, "prct_apellido": 0.6874, "Frecuencia provincia": 0.017023, "Frecuencia región": 0.018986, "cod_comuna": "13108"}, {"comuna": "LOS LAGOS", "region": "14. REGION DE LOS RIOS", "provincia": "Valdivia", "totalapellido": 114, "totalcomuna": 19069, "prct_apellido": 0.5978, "Frecuencia provincia": 0.046113, "Frecuencia región": 0.0544, "cod_comuna": "14104"}, {"comuna": "NEGRETE", "region": "08. REGION DEL BIOBIO", "provincia": "Biobío", "totalapellido": 62, "totalcomuna": 9086, "prct_apellido": 0.6824, "Frecuencia provincia": 0.077416, "Frecuencia región": 0.056049, "cod_comuna": "08307"}, {"comuna": "LAMPA", "region": "13. REGION METROPOLITANA DE SANTIAGO", "provincia": "Chacabuco", "totalapellido": 416, "totalcomuna": 59623, "prct_apellido": 0.6977, "Frecuencia provincia": 0.035407, "Frecuencia región": 0.018986, "cod_comuna": "13302"}, {"comuna": "LAUTARO", "region": "09. REGION DE LA ARAUCANIA", "provincia": "Cautín", "totalapellido": 203, "totalcomuna": 34252, "prct_apellido": 0.5927, "Frecuencia provincia": 0.043946, "Frecuencia región": 0.051873, "cod_comuna": "09108"}, {"comuna": "PEÑALOLEN", "region": "13. REGION METROPOLITANA DE SANTIAGO", "provincia": "Santiago", "totalapellido": 1257, "totalcomuna": 191707, "prct_apellido": 0.6557, "Frecuencia provincia": 0.017023, "Frecuencia región": 0.018986, "cod_comuna": "13122"}, {"comuna": "ÑUÑOA", "region": "13. REGION METROPOLITANA DE SANTIAGO", "provincia": "Santiago", "totalapellido": 1273, "totalcomuna": 197198, "prct_apellido": 0.6455, "Frecuencia provincia": 0.017023, "Frecuencia región": 0.018986, "cod_comuna": "13120"}, {"comuna": "BUIN", "region": "13. REGION METROPOLITANA DE SANTIAGO", "provincia": "Maipo", "totalapellido": 479, "totalcomuna": 75333, "prct_apellido": 0.6358, "Frecuencia provincia": 0.033289, "Frecuencia región": 0.018986, "cod_comuna": "13402"}, {"comuna": "QUINTA NORMAL", "region": "13. REGION METROPOLITANA DE SANTIAGO", "provincia": "Santiago", "totalapellido": 691, "totalcomuna": 102529, "prct_apellido": 0.674, "Frecuencia provincia": 0.017023, "Frecuencia región": 0.018986, "cod_comuna": "13126"}, {"comuna": "SAN ROSENDO", "region": "08. REGION DEL BIOBIO", "provincia": "Biobío", "totalapellido": 51, "totalcomuna": 4424, "prct_apellido": 1.1528, "Frecuencia provincia": 0.077416, "Frecuencia región": 0.056049, "cod_comuna": "08310"}, {"comuna": "CORONEL", "region": "08. REGION DEL BIOBIO", "provincia": "Concepción", "totalapellido": 536, "totalcomuna": 89810, "prct_apellido": 0.5968, "Frecuencia provincia": 0.045559, "Frecuencia región": 0.056049, "cod_comuna": "08102"}, {"comuna": "GRANEROS", "region": "06. REGION DEL LIBERTADOR GENERAL BERNARDO O'HIGGINS", "provincia": "Cachapoal", "totalapellido": 167, "totalcomuna": 26877, "prct_apellido": 0.6213, "Frecuencia provincia": 0.061427, "Frecuencia región": 0.074338, "cod_comuna": "06106"}, {"comuna": "PAILLACO", "region": "14. REGION DE LOS RIOS", "provincia": "Valdivia", "totalapellido": 111, "totalcomuna": 19259, "prct_apellido": 0.5764, "Frecuencia provincia": 0.046113, "Frecuencia región": 0.0544, "cod_comuna": "14107"}, {"comuna": "COLINA", "region": "13. REGION METROPOLITANA DE SANTIAGO", "provincia": "Chacabuco", "totalapellido": 575, "totalcomuna": 90446, "prct_apellido": 0.6357, "Frecuencia provincia": 0.035407, "Frecuencia región": 0.018986, "cod_comuna": "13301"}, {"comuna": "PAINE", "region": "13. REGION METROPOLITANA DE SANTIAGO", "provincia": "Maipo", "totalapellido": 333, "totalcomuna": 53793, "prct_apellido": 0.619, "Frecuencia provincia": 0.033289, "Frecuencia región": 0.018986, "cod_comuna": "13404"}, {"comuna": "CHILLAN", "region": "16. REGION DE ÑUBLE", "provincia": "Diguillín", "totalapellido": 980, "totalcomuna": 152723, "prct_apellido": 0.6417, "Frecuencia provincia": 0.065041, "Frecuencia región": 0.0859, "cod_comuna": "16101"}, {"comuna": "PIRQUE", "region": "13. REGION METROPOLITANA DE SANTIAGO", "provincia": "Cordillera", "totalapellido": 123, "totalcomuna": 22646, "prct_apellido": 0.5431, "Frecuencia provincia": 0.019022, "Frecuencia región": 0.018986, "cod_comuna": "13202"}, {"comuna": "TENO", "region": "07. REGION DEL MAULE", "provincia": "Curicó", "totalapellido": 160, "totalcomuna": 24958, "prct_apellido": 0.6411, "Frecuencia provincia": 0.081137, "Frecuencia región": 0.082553, "cod_comuna": "07308"}, {"comuna": "NACIMIENTO", "region": "08. REGION DEL BIOBIO", "provincia": "Biobío", "totalapellido": 200, "totalcomuna": 24671, "prct_apellido": 0.8107, "Frecuencia provincia": 0.077416, "Frecuencia región": 0.056049, "cod_comuna": "08306"}, {"comuna": "CALERA", "region": "05. REGION DE VALPARAISO", "provincia": "Quillota", "totalapellido": 284, "totalcomuna": 44980, "prct_apellido": 0.6314, "Frecuencia provincia": 0.079787, "Frecuencia región": 0.029341, "cod_comuna": "05502"}, {"comuna": "LAS CONDES", "region": "13. REGION METROPOLITANA DE SANTIAGO", "provincia": "Santiago", "totalapellido": 1687, "totalcomuna": 269517, "prct_apellido": 0.6259, "Frecuencia provincia": 0.017023, "Frecuencia región": 0.018986, "cod_comuna": "13114"}, {"comuna": "PUDAHUEL", "region": "13. REGION METROPOLITANA DE SANTIAGO", "provincia": "Santiago", "totalapellido": 1061, "totalcomuna": 168984, "prct_apellido": 0.6279, "Frecuencia provincia": 0.017023, "Frecuencia región": 0.018986, "cod_comuna": "13124"}, {"comuna": "CERRILLOS", "region": "13. REGION METROPOLITANA DE SANTIAGO", "provincia": "Santiago", "totalapellido": 425, "totalcomuna": 67537, "prct_apellido": 0.6293, "Frecuencia provincia": 0.017023, "Frecuencia región": 0.018986, "cod_comuna": "13102"}, {"comuna": "CASABLANCA", "region": "05. REGION DE VALPARAISO", "provincia": "Valparaíso", "totalapellido": 151, "totalcomuna": 22469, "prct_apellido": 0.672, "Frecuencia provincia": 0.017698, "Frecuencia región": 0.029341, "cod_comuna": "05102"}, {"comuna": "BULNES", "region": "16. REGION DE ÑUBLE", "provincia": "Diguillín", "totalapellido": 116, "totalcomuna": 20535, "prct_apellido": 0.5649, "Frecuencia provincia": 0.065041, "Frecuencia región": 0.0859, "cod_comuna": "16102"}, {"comuna": "EL MONTE", "region": "13. REGION METROPOLITANA DE SANTIAGO", "provincia": "Talagante", "totalapellido": 177, "totalcomuna": 27822, "prct_apellido": 0.6362, "Frecuencia provincia": 0.065142, "Frecuencia región": 0.018986, "cod_comuna": "13602"}, {"comuna": "TRAIGUEN", "region": "09. REGION DE LA ARAUCANIA", "provincia": "Malleco", "totalapellido": 103, "totalcomuna": 18639, "prct_apellido": 0.5526, "Frecuencia provincia": 0.133465, "Frecuencia región": 0.051873, "cod_comuna": "09210"}, {"comuna": "VALPARAISO", "region": "05. REGION DE VALPARAISO", "provincia": "Valparaíso", "totalapellido": 1847, "totalcomuna": 290125, "prct_apellido": 0.6366, "Frecuencia provincia": 0.017698, "Frecuencia región": 0.029341, "cod_comuna": "05101"}, {"comuna": "ZAPALLAR", "region": "05. REGION DE VALPARAISO", "provincia": "Petorca", "totalapellido": 44, "totalcomuna": 8709, "prct_apellido": 0.5052, "Frecuencia provincia": 0.160073, "Frecuencia región": 0.029341, "cod_comuna": "05405"}, {"comuna": "PRIMAVERA", "region": "12. REGION DE MAGALLANES Y DE LA ANTARTICA CHILENA", "provincia": "Tierra del Fuego", "totalapellido": 6, "totalcomuna": 1341, "prct_apellido": 0.4474, "Frecuencia provincia": 0.192861, "Frecuencia región": 0.037004, "cod_comuna": "12302"}, {"comuna": "VALDIVIA", "region": "14. REGION DE LOS RIOS", "provincia": "Valdivia", "totalapellido": 766, "totalcomuna": 138619, "prct_apellido": 0.5526, "Frecuencia provincia": 0.046113, "Frecuencia región": 0.0544, "cod_comuna": "14101"}, {"comuna": "LLANQUIHUE", "region": "10. REGION DE LOS LAGOS", "provincia": "Llanquihue", "totalapellido": 77, "totalcomuna": 16179, "prct_apellido": 0.4759, "Frecuencia provincia": 0.042563, "Frecuencia región": 0.052521, "cod_comuna": "10107"}, {"comuna": "COCHRANE", "region": "11. REGION DE AYSEN DEL GENERAL CARLOS IBAÑEZ DEL CAMPO", "provincia": "Capitán Prat", "totalapellido": 19, "totalcomuna": 3384, "prct_apellido": 0.5615, "Frecuencia provincia": 0.340154, "Frecuencia región": 0.077233, "cod_comuna": "11301"}, {"comuna": "SANTIAGO", "region": "13. REGION METROPOLITANA DE SANTIAGO", "provincia": "Santiago", "totalapellido": 2002, "totalcomuna": 340282, "prct_apellido": 0.5883, "Frecuencia provincia": 0.017023, "Frecuencia región": 0.018986, "cod_comuna": "13101"}, {"comuna": "COLLIPULLI", "region": "09. REGION DE LA ARAUCANIA", "provincia": "Malleco", "totalapellido": 124, "totalcomuna": 22160, "prct_apellido": 0.5596, "Frecuencia provincia": 0.133465, "Frecuencia región": 0.051873, "cod_comuna": "09202"}, {"comuna": "PROVIDENCIA", "region": "13. REGION METROPOLITANA DE SANTIAGO", "provincia": "Santiago", "totalapellido": 1001, "totalcomuna": 170255, "prct_apellido": 0.5879, "Frecuencia provincia": 0.017023, "Frecuencia región": 0.018986, "cod_comuna": "13123"}, {"comuna": "HUASCO", "region": "03. REGION DE ATACAMA", "provincia": "Huasco", "totalapellido": 33, "totalcomuna": 8409, "prct_apellido": 0.3924, "Frecuencia provincia": 0.121458, "Frecuencia región": 0.058317, "cod_comuna": "03304"}, {"comuna": "TALAGANTE", "region": "13. REGION METROPOLITANA DE SANTIAGO", "provincia": "Talagante", "totalapellido": 365, "totalcomuna": 58141, "prct_apellido": 0.6278, "Frecuencia provincia": 0.065142, "Frecuencia región": 0.018986, "cod_comuna": "13601"}, {"comuna": "FRUTILLAR", "region": "10. REGION DE LOS LAGOS", "provincia": "Llanquihue", "totalapellido": 95, "totalcomuna": 16778, "prct_apellido": 0.5662, "Frecuencia provincia": 0.042563, "Frecuencia región": 0.052521, "cod_comuna": "10105"}, {"comuna": "SANTA CRUZ", "region": "06. REGION DEL LIBERTADOR GENERAL BERNARDO O'HIGGINS", "provincia": "Colchagua", "totalapellido": 168, "totalcomuna": 31217, "prct_apellido": 0.5382, "Frecuencia provincia": 0.12967, "Frecuencia región": 0.074338, "cod_comuna": "06310"}, {"comuna": "LICANTEN", "region": "07. REGION DEL MAULE", "provincia": "Curicó", "totalapellido": 25, "totalcomuna": 6863, "prct_apellido": 0.3643, "Frecuencia provincia": 0.081137, "Frecuencia región": 0.082553, "cod_comuna": "07303"}, {"comuna": "RENCA", "region": "13. REGION METROPOLITANA DE SANTIAGO", "provincia": "Santiago", "totalapellido": 685, "totalcomuna": 116730, "prct_apellido": 0.5868, "Frecuencia provincia": 0.017023, "Frecuencia región": 0.018986, "cod_comuna": "13128"}, {"comuna": "CONCEPCION", "region": "08. REGION DEL BIOBIO", "provincia": "Concepción", "totalapellido": 1050, "totalcomuna": 201066, "prct_apellido": 0.5222, "Frecuencia provincia": 0.045559, "Frecuencia región": 0.056049, "cod_comuna": "08101"}, {"comuna": "CONCON", "region": "05. REGION DE VALPARAISO", "provincia": "Valparaíso", "totalapellido": 209, "totalcomuna": 39439, "prct_apellido": 0.5299, "Frecuencia provincia": 0.017698, "Frecuencia región": 0.029341, "cod_comuna": "05103"}, {"comuna": "ALTO HOSPICIO", "region": "01. REGION DE TARAPACA", "provincia": "Iquique", "totalapellido": 355, "totalcomuna": 58683, "prct_apellido": 0.6049, "Frecuencia provincia": 0.023146, "Frecuencia región": 0.02576, "cod_comuna": "01107"}, {"comuna": "TEMUCO", "region": "09. REGION DE LA ARAUCANIA", "provincia": "Cautín", "totalapellido": 1296, "totalcomuna": 236909, "prct_apellido": 0.547, "Frecuencia provincia": 0.043946, "Frecuencia región": 0.051873, "cod_comuna": "09101"}, {"comuna": "MAFIL", "region": "14. REGION DE LOS RIOS", "provincia": "Valdivia", "totalapellido": 40, "totalcomuna": 7155, "prct_apellido": 0.559, "Frecuencia provincia": 0.046113, "Frecuencia región": 0.0544, "cod_comuna": "14105"}, {"comuna": "SAN PABLO", "region": "10. REGION DE LOS LAGOS", "provincia": "Osorno", "totalapellido": 64, "totalcomuna": 10188, "prct_apellido": 0.6282, "Frecuencia provincia": 0.047856, "Frecuencia región": 0.052521, "cod_comuna": "10307"}, {"comuna": "CAÑETE", "region": "08. REGION DEL BIOBIO", "provincia": "Arauco", "totalapellido": 147, "totalcomuna": 29478, "prct_apellido": 0.4987, "Frecuencia provincia": 0.169853, "Frecuencia región": 0.056049, "cod_comuna": "08203"}, {"comuna": "NUEVA IMPERIAL", "region": "09. REGION DE LA ARAUCANIA", "provincia": "Cautín", "totalapellido": 141, "totalcomuna": 30689, "prct_apellido": 0.4594, "Frecuencia provincia": 0.043946, "Frecuencia región": 0.051873, "cod_comuna": "09111"}, {"comuna": "PUERTO MONTT", "region": "10. REGION DE LOS LAGOS", "provincia": "Llanquihue", "totalapellido": 910, "totalcomuna": 186565, "prct_apellido": 0.4878, "Frecuencia provincia": 0.042563, "Frecuencia región": 0.052521, "cod_comuna": "10101"}, {"comuna": "COLTAUCO", "region": "06. REGION DEL LIBERTADOR GENERAL BERNARDO O'HIGGINS", "provincia": "Cachapoal", "totalapellido": 86, "totalcomuna": 16168, "prct_apellido": 0.5319, "Frecuencia provincia": 0.061427, "Frecuencia región": 0.074338, "cod_comuna": "06104"}, {"comuna": "MEJILLONES", "region": "02. REGION DE ANTOFAGASTA", "provincia": "Antofagasta", "totalapellido": 54, "totalcomuna": 10035, "prct_apellido": 0.5381, "Frecuencia provincia": 0.020817, "Frecuencia región": 0.025007, "cod_comuna": "02102"}, {"comuna": "RIO CLARO", "region": "07. REGION DEL MAULE", "provincia": "Talca", "totalapellido": 54, "totalcomuna": 12024, "prct_apellido": 0.4491, "Frecuencia provincia": 0.062885, "Frecuencia región": 0.082553, "cod_comuna": "07108"}, {"comuna": "TALTAL", "region": "02. REGION DE ANTOFAGASTA", "provincia": "Antofagasta", "totalapellido": 52, "totalcomuna": 10511, "prct_apellido": 0.4947, "Frecuencia provincia": 0.020817, "Frecuencia región": 0.025007, "cod_comuna": "02104"}, {"comuna": "PADRE LAS CASAS", "region": "09. REGION DE LA ARAUCANIA", "provincia": "Cautín", "totalapellido": 306, "totalcomuna": 58858, "prct_apellido": 0.5199, "Frecuencia provincia": 0.043946, "Frecuencia región": 0.051873, "cod_comuna": "09112"}, {"comuna": "CURACAVI", "region": "13. REGION METROPOLITANA DE SANTIAGO", "provincia": "Melipilla", "totalapellido": 113, "totalcomuna": 26345, "prct_apellido": 0.4289, "Frecuencia provincia": 0.072308, "Frecuencia región": 0.018986, "cod_comuna": "13503"}, {"comuna": "ROMERAL", "region": "07. REGION DEL MAULE", "provincia": "Curicó", "totalapellido": 62, "totalcomuna": 13823, "prct_apellido": 0.4485, "Frecuencia provincia": 0.081137, "Frecuencia región": 0.082553, "cod_comuna": "07306"}, {"comuna": "CALDERA", "region": "03. REGION DE ATACAMA", "provincia": "Copiapó", "totalapellido": 76, "totalcomuna": 15024, "prct_apellido": 0.5059, "Frecuencia provincia": 0.043922, "Frecuencia región": 0.058317, "cod_comuna": "03102"}, {"comuna": "SAGRADA FAMILIA", "region": "07. REGION DEL MAULE", "provincia": "Curicó", "totalapellido": 89, "totalcomuna": 15984, "prct_apellido": 0.5568, "Frecuencia provincia": 0.081137, "Frecuencia región": 0.082553, "cod_comuna": "07307"}, {"comuna": "LOS ANDES", "region": "05. REGION DE VALPARAISO", "provincia": "Los Andes", "totalapellido": 305, "totalcomuna": 55969, "prct_apellido": 0.5449, "Frecuencia provincia": 0.083664, "Frecuencia región": 0.029341, "cod_comuna": "05301"}, {"comuna": "HUALPEN", "region": "08. REGION DEL BIOBIO", "provincia": "Concepción", "totalapellido": 385, "totalcomuna": 77561, "prct_apellido": 0.4964, "Frecuencia provincia": 0.045559, "Frecuencia región": 0.056049, "cod_comuna": "08112"}, {"comuna": "PEUMO", "region": "06. REGION DEL LIBERTADOR GENERAL BERNARDO O'HIGGINS", "provincia": "Cachapoal", "totalapellido": 78, "totalcomuna": 12828, "prct_apellido": 0.608, "Frecuencia provincia": 0.061427, "Frecuencia región": 0.074338, "cod_comuna": "06112"}, {"comuna": "SAAVEDRA", "region": "09. REGION DE LA ARAUCANIA", "provincia": "Cautín", "totalapellido": 66, "totalcomuna": 13270, "prct_apellido": 0.4974, "Frecuencia provincia": 0.043946, "Frecuencia región": 0.051873, "cod_comuna": "09116"}, {"comuna": "SANTA MARIA", "region": "05. REGION DE VALPARAISO", "provincia": "San Felipe de Aconcagua", "totalapellido": 53, "totalcomuna": 12123, "prct_apellido": 0.4372, "Frecuencia provincia": 0.102948, "Frecuencia región": 0.029341, "cod_comuna": "05706"}, {"comuna": "LEBU", "region": "08. REGION DEL BIOBIO", "provincia": "Arauco", "totalapellido": 136, "totalcomuna": 22309, "prct_apellido": 0.6096, "Frecuencia provincia": 0.169853, "Frecuencia región": 0.056049, "cod_comuna": "08201"}, {"comuna": "PANGUIPULLI", "region": "14. REGION DE LOS RIOS", "provincia": "Valdivia", "totalapellido": 133, "totalcomuna": 35236, "prct_apellido": 0.3775, "Frecuencia provincia": 0.046113, "Frecuencia región": 0.0544, "cod_comuna": "14108"}, {"comuna": "ANTOFAGASTA", "region": "02. REGION DE ANTOFAGASTA", "provincia": "Antofagasta", "totalapellido": 1391, "totalcomuna": 286950, "prct_apellido": 0.4848, "Frecuencia provincia": 0.020817, "Frecuencia región": 0.025007, "cod_comuna": "02101"}, {"comuna": "COPIAPO", "region": "03. REGION DE ATACAMA", "provincia": "Copiapó", "totalapellido": 633, "totalcomuna": 123973, "prct_apellido": 0.5106, "Frecuencia provincia": 0.043922, "Frecuencia región": 0.058317, "cod_comuna": "03101"}, {"comuna": "CHIGUAYANTE", "region": "08. REGION DEL BIOBIO", "provincia": "Concepción", "totalapellido": 320, "totalcomuna": 67398, "prct_apellido": 0.4748, "Frecuencia provincia": 0.045559, "Frecuencia región": 0.056049, "cod_comuna": "08103"}, {"comuna": "ARICA", "region": "15. REGION DE ARICA Y PARINACOTA", "provincia": "Arica", "totalapellido": 913, "totalcomuna": 180060, "prct_apellido": 0.5071, "Frecuencia provincia": 0.025797, "Frecuencia región": 0.026725, "cod_comuna": "15101"}, {"comuna": "CURACO DE VELEZ", "region": "10. REGION DE LOS LAGOS", "provincia": "Chiloé", "totalapellido": 18, "totalcomuna": 3797, "prct_apellido": 0.4741, "Frecuencia provincia": 0.112043, "Frecuencia región": 0.052521, "cod_comuna": "10204"}, {"comuna": "POZO ALMONTE", "region": "01. REGION DE TARAPACA", "provincia": "Tamarugal", "totalapellido": 58, "totalcomuna": 11898, "prct_apellido": 0.4875, "Frecuencia provincia": 0.130887, "Frecuencia región": 0.02576, "cod_comuna": "01401"}, {"comuna": "CARAHUE", "region": "09. REGION DE LA ARAUCANIA", "provincia": "Cautín", "totalapellido": 106, "totalcomuna": 24697, "prct_apellido": 0.4292, "Frecuencia provincia": 0.043946, "Frecuencia región": 0.051873, "cod_comuna": "09102"}, {"comuna": "PADRE HURTADO", "region": "13. REGION METROPOLITANA DE SANTIAGO", "provincia": "Talagante", "totalapellido": 233, "totalcomuna": 44714, "prct_apellido": 0.5211, "Frecuencia provincia": 0.065142, "Frecuencia región": 0.018986, "cod_comuna": "13604"}, {"comuna": "LAGUNA BLANCA", "region": "12. REGION DE MAGALLANES Y DE LA ANTARTICA CHILENA", "provincia": "Magallanes", "totalapellido": 3, "totalcomuna": 856, "prct_apellido": 0.3505, "Frecuencia provincia": 0.031287, "Frecuencia región": 0.037004, "cod_comuna": "12102"}, {"comuna": "VALLENAR", "region": "03. REGION DE ATACAMA", "provincia": "Huasco", "totalapellido": 235, "totalcomuna": 45529, "prct_apellido": 0.5162, "Frecuencia provincia": 0.121458, "Frecuencia región": 0.058317, "cod_comuna": "03301"}, {"comuna": "VILLARRICA", "region": "09. REGION DE LA ARAUCANIA", "provincia": "Cautín", "totalapellido": 241, "totalcomuna": 54948, "prct_apellido": 0.4386, "Frecuencia provincia": 0.043946, "Frecuencia región": 0.051873, "cod_comuna": "09120"}, {"comuna": "RAUCO", "region": "07. REGION DEL MAULE", "provincia": "Curicó", "totalapellido": 42, "totalcomuna": 9956, "prct_apellido": 0.4219, "Frecuencia provincia": 0.081137, "Frecuencia región": 0.082553, "cod_comuna": "07305"}, {"comuna": "PUMANQUE", "region": "06. REGION DEL LIBERTADOR GENERAL BERNARDO O'HIGGINS", "provincia": "Colchagua", "totalapellido": 17, "totalcomuna": 4333, "prct_apellido": 0.3923, "Frecuencia provincia": 0.12967, "Frecuencia región": 0.074338, "cod_comuna": "06309"}, {"comuna": "YERBAS BUENAS", "region": "07. REGION DEL MAULE", "provincia": "Linares", "totalapellido": 83, "totalcomuna": 14836, "prct_apellido": 0.5594, "Frecuencia provincia": 0.120949, "Frecuencia región": 0.082553, "cod_comuna": "07408"}, {"comuna": "TOME", "region": "08. REGION DEL BIOBIO", "provincia": "Concepción", "totalapellido": 215, "totalcomuna": 49849, "prct_apellido": 0.4313, "Frecuencia provincia": 0.045559, "Frecuencia región": 0.056049, "cod_comuna": "08111"}, {"comuna": "MOSTAZAL", "region": "06. REGION DEL LIBERTADOR GENERAL BERNARDO O'HIGGINS", "provincia": "Cachapoal", "totalapellido": 137, "totalcomuna": 20983, "prct_apellido": 0.6529, "Frecuencia provincia": 0.061427, "Frecuencia región": 0.074338, "cod_comuna": "06110"}, {"comuna": "LA SERENA", "region": "04. REGION DE COQUIMBO", "provincia": "Elqui", "totalapellido": 723, "totalcomuna": 174853, "prct_apellido": 0.4135, "Frecuencia provincia": 0.034381, "Frecuencia región": 0.046565, "cod_comuna": "04101"}, {"comuna": "CURICO", "region": "07. REGION DEL MAULE", "provincia": "Curicó", "totalapellido": 557, "totalcomuna": 117810, "prct_apellido": 0.4728, "Frecuencia provincia": 0.081137, "Frecuencia región": 0.082553, "cod_comuna": "07301"}, {"comuna": "VILCUN", "region": "09. REGION DE LA ARAUCANIA", "provincia": "Cautín", "totalapellido": 146, "totalcomuna": 24470, "prct_apellido": 0.5966, "Frecuencia provincia": 0.043946, "Frecuencia región": 0.051873, "cod_comuna": "09119"}, {"comuna": "MARIA ELENA", "region": "02. REGION DE ANTOFAGASTA", "provincia": "Tocopilla", "totalapellido": 23, "totalcomuna": 6370, "prct_apellido": 0.3611, "Frecuencia provincia": 0.11764, "Frecuencia región": 0.025007, "cod_comuna": "02302"}, {"comuna": "COQUIMBO", "region": "04. REGION DE COQUIMBO", "provincia": "Elqui", "totalapellido": 740, "totalcomuna": 167854, "prct_apellido": 0.4409, "Frecuencia provincia": 0.034381, "Frecuencia región": 0.046565, "cod_comuna": "04102"}, {"comuna": "DIEGO DE ALMAGRO", "region": "03. REGION DE ATACAMA", "provincia": "Chañaral", "totalapellido": 64, "totalcomuna": 13390, "prct_apellido": 0.478, "Frecuencia provincia": 0.158476, "Frecuencia región": 0.058317, "cod_comuna": "03202"}, {"comuna": "PUCON", "region": "09. REGION DE LA ARAUCANIA", "provincia": "Cautín", "totalapellido": 131, "totalcomuna": 28338, "prct_apellido": 0.4623, "Frecuencia provincia": 0.043946, "Frecuencia región": 0.051873, "cod_comuna": "09115"}, {"comuna": "COIHAIQUE", "region": "11. REGION DE AYSEN DEL GENERAL CARLOS IBAÑEZ DEL CAMPO", "provincia": NaN, "totalapellido": 246, "totalcomuna": 54229, "prct_apellido": 0.4536, "Frecuencia provincia": NaN, "Frecuencia región": 0.077233, "cod_comuna": null}, {"comuna": "PINTO", "region": "16. REGION DE ÑUBLE", "provincia": "Diguillín", "totalapellido": 49, "totalcomuna": 11329, "prct_apellido": 0.4325, "Frecuencia provincia": 0.065041, "Frecuencia región": 0.0859, "cod_comuna": "16106"}, {"comuna": "TOCOPILLA", "region": "02. REGION DE ANTOFAGASTA", "provincia": "Tocopilla", "totalapellido": 102, "totalcomuna": 22335, "prct_apellido": 0.4567, "Frecuencia provincia": 0.11764, "Frecuencia región": 0.025007, "cod_comuna": "02301"}, {"comuna": "SIERRA GORDA", "region": "02. REGION DE ANTOFAGASTA", "provincia": "Antofagasta", "totalapellido": 11, "totalcomuna": 3364, "prct_apellido": 0.327, "Frecuencia provincia": 0.020817, "Frecuencia región": 0.025007, "cod_comuna": "02103"}, {"comuna": "COELEMU", "region": "16. REGION DE ÑUBLE", "provincia": "Itata", "totalapellido": 83, "totalcomuna": 15414, "prct_apellido": 0.5385, "Frecuencia provincia": 0.295621, "Frecuencia región": 0.0859, "cod_comuna": "16203"}, {"comuna": "CODEGUA", "region": "06. REGION DEL LIBERTADOR GENERAL BERNARDO O'HIGGINS", "provincia": "Cachapoal", "totalapellido": 51, "totalcomuna": 11680, "prct_apellido": 0.4366, "Frecuencia provincia": 0.061427, "Frecuencia región": 0.074338, "cod_comuna": "06102"}, {"comuna": "MARIQUINA", "region": "14. REGION DE LOS RIOS", "provincia": "Valdivia", "totalapellido": 98, "totalcomuna": 18993, "prct_apellido": 0.516, "Frecuencia provincia": 0.046113, "Frecuencia región": 0.0544, "cod_comuna": "14106"}, {"comuna": "JUAN FERNANDEZ", "region": "05. REGION DE VALPARAISO", "provincia": "Valparaíso", "totalapellido": 4, "totalcomuna": 979, "prct_apellido": 0.4086, "Frecuencia provincia": 0.017698, "Frecuencia región": 0.029341, "cod_comuna": "05104"}, {"comuna": "CHIMBARONGO", "region": "06. REGION DEL LIBERTADOR GENERAL BERNARDO O'HIGGINS", "provincia": "Colchagua", "totalapellido": 154, "totalcomuna": 30510, "prct_apellido": 0.5048, "Frecuencia provincia": 0.12967, "Frecuencia región": 0.074338, "cod_comuna": "06303"}, {"comuna": "LITUECHE", "region": "06. REGION DEL LIBERTADOR GENERAL BERNARDO O'HIGGINS", "provincia": "Cardenal Caro", "totalapellido": 24, "totalcomuna": 6511, "prct_apellido": 0.3686, "Frecuencia provincia": 0.199859, "Frecuencia región": 0.074338, "cod_comuna": "06203"}, {"comuna": "OVALLE", "region": "04. REGION DE COQUIMBO", "provincia": "Limarí", "totalapellido": 340, "totalcomuna": 91832, "prct_apellido": 0.3702, "Frecuencia provincia": 0.102708, "Frecuencia región": 0.046565, "cod_comuna": "04301"}, {"comuna": "CUNCO", "region": "09. REGION DE LA ARAUCANIA", "provincia": "Cautín", "totalapellido": 78, "totalcomuna": 20001, "prct_apellido": 0.39, "Frecuencia provincia": 0.043946, "Frecuencia región": 0.051873, "cod_comuna": "09103"}, {"comuna": "PLACILLA", "region": "06. REGION DEL LIBERTADOR GENERAL BERNARDO O'HIGGINS", "provincia": "Colchagua", "totalapellido": 36, "totalcomuna": 8240, "prct_apellido": 0.4369, "Frecuencia provincia": 0.12967, "Frecuencia región": 0.074338, "cod_comuna": "06308"}, {"comuna": "ISLA DE PASCUA", "region": "05. REGION DE VALPARAISO", "provincia": "Isla de Pascua", "totalapellido": 30, "totalcomuna": 6299, "prct_apellido": 0.4763, "Frecuencia provincia": 0.157863, "Frecuencia región": 0.029341, "cod_comuna": "05201"}, {"comuna": "FLORIDA", "region": "08. REGION DEL BIOBIO", "provincia": "Concepción", "totalapellido": 40, "totalcomuna": 10451, "prct_apellido": 0.3827, "Frecuencia provincia": 0.045559, "Frecuencia región": 0.056049, "cod_comuna": "08104"}, {"comuna": "CORRAL", "region": "14. REGION DE LOS RIOS", "provincia": "Valdivia", "totalapellido": 16, "totalcomuna": 5565, "prct_apellido": 0.2875, "Frecuencia provincia": 0.046113, "Frecuencia región": 0.0544, "cod_comuna": "14102"}, {"comuna": "SAN NICOLAS", "region": "16. REGION DE ÑUBLE", "provincia": "Punilla", "totalapellido": 52, "totalcomuna": 11730, "prct_apellido": 0.4433, "Frecuencia provincia": 0.169589, "Frecuencia región": 0.0859, "cod_comuna": "16305"}, {"comuna": "RIO BUENO", "region": "14. REGION DE LOS RIOS", "provincia": "Ranco", "totalapellido": 140, "totalcomuna": 30793, "prct_apellido": 0.4546, "Frecuencia provincia": 0.112447, "Frecuencia región": 0.0544, "cod_comuna": "14204"}, {"comuna": "CURACAUTIN", "region": "09. REGION DE LA ARAUCANIA", "provincia": "Malleco", "totalapellido": 83, "totalcomuna": 21202, "prct_apellido": 0.3915, "Frecuencia provincia": 0.133465, "Frecuencia región": 0.051873, "cod_comuna": "09203"}, {"comuna": "CALBUCO", "region": "10. REGION DE LOS LAGOS", "provincia": "Llanquihue", "totalapellido": 89, "totalcomuna": 32409, "prct_apellido": 0.2746, "Frecuencia provincia": 0.042563, "Frecuencia región": 0.052521, "cod_comuna": "10102"}, {"comuna": "SAN JUAN DE LA COSTA", "region": "10. REGION DE LOS LAGOS", "provincia": "Osorno", "totalapellido": 27, "totalcomuna": 8197, "prct_apellido": 0.3294, "Frecuencia provincia": 0.047856, "Frecuencia región": 0.052521, "cod_comuna": "10306"}, {"comuna": "SAN FELIPE", "region": "05. REGION DE VALPARAISO", "provincia": "San Felipe de Aconcagua", "totalapellido": 182, "totalcomuna": 60075, "prct_apellido": 0.303, "Frecuencia provincia": 0.102948, "Frecuencia región": 0.029341, "cod_comuna": "05701"}, {"comuna": "TORTEL", "region": "11. REGION DE AYSEN DEL GENERAL CARLOS IBAÑEZ DEL CAMPO", "provincia": "Capitán Prat", "totalapellido": 3, "totalcomuna": 599, "prct_apellido": 0.5008, "Frecuencia provincia": 0.340154, "Frecuencia región": 0.077233, "cod_comuna": "11303"}, {"comuna": "FREIRINA", "region": "03. REGION DE ATACAMA", "provincia": "Huasco", "totalapellido": 31, "totalcomuna": 6019, "prct_apellido": 0.515, "Frecuencia provincia": 0.121458, "Frecuencia región": 0.058317, "cod_comuna": "03303"}, {"comuna": "SAN RAFAEL", "region": "07. REGION DEL MAULE", "provincia": "Talca", "totalapellido": 32, "totalcomuna": 8500, "prct_apellido": 0.3765, "Frecuencia provincia": 0.062885, "Frecuencia región": 0.082553, "cod_comuna": "07110"}, {"comuna": "GALVARINO", "region": "09. REGION DE LA ARAUCANIA", "provincia": "Cautín", "totalapellido": 41, "totalcomuna": 12157, "prct_apellido": 0.3373, "Frecuencia provincia": 0.043946, "Frecuencia región": 0.051873, "cod_comuna": "09106"}, {"comuna": "PORVENIR", "region": "12. REGION DE MAGALLANES Y DE LA ANTARTICA CHILENA", "provincia": "Tierra del Fuego", "totalapellido": 16, "totalcomuna": 6159, "prct_apellido": 0.2598, "Frecuencia provincia": 0.192861, "Frecuencia región": 0.037004, "cod_comuna": "12301"}, {"comuna": "PERQUENCO", "region": "09. REGION DE LA ARAUCANIA", "provincia": "Cautín", "totalapellido": 22, "totalcomuna": 6821, "prct_apellido": 0.3225, "Frecuencia provincia": 0.043946, "Frecuencia región": 0.051873, "cod_comuna": "09113"}, {"comuna": "ANCUD", "region": "10. REGION DE LOS LAGOS", "provincia": "Chiloé", "totalapellido": 109, "totalcomuna": 38845, "prct_apellido": 0.2806, "Frecuencia provincia": 0.112043, "Frecuencia región": 0.052521, "cod_comuna": "10202"}, {"comuna": "YUMBEL", "region": "08. REGION DEL BIOBIO", "provincia": "Biobío", "totalapellido": 54, "totalcomuna": 20144, "prct_apellido": 0.2681, "Frecuencia provincia": 0.077416, "Frecuencia región": 0.056049, "cod_comuna": "08313"}, {"comuna": "PERALILLO", "region": "06. REGION DEL LIBERTADOR GENERAL BERNARDO O'HIGGINS", "provincia": "Colchagua", "totalapellido": 31, "totalcomuna": 10082, "prct_apellido": 0.3075, "Frecuencia provincia": 0.12967, "Frecuencia región": 0.074338, "cod_comuna": "06307"}, {"comuna": "FRESIA", "region": "10. REGION DE LOS LAGOS", "provincia": "Llanquihue", "totalapellido": 47, "totalcomuna": 12233, "prct_apellido": 0.3842, "Frecuencia provincia": 0.042563, "Frecuencia región": 0.052521, "cod_comuna": "10104"}, {"comuna": "CHAITEN", "region": "10. REGION DE LOS LAGOS", "provincia": "Palena", "totalapellido": 16, "totalcomuna": 5169, "prct_apellido": 0.3095, "Frecuencia provincia": 0.256614, "Frecuencia región": 0.052521, "cod_comuna": "10401"}, {"comuna": "CANELA", "region": "04. REGION DE COQUIMBO", "provincia": "Choapa", "totalapellido": 26, "totalcomuna": 9047, "prct_apellido": 0.2874, "Frecuencia provincia": 0.165554, "Frecuencia región": 0.046565, "cod_comuna": "04202"}, {"comuna": "CASTRO", "region": "10. REGION DE LOS LAGOS", "provincia": "Chiloé", "totalapellido": 122, "totalcomuna": 41394, "prct_apellido": 0.2947, "Frecuencia provincia": 0.112043, "Frecuencia región": 0.052521, "cod_comuna": "10201"}, {"comuna": "MONTE PATRIA", "region": "04. REGION DE COQUIMBO", "provincia": "Limarí", "totalapellido": 75, "totalcomuna": 28025, "prct_apellido": 0.2676, "Frecuencia provincia": 0.102708, "Frecuencia región": 0.046565, "cod_comuna": "04303"}, {"comuna": "SAN PEDRO DE ATACAMA", "region": "02. REGION DE ANTOFAGASTA", "provincia": "El Loa", "totalapellido": 21, "totalcomuna": 7194, "prct_apellido": 0.2919, "Frecuencia provincia": 0.035053, "Frecuencia región": 0.025007, "cod_comuna": "02203"}, {"comuna": "PUNTA ARENAS", "region": "12. REGION DE MAGALLANES Y DE LA ANTARTICA CHILENA", "provincia": "Magallanes", "totalapellido": 378, "totalcomuna": 122525, "prct_apellido": 0.3085, "Frecuencia provincia": 0.031287, "Frecuencia región": 0.037004, "cod_comuna": "12101"}, {"comuna": "LAGO VERDE", "region": "11. REGION DE AYSEN DEL GENERAL CARLOS IBAÑEZ DEL CAMPO", "provincia": "Coyhaique", "totalapellido": 6, "totalcomuna": 1329, "prct_apellido": 0.4515, "Frecuencia provincia": 0.504347, "Frecuencia región": 0.077233, "cod_comuna": "11102"}, {"comuna": "LOS ANGELES", "region": "08. REGION DEL BIOBIO", "provincia": "Biobío", "totalapellido": 503, "totalcomuna": 162845, "prct_apellido": 0.3089, "Frecuencia provincia": 0.077416, "Frecuencia región": 0.056049, "cod_comuna": "08301"}, {"comuna": "MARIA PINTO", "region": "13. REGION METROPOLITANA DE SANTIAGO", "provincia": "Melipilla", "totalapellido": 36, "totalcomuna": 11495, "prct_apellido": 0.3132, "Frecuencia provincia": 0.072308, "Frecuencia región": 0.018986, "cod_comuna": "13504"}, {"comuna": "LOS VILOS", "region": "04. REGION DE COQUIMBO", "provincia": "Choapa", "totalapellido": 53, "totalcomuna": 18266, "prct_apellido": 0.2902, "Frecuencia provincia": 0.165554, "Frecuencia región": 0.046565, "cod_comuna": "04203"}, {"comuna": "PAPUDO", "region": "05. REGION DE VALPARAISO", "provincia": "Petorca", "totalapellido": 19, "totalcomuna": 6102, "prct_apellido": 0.3114, "Frecuencia provincia": 0.160073, "Frecuencia región": 0.029341, "cod_comuna": "05403"}, {"comuna": "COLCHANE", "region": "01. REGION DE TARAPACA", "provincia": "Tamarugal", "totalapellido": 7, "totalcomuna": 3463, "prct_apellido": 0.2021, "Frecuencia provincia": 0.130887, "Frecuencia región": 0.02576, "cod_comuna": "01403"}, {"comuna": "TALCA", "region": "07. REGION DEL MAULE", "provincia": "Talca", "totalapellido": 579, "totalcomuna": 179640, "prct_apellido": 0.3223, "Frecuencia provincia": 0.062885, "Frecuencia región": 0.082553, "cod_comuna": "07101"}, {"comuna": "PICHIDEGUA", "region": "06. REGION DEL LIBERTADOR GENERAL BERNARDO O'HIGGINS", "provincia": "Cachapoal", "totalapellido": 45, "totalcomuna": 16858, "prct_apellido": 0.2669, "Frecuencia provincia": 0.061427, "Frecuencia región": 0.074338, "cod_comuna": "06113"}, {"comuna": "TIRUA", "region": "08. REGION DEL BIOBIO", "provincia": "Arauco", "totalapellido": 27, "totalcomuna": 9156, "prct_apellido": 0.2949, "Frecuencia provincia": 0.169853, "Frecuencia región": 0.056049, "cod_comuna": "08207"}, {"comuna": "QUELLON", "region": "10. REGION DE LOS LAGOS", "provincia": "Chiloé", "totalapellido": 60, "totalcomuna": 22826, "prct_apellido": 0.2629, "Frecuencia provincia": 0.112043, "Frecuencia región": 0.052521, "cod_comuna": "10208"}, {"comuna": "CABRERO", "region": "08. REGION DEL BIOBIO", "provincia": "Biobío", "totalapellido": 75, "totalcomuna": 25103, "prct_apellido": 0.2988, "Frecuencia provincia": 0.077416, "Frecuencia región": 0.056049, "cod_comuna": "08303"}, {"comuna": "QUILACO", "region": "08. REGION DEL BIOBIO", "provincia": "Biobío", "totalapellido": 13, "totalcomuna": 4360, "prct_apellido": 0.2982, "Frecuencia provincia": 0.077416, "Frecuencia región": 0.056049, "cod_comuna": "08308"}, {"comuna": "PUCHUNCAVI", "region": "05. REGION DE VALPARAISO", "provincia": "Valparaíso", "totalapellido": 55, "totalcomuna": 16007, "prct_apellido": 0.3436, "Frecuencia provincia": 0.017698, "Frecuencia región": 0.029341, "cod_comuna": "05105"}, {"comuna": "RIO IBAÑEZ", "region": "11. REGION DE AYSEN DEL GENERAL CARLOS IBAÑEZ DEL CAMPO", "provincia": "General Carrera", "totalapellido": 14, "totalcomuna": 2917, "prct_apellido": 0.4799, "Frecuencia provincia": 0.221914, "Frecuencia región": 0.077233, "cod_comuna": "11402"}, {"comuna": "MAULE", "region": "07. REGION DEL MAULE", "provincia": "Talca", "totalapellido": 72, "totalcomuna": 24526, "prct_apellido": 0.2936, "Frecuencia provincia": 0.062885, "Frecuencia región": 0.082553, "cod_comuna": "07105"}, {"comuna": "CISNES", "region": "11. REGION DE AYSEN DEL GENERAL CARLOS IBAÑEZ DEL CAMPO", "provincia": "Aysén", "totalapellido": 12, "totalcomuna": 4569, "prct_apellido": 0.2626, "Frecuencia provincia": 0.259791, "Frecuencia región": 0.077233, "cod_comuna": "11202"}, {"comuna": "PAIGUANO", "region": "04. REGION DE COQUIMBO", "provincia": "Elqui", "totalapellido": 11, "totalcomuna": 5389, "prct_apellido": 0.2041, "Frecuencia provincia": 0.034381, "Frecuencia región": 0.046565, "cod_comuna": "04105"}, {"comuna": "LANCO", "region": "14. REGION DE LOS RIOS", "provincia": "Valdivia", "totalapellido": 37, "totalcomuna": 16266, "prct_apellido": 0.2275, "Frecuencia provincia": 0.046113, "Frecuencia región": 0.0544, "cod_comuna": "14103"}, {"comuna": "PUTAENDO", "region": "05. REGION DE VALPARAISO", "provincia": "San Felipe de Aconcagua", "totalapellido": 29, "totalcomuna": 14044, "prct_apellido": 0.2065, "Frecuencia provincia": 0.102948, "Frecuencia región": 0.029341, "cod_comuna": "05705"}, {"comuna": "CONSTITUCION", "region": "07. REGION DEL MAULE", "provincia": "Talca", "totalapellido": 111, "totalcomuna": 40000, "prct_apellido": 0.2775, "Frecuencia provincia": 0.062885, "Frecuencia región": 0.082553, "cod_comuna": "07102"}, {"comuna": "COMBARBALA", "region": "04. REGION DE COQUIMBO", "provincia": "Limarí", "totalapellido": 22, "totalcomuna": 12550, "prct_apellido": 0.1753, "Frecuencia provincia": 0.102708, "Frecuencia región": 0.046565, "cod_comuna": "04302"}, {"comuna": "MARCHIHUE", "region": "06. REGION DEL LIBERTADOR GENERAL BERNARDO O'HIGGINS", "provincia": "Cardenal Caro", "totalapellido": 12, "totalcomuna": 7068, "prct_apellido": 0.1698, "Frecuencia provincia": 0.199859, "Frecuencia región": 0.074338, "cod_comuna": "06204"}, {"comuna": "CHILE CHICO", "region": "11. REGION DE AYSEN DEL GENERAL CARLOS IBAÑEZ DEL CAMPO", "provincia": "General Carrera", "totalapellido": 22, "totalcomuna": 6456, "prct_apellido": 0.3408, "Frecuencia provincia": 0.221914, "Frecuencia región": 0.077233, "cod_comuna": "11401"}, {"comuna": "TOLTEN", "region": "09. REGION DE LA ARAUCANIA", "provincia": "Cautín", "totalapellido": 44, "totalcomuna": 10591, "prct_apellido": 0.4154, "Frecuencia provincia": 0.043946, "Frecuencia región": 0.051873, "cod_comuna": "09118"}, {"comuna": "PUREN", "region": "09. REGION DE LA ARAUCANIA", "provincia": "Malleco", "totalapellido": 31, "totalcomuna": 12233, "prct_apellido": 0.2534, "Frecuencia provincia": 0.133465, "Frecuencia región": 0.051873, "cod_comuna": "09208"}, {"comuna": "VILLA ALEGRE", "region": "07. REGION DEL MAULE", "provincia": "Linares", "totalapellido": 56, "totalcomuna": 13869, "prct_apellido": 0.4038, "Frecuencia provincia": 0.120949, "Frecuencia región": 0.082553, "cod_comuna": "07407"}, {"comuna": "LOS MUERMOS", "region": "10. REGION DE LOS LAGOS", "provincia": "Llanquihue", "totalapellido": 33, "totalcomuna": 16339, "prct_apellido": 0.202, "Frecuencia provincia": 0.042563, "Frecuencia región": 0.052521, "cod_comuna": "10106"}, {"comuna": "DALCAHUE", "region": "10. REGION DE LOS LAGOS", "provincia": "Chiloé", "totalapellido": 21, "totalcomuna": 12598, "prct_apellido": 0.1667, "Frecuencia provincia": 0.112043, "Frecuencia región": 0.052521, "cod_comuna": "10205"}, {"comuna": "COBQUECURA", "region": "16. REGION DE ÑUBLE", "provincia": "Itata", "totalapellido": 15, "totalcomuna": 5884, "prct_apellido": 0.2549, "Frecuencia provincia": 0.295621, "Frecuencia región": 0.0859, "cod_comuna": "16202"}, {"comuna": "SAN CLEMENTE", "region": "07. REGION DEL MAULE", "provincia": "Talca", "totalapellido": 131, "totalcomuna": 37168, "prct_apellido": 0.3525, "Frecuencia provincia": 0.062885, "Frecuencia región": 0.082553, "cod_comuna": "07109"}, {"comuna": "TORRES DEL PAINE", "region": "12. REGION DE MAGALLANES Y DE LA ANTARTICA CHILENA", "provincia": "Última Esperanza", "totalapellido": 7, "totalcomuna": 1691, "prct_apellido": 0.414, "Frecuencia provincia": 0.096903, "Frecuencia región": 0.037004, "cod_comuna": "12402"}, {"comuna": "LOLOL", "region": "06. REGION DEL LIBERTADOR GENERAL BERNARDO O'HIGGINS", "provincia": "Colchagua", "totalapellido": 14, "totalcomuna": 6889, "prct_apellido": 0.2032, "Frecuencia provincia": 0.12967, "Frecuencia región": 0.074338, "cod_comuna": "06304"}, {"comuna": "PENCO", "region": "08. REGION DEL BIOBIO", "provincia": "Concepción", "totalapellido": 121, "totalcomuna": 42200, "prct_apellido": 0.2867, "Frecuencia provincia": 0.045559, "Frecuencia región": 0.056049, "cod_comuna": "08107"}, {"comuna": "QUEILEN", "region": "10. REGION DE LOS LAGOS", "provincia": "Chiloé", "totalapellido": 8, "totalcomuna": 6325, "prct_apellido": 0.1265, "Frecuencia provincia": 0.112043, "Frecuencia región": 0.052521, "cod_comuna": "10207"}, {"comuna": "TREGUACO", "region": "16. REGION DE ÑUBLE", "provincia": "Itata", "totalapellido": 18, "totalcomuna": 6424, "prct_apellido": 0.2802, "Frecuencia provincia": 0.295621, "Frecuencia región": 0.0859, "cod_comuna": "16207"}, {"comuna": "QUILLON", "region": "16. REGION DE ÑUBLE", "provincia": "Diguillín", "totalapellido": 44, "totalcomuna": 15682, "prct_apellido": 0.2806, "Frecuencia provincia": 0.065041, "Frecuencia región": 0.0859, "cod_comuna": "16107"}, {"comuna": "LUMACO", "region": "09. REGION DE LA ARAUCANIA", "provincia": "Malleco", "totalapellido": 18, "totalcomuna": 9284, "prct_apellido": 0.1939, "Frecuencia provincia": 0.133465, "Frecuencia región": 0.051873, "cod_comuna": "09207"}, {"comuna": "COCHAMO", "region": "10. REGION DE LOS LAGOS", "provincia": "Llanquihue", "totalapellido": 7, "totalcomuna": 4642, "prct_apellido": 0.1508, "Frecuencia provincia": 0.042563, "Frecuencia región": 0.052521, "cod_comuna": "10103"}, {"comuna": "CAUQUENES", "region": "07. REGION DEL MAULE", "provincia": "Cauquenes", "totalapellido": 66, "totalcomuna": 37610, "prct_apellido": 0.1755, "Frecuencia provincia": 0.18103, "Frecuencia región": 0.082553, "cod_comuna": "07201"}, {"comuna": "RINCONADA", "region": "05. REGION DE VALPARAISO", "provincia": "Los Andes", "totalapellido": 22, "totalcomuna": 9470, "prct_apellido": 0.2323, "Frecuencia provincia": 0.083664, "Frecuencia región": 0.029341, "cod_comuna": "05303"}, {"comuna": "CABO DE HORNOS", "region": "12. REGION DE MAGALLANES Y DE LA ANTARTICA CHILENA", "provincia": "Antártica Chilena", "totalapellido": 6, "totalcomuna": 1939, "prct_apellido": 0.3094, "Frecuencia provincia": 0.282968, "Frecuencia región": 0.037004, "cod_comuna": "12201"}, {"comuna": "SAN GREGORIO", "region": "12. REGION DE MAGALLANES Y DE LA ANTARTICA CHILENA", "provincia": "Magallanes", "totalapellido": 3, "totalcomuna": 971, "prct_apellido": 0.309, "Frecuencia provincia": 0.031287, "Frecuencia región": 0.037004, "cod_comuna": "12104"}, {"comuna": "PORTEZUELO", "region": "16. REGION DE ÑUBLE", "provincia": "Itata", "totalapellido": 8, "totalcomuna": 5845, "prct_apellido": 0.1369, "Frecuencia provincia": 0.295621, "Frecuencia región": 0.0859, "cod_comuna": "16205"}, {"comuna": "TIERRA AMARILLA", "region": "03. REGION DE ATACAMA", "provincia": "Copiapó", "totalapellido": 33, "totalcomuna": 12798, "prct_apellido": 0.2579, "Frecuencia provincia": 0.043922, "Frecuencia región": 0.058317, "cod_comuna": "03103"}, {"comuna": "NATALES", "region": "12. REGION DE MAGALLANES Y DE LA ANTARTICA CHILENA", "provincia": "Última Esperanza", "totalapellido": 49, "totalcomuna": 22709, "prct_apellido": 0.2158, "Frecuencia provincia": 0.096903, "Frecuencia región": 0.037004, "cod_comuna": "12401"}, {"comuna": "PUTRE", "region": "15. REGION DE ARICA Y PARINACOTA", "provincia": "Parinacota", "totalapellido": 14, "totalcomuna": 6059, "prct_apellido": 0.2311, "Frecuencia provincia": 0.189111, "Frecuencia región": 0.026725, "cod_comuna": "15201"}, {"comuna": "HUALQUI", "region": "08. REGION DEL BIOBIO", "provincia": "Concepción", "totalapellido": 67, "totalcomuna": 20524, "prct_apellido": 0.3264, "Frecuencia provincia": 0.045559, "Frecuencia región": 0.056049, "cod_comuna": "08105"}, {"comuna": "ILLAPEL", "region": "04. REGION DE COQUIMBO", "provincia": "Choapa", "totalapellido": 59, "totalcomuna": 27921, "prct_apellido": 0.2113, "Frecuencia provincia": 0.165554, "Frecuencia región": 0.046565, "cod_comuna": "04201"}, {"comuna": "CHANCO", "region": "07. REGION DEL MAULE", "provincia": "Cauquenes", "totalapellido": 14, "totalcomuna": 9488, "prct_apellido": 0.1476, "Frecuencia provincia": 0.18103, "Frecuencia región": 0.082553, "cod_comuna": "07202"}, {"comuna": "CATEMU", "region": "05. REGION DE VALPARAISO", "provincia": "San Felipe de Aconcagua", "totalapellido": 24, "totalcomuna": 12182, "prct_apellido": 0.197, "Frecuencia provincia": 0.102948, "Frecuencia región": 0.029341, "cod_comuna": "05702"}, {"comuna": "CHEPICA", "region": "06. REGION DEL LIBERTADOR GENERAL BERNARDO O'HIGGINS", "provincia": "Colchagua", "totalapellido": 22, "totalcomuna": 13750, "prct_apellido": 0.16, "Frecuencia provincia": 0.12967, "Frecuencia región": 0.074338, "cod_comuna": "06302"}, {"comuna": "ERCILLA", "region": "09. REGION DE LA ARAUCANIA", "provincia": "Malleco", "totalapellido": 19, "totalcomuna": 8142, "prct_apellido": 0.2334, "Frecuencia provincia": 0.133465, "Frecuencia región": 0.051873, "cod_comuna": "09204"}, {"comuna": "LAGO RANCO", "region": "14. REGION DE LOS RIOS", "provincia": "Ranco", "totalapellido": 14, "totalcomuna": 9453, "prct_apellido": 0.1481, "Frecuencia provincia": 0.112447, "Frecuencia región": 0.0544, "cod_comuna": "14203"}, {"comuna": "FREIRE", "region": "09. REGION DE LA ARAUCANIA", "provincia": "Cautín", "totalapellido": 49, "totalcomuna": 22845, "prct_apellido": 0.2145, "Frecuencia provincia": 0.043946, "Frecuencia región": 0.051873, "cod_comuna": "09105"}, {"comuna": "HUALAIHUE", "region": "10. REGION DE LOS LAGOS", "provincia": "Palena", "totalapellido": 12, "totalcomuna": 8692, "prct_apellido": 0.1381, "Frecuencia provincia": 0.256614, "Frecuencia región": 0.052521, "cod_comuna": "10403"}, {"comuna": "NANCAGUA", "region": "06. REGION DEL LIBERTADOR GENERAL BERNARDO O'HIGGINS", "provincia": "Colchagua", "totalapellido": 25, "totalcomuna": 15241, "prct_apellido": 0.164, "Frecuencia provincia": 0.12967, "Frecuencia región": 0.074338, "cod_comuna": "06305"}, {"comuna": "ALTO DEL CARMEN", "region": "03. REGION DE ATACAMA", "provincia": "Huasco", "totalapellido": 5, "totalcomuna": 5202, "prct_apellido": 0.0961, "Frecuencia provincia": 0.121458, "Frecuencia región": 0.058317, "cod_comuna": "03302"}, {"comuna": "SALAMANCA", "region": "04. REGION DE COQUIMBO", "provincia": "Choapa", "totalapellido": 33, "totalcomuna": 23431, "prct_apellido": 0.1408, "Frecuencia provincia": 0.165554, "Frecuencia región": 0.046565, "cod_comuna": "04204"}, {"comuna": "MELIPEUCO", "region": "09. REGION DE LA ARAUCANIA", "provincia": "Cautín", "totalapellido": 9, "totalcomuna": 7836, "prct_apellido": 0.1149, "Frecuencia provincia": 0.043946, "Frecuencia región": 0.051873, "cod_comuna": "09110"}, {"comuna": "SAN JAVIER", "region": "07. REGION DEL MAULE", "provincia": "Linares", "totalapellido": 74, "totalcomuna": 39254, "prct_apellido": 0.1885, "Frecuencia provincia": 0.120949, "Frecuencia región": 0.082553, "cod_comuna": "07406"}, {"comuna": "VICUÑA", "region": "04. REGION DE COQUIMBO", "provincia": "Elqui", "totalapellido": 36, "totalcomuna": 23678, "prct_apellido": 0.152, "Frecuencia provincia": 0.034381, "Frecuencia región": 0.046565, "cod_comuna": "04106"}, {"comuna": "PETORCA", "region": "05. REGION DE VALPARAISO", "provincia": "Petorca", "totalapellido": 15, "totalcomuna": 9462, "prct_apellido": 0.1585, "Frecuencia provincia": 0.160073, "Frecuencia región": 0.029341, "cod_comuna": "05404"}, {"comuna": "CAMIÑA", "region": "01. REGION DE TARAPACA", "provincia": "Tamarugal", "totalapellido": 5, "totalcomuna": 2802, "prct_apellido": 0.1784, "Frecuencia provincia": 0.130887, "Frecuencia región": 0.02576, "cod_comuna": "01402"}, {"comuna": "PAREDONES", "region": "06. REGION DEL LIBERTADOR GENERAL BERNARDO O'HIGGINS", "provincia": "Cardenal Caro", "totalapellido": 15, "totalcomuna": 7074, "prct_apellido": 0.212, "Frecuencia provincia": 0.199859, "Frecuencia región": 0.074338, "cod_comuna": "06206"}, {"comuna": "CURARREHUE", "region": "09. REGION DE LA ARAUCANIA", "provincia": "Cautín", "totalapellido": 17, "totalcomuna": 8517, "prct_apellido": 0.1996, "Frecuencia provincia": 0.043946, "Frecuencia región": 0.051873, "cod_comuna": "09104"}, {"comuna": "PICHILEMU", "region": "06. REGION DEL LIBERTADOR GENERAL BERNARDO O'HIGGINS", "provincia": "Cardenal Caro", "totalapellido": 30, "totalcomuna": 15875, "prct_apellido": 0.189, "Frecuencia provincia": 0.199859, "Frecuencia región": 0.074338, "cod_comuna": "06201"}, {"comuna": "RANQUIL", "region": "16. REGION DE ÑUBLE", "provincia": "Itata", "totalapellido": 14, "totalcomuna": 5823, "prct_apellido": 0.2404, "Frecuencia provincia": 0.295621, "Frecuencia región": 0.0859, "cod_comuna": "16206"}, {"comuna": "CABILDO", "region": "05. REGION DE VALPARAISO", "provincia": "Petorca", "totalapellido": 35, "totalcomuna": 18038, "prct_apellido": 0.194, "Frecuencia provincia": 0.160073, "Frecuencia región": 0.029341, "cod_comuna": "05402"}, {"comuna": "LONQUIMAY", "region": "09. REGION DE LA ARAUCANIA", "provincia": "Malleco", "totalapellido": 35, "totalcomuna": 12215, "prct_apellido": 0.2865, "Frecuencia provincia": 0.133465, "Frecuencia región": 0.051873, "cod_comuna": "09205"}, {"comuna": "PELLUHUE", "region": "07. REGION DEL MAULE", "provincia": "Cauquenes", "totalapellido": 12, "totalcomuna": 7848, "prct_apellido": 0.1529, "Frecuencia provincia": 0.18103, "Frecuencia región": 0.082553, "cod_comuna": "07203"}, {"comuna": "ANTUCO", "region": "08. REGION DEL BIOBIO", "provincia": "Biobío", "totalapellido": 11, "totalcomuna": 4718, "prct_apellido": 0.2331, "Frecuencia provincia": 0.077416, "Frecuencia región": 0.056049, "cod_comuna": "08302"}, {"comuna": "NINHUE", "region": "16. REGION DE ÑUBLE", "provincia": "Itata", "totalapellido": 9, "totalcomuna": 6325, "prct_apellido": 0.1423, "Frecuencia provincia": 0.295621, "Frecuencia región": 0.0859, "cod_comuna": "16204"}, {"comuna": "TUCAPEL", "region": "08. REGION DEL BIOBIO", "provincia": "Biobío", "totalapellido": 25, "totalcomuna": 13071, "prct_apellido": 0.1913, "Frecuencia provincia": 0.077416, "Frecuencia región": 0.056049, "cod_comuna": "08312"}, {"comuna": "OLLAGUE", "region": "02. REGION DE ANTOFAGASTA", "provincia": "El Loa", "totalapellido": 2, "totalcomuna": 1694, "prct_apellido": 0.1181, "Frecuencia provincia": 0.035053, "Frecuencia región": 0.025007, "cod_comuna": "02202"}, {"comuna": "PENCAHUE", "region": "07. REGION DEL MAULE", "provincia": "Talca", "totalapellido": 15, "totalcomuna": 10505, "prct_apellido": 0.1428, "Frecuencia provincia": 0.062885, "Frecuencia región": 0.082553, "cod_comuna": "07107"}, {"comuna": "TEODORO SCHMIDT", "region": "09. REGION DE LA ARAUCANIA", "provincia": "Cautín", "totalapellido": 13, "totalcomuna": 14036, "prct_apellido": 0.0926, "Frecuencia provincia": 0.043946, "Frecuencia región": 0.051873, "cod_comuna": "09117"}, {"comuna": "YUNGAY", "region": "16. REGION DE ÑUBLE", "provincia": "Diguillín", "totalapellido": 29, "totalcomuna": 16320, "prct_apellido": 0.1777, "Frecuencia provincia": 0.065041, "Frecuencia región": 0.0859, "cod_comuna": "16109"}, {"comuna": "QUEMCHI", "region": "10. REGION DE LOS LAGOS", "provincia": "Chiloé", "totalapellido": 10, "totalcomuna": 9067, "prct_apellido": 0.1103, "Frecuencia provincia": 0.112043, "Frecuencia región": 0.052521, "cod_comuna": "10209"}, {"comuna": "VICHUQUEN", "region": "07. REGION DEL MAULE", "provincia": "Curicó", "totalapellido": 8, "totalcomuna": 5474, "prct_apellido": 0.1461, "Frecuencia provincia": 0.081137, "Frecuencia región": 0.082553, "cod_comuna": "07309"}, {"comuna": "ALTO BIOBIO", "region": "08. REGION DEL BIOBIO", "provincia": "Biobío", "totalapellido": 3, "totalcomuna": 5557, "prct_apellido": 0.054, "Frecuencia provincia": 0.077416, "Frecuencia región": 0.056049, "cod_comuna": "08314"}, {"comuna": "LA ESTRELLA", "region": "06. REGION DEL LIBERTADOR GENERAL BERNARDO O'HIGGINS", "provincia": "Cardenal Caro", "totalapellido": 8, "totalcomuna": 3738, "prct_apellido": 0.214, "Frecuencia provincia": 0.199859, "Frecuencia región": 0.074338, "cod_comuna": "06202"}, {"comuna": "MAULLIN", "region": "10. REGION DE LOS LAGOS", "provincia": "Llanquihue", "totalapellido": 19, "totalcomuna": 15413, "prct_apellido": 0.1233, "Frecuencia provincia": 0.042563, "Frecuencia región": 0.052521, "cod_comuna": "10108"}, {"comuna": "GENERAL LAGOS", "region": "15. REGION DE ARICA Y PARINACOTA", "provincia": "Parinacota", "totalapellido": 4, "totalcomuna": 2006, "prct_apellido": 0.1994, "Frecuencia provincia": 0.189111, "Frecuencia región": 0.026725, "cod_comuna": "15202"}, {"comuna": "PEMUCO", "region": "16. REGION DE ÑUBLE", "provincia": "Diguillín", "totalapellido": 8, "totalcomuna": 8351, "prct_apellido": 0.0958, "Frecuencia provincia": 0.065041, "Frecuencia región": 0.0859, "cod_comuna": "16105"}, {"comuna": "CHONCHI", "region": "10. REGION DE LOS LAGOS", "provincia": "Chiloé", "totalapellido": 13, "totalcomuna": 13190, "prct_apellido": 0.0986, "Frecuencia provincia": 0.112043, "Frecuencia región": 0.052521, "cod_comuna": "10203"}, {"comuna": "QUIRIHUE", "region": "16. REGION DE ÑUBLE", "provincia": "Itata", "totalapellido": 7, "totalcomuna": 11005, "prct_apellido": 0.0636, "Frecuencia provincia": 0.295621, "Frecuencia región": 0.0859, "cod_comuna": "16201"}, {"comuna": "SANTA BARBARA", "region": "08. REGION DEL BIOBIO", "provincia": "Biobío", "totalapellido": 14, "totalcomuna": 13318, "prct_apellido": 0.1051, "Frecuencia provincia": 0.077416, "Frecuencia región": 0.056049, "cod_comuna": "08311"}, {"comuna": "HIJUELAS", "region": "05. REGION DE VALPARAISO", "provincia": "Quillota", "totalapellido": 23, "totalcomuna": 15609, "prct_apellido": 0.1474, "Frecuencia provincia": 0.079787, "Frecuencia región": 0.029341, "cod_comuna": "05503"}, {"comuna": "PALENA", "region": "10. REGION DE LOS LAGOS", "provincia": "Palena", "totalapellido": 1, "totalcomuna": 2362, "prct_apellido": 0.0423, "Frecuencia provincia": 0.256614, "Frecuencia región": 0.052521, "cod_comuna": "10404"}, {"comuna": "PANQUEHUE", "region": "05. REGION DE VALPARAISO", "provincia": "San Felipe de Aconcagua", "totalapellido": 8, "totalcomuna": 6599, "prct_apellido": 0.1212, "Frecuencia provincia": 0.102948, "Frecuencia región": 0.029341, "cod_comuna": "05704"}, {"comuna": "PALMILLA", "region": "06. REGION DEL LIBERTADOR GENERAL BERNARDO O'HIGGINS", "provincia": "Colchagua", "totalapellido": 15, "totalcomuna": 10428, "prct_apellido": 0.1438, "Frecuencia provincia": 0.12967, "Frecuencia región": 0.074338, "cod_comuna": "06306"}, {"comuna": "PUNITAQUI", "region": "04. REGION DE COQUIMBO", "provincia": "Limarí", "totalapellido": 10, "totalcomuna": 10763, "prct_apellido": 0.0929, "Frecuencia provincia": 0.102708, "Frecuencia región": 0.046565, "cod_comuna": "04304"}, {"comuna": "PUQUELDON", "region": "10. REGION DE LOS LAGOS", "provincia": "Chiloé", "totalapellido": 1, "totalcomuna": 4442, "prct_apellido": 0.0225, "Frecuencia provincia": 0.112043, "Frecuencia región": 0.052521, "cod_comuna": "10206"}, {"comuna": "EMPEDRADO", "region": "07. REGION DEL MAULE", "provincia": "Talca", "totalapellido": 4, "totalcomuna": 4621, "prct_apellido": 0.0866, "Frecuencia provincia": 0.062885, "Frecuencia región": 0.082553, "cod_comuna": "07104"}, {"comuna": "QUINCHAO", "region": "10. REGION DE LOS LAGOS", "provincia": "Chiloé", "totalapellido": 6, "totalcomuna": 9410, "prct_apellido": 0.0638, "Frecuencia provincia": 0.112043, "Frecuencia región": 0.052521, "cod_comuna": "10210"}, {"comuna": "RIO HURTADO", "region": "04. REGION DE COQUIMBO", "provincia": "Limarí", "totalapellido": 2, "totalcomuna": 4938, "prct_apellido": 0.0405, "Frecuencia provincia": 0.102708, "Frecuencia región": 0.046565, "cod_comuna": "04305"}, {"comuna": "ANDACOLLO", "region": "04. REGION DE COQUIMBO", "provincia": "Elqui", "totalapellido": 8, "totalcomuna": 11296, "prct_apellido": 0.0708, "Frecuencia provincia": 0.034381, "Frecuencia región": 0.046565, "cod_comuna": "04103"}, {"comuna": "QUILLECO", "region": "08. REGION DEL BIOBIO", "provincia": "Biobío", "totalapellido": 2, "totalcomuna": 9648, "prct_apellido": 0.0207, "Frecuencia provincia": 0.077416, "Frecuencia región": 0.056049, "cod_comuna": "08309"}], "provincias": [], "regiones": []}