{"apellido": "GYHRA", "slug": "gyhra", "comunas": [{"comuna": "CHIGUAYANTE", "region": "08. REGION DEL BIOBIO", "provincia": "Concepción", "totalapellido": 1, "totalcomuna": 67398, "prct_apellido": 0.0015, "Frecuencia provincia": 0.045559, "Frecuencia región": 0.056049, "cod_comuna": "08103"}, {"comuna": "CONCEPCION", "region": "08. REGION DEL BIOBIO", "provincia": "Concepción", "totalapellido": 2, "totalcomuna": 201066, "prct_apellido": 0.001, "Frecuencia provincia": 0.045559, "Frecuencia región": 0.056049, "cod_comuna": "08101"}], "provincias": [], "regiones": []}