{"apellido": "HAACKE", "slug": "haacke", "comunas": [{"comuna": "PROVIDENCIA", "region": "13. REGION METROPOLITANA DE SANTIAGO", "provincia": "Santiago", "totalapellido": 4, "totalcomuna": 170255, "prct_apellido": 0.0023, "Frecuencia provincia": 0.017023, "Frecuencia región": 0.018986, "cod_comuna": "13123"}, {"comuna": "VIÑA DEL MAR", "region": "05. REGION DE VALPARAISO", "provincia": "Valparaíso", "totalapellido": 1, "totalcomuna": 301370, "prct_apellido": 0.0003, "Frecuencia provincia": 0.017698, "Frecuencia región": 0.029341, "cod_comuna": "05109"}], "provincias": [], "regiones": []}