{"apellido": "HACHIGUR", "slug": "hachigur", "comunas": [{"comuna": "FREIRE", "region": "09. REGION DE LA ARAUCANIA", "provincia": "Cautín", "totalapellido": 6, "totalcomuna": 22845, "prct_apellido": 0.0263, "Frecuencia provincia": 0.043946, "Frecuencia región": 0.051873, "cod_comuna": "09105"}, {"comuna": "TEMUCO", "region": "09. REGION DE LA ARAUCANIA", "provincia": "Cautín", "totalapellido": 12, "totalcomuna": 236909, "prct_apellido": 0.0051, "Frecuencia provincia": 0.043946, "Frecuencia región": 0.051873, "cod_comuna": "09101"}], "provincias": [], "regiones": []}