{"apellido": "HACK", "slug": "hack", "comunas": [{"comuna": "PUTRE", "region": "15. REGION DE ARICA Y PARINACOTA", "provincia": "Parinacota", "totalapellido": 2, "totalcomuna": 6059, "prct_apellido": 0.033, "Frecuencia provincia": 0.189111, "Frecuencia región": 0.026725, "cod_comuna": "15201"}, {"comuna": "PUCHUNCAVI", "region": "05. REGION DE VALPARAISO", "provincia": "Valparaíso", "totalapellido": 2, "totalcomuna": 16007, "prct_apellido": 0.0125, "Frecuencia provincia": 0.017698, "Frecuencia región": 0.029341, "cod_comuna": "05105"}, {"comuna": "VILLARRICA", "region": "09. REGION DE LA ARAUCANIA", "provincia": "Cautín", "totalapellido": 1, "totalcomuna": 54948, "prct_apellido": 0.0018, "Frecuencia provincia": 0.043946, "Frecuencia región": 0.051873, "cod_comuna": "09120"}, {"comuna": "COQUIMBO", "region": "04. REGION DE COQUIMBO", "provincia": "Elqui", "totalapellido": 4, "totalcomuna": 167854, "prct_apellido": 0.0024, "Frecuencia provincia": 0.034381, "Frecuencia región": 0.046565, "cod_comuna": "04102"}, {"comuna": "COPIAPO", "region": "03. REGION DE ATACAMA", "provincia": "Copiapó", "totalapellido": 2, "totalcomuna": 123973, "prct_apellido": 0.0016, "Frecuencia provincia": 0.043922, "Frecuencia región": 0.058317, "cod_comuna": "03101"}, {"comuna": "LAS CONDES", "region": "13. REGION METROPOLITANA DE SANTIAGO", "provincia": "Santiago", "totalapellido": 2, "totalcomuna": 269517, "prct_apellido": 0.0007, "Frecuencia provincia": 0.017023, "Frecuencia región": 0.018986, "cod_comuna": "13114"}, {"comuna": "ARICA", "region": "15. REGION DE ARICA Y PARINACOTA", "provincia": "Arica", "totalapellido": 2, "totalcomuna": 180060, "prct_apellido": 0.0011, "Frecuencia provincia": 0.025797, "Frecuencia región": 0.026725, "cod_comuna": "15101"}], "provincias": [], "regiones": []}