{"apellido": "HADI", "slug": "hadi", "comunas": [{"comuna": "QUIRIHUE", "region": "16. REGION DE ÑUBLE", "provincia": "Itata", "totalapellido": 22, "totalcomuna": 11005, "prct_apellido": 0.1999, "Frecuencia provincia": 0.295621, "Frecuencia región": 0.0859, "cod_comuna": "16201"}, {"comuna": "COBQUECURA", "region": "16. REGION DE ÑUBLE", "provincia": "Itata", "totalapellido": 3, "totalcomuna": 5884, "prct_apellido": 0.051, "Frecuencia provincia": 0.295621, "Frecuencia región": 0.0859, "cod_comuna": "16202"}, {"comuna": "CURANILAHUE", "region": "08. REGION DEL BIOBIO", "provincia": "Arauco", "totalapellido": 2, "totalcomuna": 30624, "prct_apellido": 0.0065, "Frecuencia provincia": 0.169853, "Frecuencia región": 0.056049, "cod_comuna": "08205"}, {"comuna": "CONCEPCION", "region": "08. REGION DEL BIOBIO", "provincia": "Concepción", "totalapellido": 3, "totalcomuna": 201066, "prct_apellido": 0.0015, "Frecuencia provincia": 0.045559, "Frecuencia región": 0.056049, "cod_comuna": "08101"}, {"comuna": "ARICA", "region": "15. REGION DE ARICA Y PARINACOTA", "provincia": "Arica", "totalapellido": 2, "totalcomuna": 180060, "prct_apellido": 0.0011, "Frecuencia provincia": 0.025797, "Frecuencia región": 0.026725, "cod_comuna": "15101"}, {"comuna": "CHILLAN", "region": "16. REGION DE ÑUBLE", "provincia": "Diguillín", "totalapellido": 10, "totalcomuna": 152723, "prct_apellido": 0.0065, "Frecuencia provincia": 0.065041, "Frecuencia región": 0.0859, "cod_comuna": "16101"}, {"comuna": "TEMUCO", "region": "09. REGION DE LA ARAUCANIA", "provincia": "Cautín", "totalapellido": 1, "totalcomuna": 236909, "prct_apellido": 0.0004, "Frecuencia provincia": 0.043946, "Frecuencia región": 0.051873, "cod_comuna": "09101"}], "provincias": [], "regiones": []}