{"apellido": "ELAO", "slug": "elao", "comunas": [{"comuna": "SAAVEDRA", "region": "09. REGION DE LA ARAUCANIA", "provincia": "Cautín", "totalapellido": 6, "totalcomuna": 13270, "prct_apellido": 0.0452, "Frecuencia provincia": 0.043946, "Frecuencia región": 0.051873, "cod_comuna": "09116"}, {"comuna": "TEODORO SCHMIDT", "region": "09. REGION DE LA ARAUCANIA", "provincia": "Cautín", "totalapellido": 5, "totalcomuna": 14036, "prct_apellido": 0.0356, "Frecuencia provincia": 0.043946, "Frecuencia región": 0.051873, "cod_comuna": "09117"}, {"comuna": "QUINTA NORMAL", "region": "13. REGION METROPOLITANA DE SANTIAGO", "provincia": "Santiago", "totalapellido": 6, "totalcomuna": 102529, "prct_apellido": 0.0059, "Frecuencia provincia": 0.017023, "Frecuencia región": 0.018986, "cod_comuna": "13126"}, {"comuna": "RENCA", "region": "13. REGION METROPOLITANA DE SANTIAGO", "provincia": "Santiago", "totalapellido": 3, "totalcomuna": 116730, "prct_apellido": 0.0026, "Frecuencia provincia": 0.017023, "Frecuencia región": 0.018986, "cod_comuna": "13128"}, {"comuna": "EL BOSQUE", "region": "13. REGION METROPOLITANA DE SANTIAGO", "provincia": "Santiago", "totalapellido": 4, "totalcomuna": 137677, "prct_apellido": 0.0029, "Frecuencia provincia": 0.017023, "Frecuencia región": 0.018986, "cod_comuna": "13105"}, {"comuna": "LA GRANJA", "region": "13. REGION METROPOLITANA DE SANTIAGO", "provincia": "Santiago", "totalapellido": 1, "totalcomuna": 103905, "prct_apellido": 0.001, "Frecuencia provincia": 0.017023, "Frecuencia región": 0.018986, "cod_comuna": "13111"}, {"comuna": "MAIPU", "region": "13. REGION METROPOLITANA DE SANTIAGO", "provincia": "Santiago", "totalapellido": 3, "totalcomuna": 389758, "prct_apellido": 0.0008, "Frecuencia provincia": 0.017023, "Frecuencia región": 0.018986, "cod_comuna": "13119"}], "provincias": [], "regiones": []}