{"apellido": "ELASS", "slug": "elass", "comunas": [{"comuna": "RIO IBAÑEZ", "region": "11. REGION DE AYSEN DEL GENERAL CARLOS IBAÑEZ DEL CAMPO", "provincia": "General Carrera", "totalapellido": 13, "totalcomuna": 2917, "prct_apellido": 0.4457, "Frecuencia provincia": 0.221914, "Frecuencia región": 0.077233, "cod_comuna": "11402"}, {"comuna": "CHILE CHICO", "region": "11. REGION DE AYSEN DEL GENERAL CARLOS IBAÑEZ DEL CAMPO", "provincia": "General Carrera", "totalapellido": 2, "totalcomuna": 6456, "prct_apellido": 0.031, "Frecuencia provincia": 0.221914, "Frecuencia región": 0.077233, "cod_comuna": "11401"}, {"comuna": "COIHAIQUE", "region": "11. REGION DE AYSEN DEL GENERAL CARLOS IBAÑEZ DEL CAMPO", "provincia": NaN, "totalapellido": 4, "totalcomuna": 54229, "prct_apellido": 0.0074, "Frecuencia provincia": NaN, "Frecuencia región": 0.077233, "cod_comuna": null}, {"comuna": "PUNTA ARENAS", "region": "12. REGION DE MAGALLANES Y DE LA ANTARTICA CHILENA", "provincia": "Magallanes", "totalapellido": 1, "totalcomuna": 122525, "prct_apellido": 0.0008, "Frecuencia provincia": 0.031287, "Frecuencia región": 0.037004, "cod_comuna": "12101"}, {"comuna": "ANTOFAGASTA", "region": "02. REGION DE ANTOFAGASTA", "provincia": "Antofagasta", "totalapellido": 1, "totalcomuna": 286950, "prct_apellido": 0.0003, "Frecuencia provincia": 0.020817, "Frecuencia región": 0.025007, "cod_comuna": "02101"}], "provincias": [], "regiones": []}