{"apellido": "ELIE", "slug": "elie", "comunas": [{"comuna": "ESTACION CENTRAL", "region": "13. REGION METROPOLITANA DE SANTIAGO", "provincia": "Santiago", "totalapellido": 2, "totalcomuna": 127214, "prct_apellido": 0.0016, "Frecuencia provincia": 0.017023, "Frecuencia región": 0.018986, "cod_comuna": "13106"}, {"comuna": "INDEPENDENCIA", "region": "13. REGION METROPOLITANA DE SANTIAGO", "provincia": "Santiago", "totalapellido": 1, "totalcomuna": 82629, "prct_apellido": 0.0012, "Frecuencia provincia": 0.017023, "Frecuencia región": 0.018986, "cod_comuna": "13108"}, {"comuna": "RENCA", "region": "13. REGION METROPOLITANA DE SANTIAGO", "provincia": "Santiago", "totalapellido": 1, "totalcomuna": 116730, "prct_apellido": 0.0009, "Frecuencia provincia": 0.017023, "Frecuencia región": 0.018986, "cod_comuna": "13128"}, {"comuna": "RECOLETA", "region": "13. REGION METROPOLITANA DE SANTIAGO", "provincia": "Santiago", "totalapellido": 1, "totalcomuna": 142696, "prct_apellido": 0.0007, "Frecuencia provincia": 0.017023, "Frecuencia región": 0.018986, "cod_comuna": "13127"}, {"comuna": "PROVIDENCIA", "region": "13. REGION METROPOLITANA DE SANTIAGO", "provincia": "Santiago", "totalapellido": 2, "totalcomuna": 170255, "prct_apellido": 0.0012, "Frecuencia provincia": 0.017023, "Frecuencia región": 0.018986, "cod_comuna": "13123"}], "provincias": [], "regiones": []}