{"apellido": "ELISONDO", "slug": "elisondo", "comunas": [{"comuna": "LOS ANGELES", "region": "08. REGION DEL BIOBIO", "provincia": "Biobío", "totalapellido": 3, "totalcomuna": 162845, "prct_apellido": 0.0018, "Frecuencia provincia": 0.077416, "Frecuencia región": 0.056049, "cod_comuna": "08301"}, {"comuna": "IQUIQUE", "region": "01. REGION DE TARAPACA", "provincia": "Iquique", "totalapellido": 3, "totalcomuna": 167553, "prct_apellido": 0.0018, "Frecuencia provincia": 0.023146, "Frecuencia región": 0.02576, "cod_comuna": "01101"}, {"comuna": "PEÑALOLEN", "region": "13. REGION METROPOLITANA DE SANTIAGO", "provincia": "Santiago", "totalapellido": 2, "totalcomuna": 191707, "prct_apellido": 0.001, "Frecuencia provincia": 0.017023, "Frecuencia región": 0.018986, "cod_comuna": "13122"}, {"comuna": "ESTACION CENTRAL", "region": "13. REGION METROPOLITANA DE SANTIAGO", "provincia": "Santiago", "totalapellido": 1, "totalcomuna": 127214, "prct_apellido": 0.0008, "Frecuencia provincia": 0.017023, "Frecuencia región": 0.018986, "cod_comuna": "13106"}, {"comuna": "PUENTE ALTO", "region": "13. REGION METROPOLITANA DE SANTIAGO", "provincia": "Cordillera", "totalapellido": 2, "totalcomuna": 399739, "prct_apellido": 0.0005, "Frecuencia provincia": 0.019022, "Frecuencia región": 0.018986, "cod_comuna": "13201"}], "provincias": [], "regiones": []}