{"apellido": "ELIZAMA", "slug": "elizama", "comunas": [{"comuna": "TILTIL", "region": "13. REGION METROPOLITANA DE SANTIAGO", "provincia": "Chacabuco", "totalapellido": 3, "totalcomuna": 14869, "prct_apellido": 0.0202, "Frecuencia provincia": 0.035407, "Frecuencia región": 0.018986, "cod_comuna": "13303"}, {"comuna": "HUALAÑE", "region": "07. REGION DEL MAULE", "provincia": "Curicó", "totalapellido": 1, "totalcomuna": 9784, "prct_apellido": 0.0102, "Frecuencia provincia": 0.081137, "Frecuencia región": 0.082553, "cod_comuna": "07302"}, {"comuna": "TOME", "region": "08. REGION DEL BIOBIO", "provincia": "Concepción", "totalapellido": 3, "totalcomuna": 49849, "prct_apellido": 0.006, "Frecuencia provincia": 0.045559, "Frecuencia región": 0.056049, "cod_comuna": "08111"}, {"comuna": "HUALPEN", "region": "08. REGION DEL BIOBIO", "provincia": "Concepción", "totalapellido": 4, "totalcomuna": 77561, "prct_apellido": 0.0052, "Frecuencia provincia": 0.045559, "Frecuencia región": 0.056049, "cod_comuna": "08112"}, {"comuna": "CONCEPCION", "region": "08. REGION DEL BIOBIO", "provincia": "Concepción", "totalapellido": 17, "totalcomuna": 201066, "prct_apellido": 0.0085, "Frecuencia provincia": 0.045559, "Frecuencia región": 0.056049, "cod_comuna": "08101"}, {"comuna": "SAN PEDRO DE LA PAZ", "region": "08. REGION DEL BIOBIO", "provincia": "Concepción", "totalapellido": 8, "totalcomuna": 89479, "prct_apellido": 0.0089, "Frecuencia provincia": 0.045559, "Frecuencia región": 0.056049, "cod_comuna": "08108"}, {"comuna": "ÑUÑOA", "region": "13. REGION METROPOLITANA DE SANTIAGO", "provincia": "Santiago", "totalapellido": 1, "totalcomuna": 197198, "prct_apellido": 0.0005, "Frecuencia provincia": 0.017023, "Frecuencia región": 0.018986, "cod_comuna": "13120"}], "provincias": [], "regiones": []}