{"apellido": "ELLENBERG", "slug": "ellenberg", "comunas": [{"comuna": "COCHRANE", "region": "11. REGION DE AYSEN DEL GENERAL CARLOS IBAÑEZ DEL CAMPO", "provincia": "Capitán Prat", "totalapellido": 1, "totalcomuna": 3384, "prct_apellido": 0.0296, "Frecuencia provincia": 0.340154, "Frecuencia región": 0.077233, "cod_comuna": "11301"}, {"comuna": "SAN PABLO", "region": "10. REGION DE LOS LAGOS", "provincia": "Osorno", "totalapellido": 1, "totalcomuna": 10188, "prct_apellido": 0.0098, "Frecuencia provincia": 0.047856, "Frecuencia región": 0.052521, "cod_comuna": "10307"}, {"comuna": "OSORNO", "region": "10. REGION DE LOS LAGOS", "provincia": "Osorno", "totalapellido": 11, "totalcomuna": 143162, "prct_apellido": 0.0077, "Frecuencia provincia": 0.047856, "Frecuencia región": 0.052521, "cod_comuna": "10301"}, {"comuna": "SALAMANCA", "region": "04. REGION DE COQUIMBO", "provincia": "Choapa", "totalapellido": 2, "totalcomuna": 23431, "prct_apellido": 0.0085, "Frecuencia provincia": 0.165554, "Frecuencia región": 0.046565, "cod_comuna": "04204"}, {"comuna": "VALDIVIA", "region": "14. REGION DE LOS RIOS", "provincia": "Valdivia", "totalapellido": 2, "totalcomuna": 138619, "prct_apellido": 0.0014, "Frecuencia provincia": 0.046113, "Frecuencia región": 0.0544, "cod_comuna": "14101"}, {"comuna": "LO BARNECHEA", "region": "13. REGION METROPOLITANA DE SANTIAGO", "provincia": "Santiago", "totalapellido": 1, "totalcomuna": 82669, "prct_apellido": 0.0012, "Frecuencia provincia": 0.017023, "Frecuencia región": 0.018986, "cod_comuna": "13115"}, {"comuna": "LAS CONDES", "region": "13. REGION METROPOLITANA DE SANTIAGO", "provincia": "Santiago", "totalapellido": 6, "totalcomuna": 269517, "prct_apellido": 0.0022, "Frecuencia provincia": 0.017023, "Frecuencia región": 0.018986, "cod_comuna": "13114"}, {"comuna": "TEMUCO", "region": "09. REGION DE LA ARAUCANIA", "provincia": "Cautín", "totalapellido": 1, "totalcomuna": 236909, "prct_apellido": 0.0004, "Frecuencia provincia": 0.043946, "Frecuencia región": 0.051873, "cod_comuna": "09101"}], "provincias": [], "regiones": []}