{"apellido": "ELZEL", "slug": "elzel", "comunas": [{"comuna": "SAN IGNACIO", "region": "16. REGION DE ÑUBLE", "provincia": "Diguillín", "totalapellido": 2, "totalcomuna": 14632, "prct_apellido": 0.0137, "Frecuencia provincia": 0.065041, "Frecuencia región": 0.0859, "cod_comuna": "16108"}, {"comuna": "LA UNION", "region": "14. REGION DE LOS RIOS", "provincia": "Ranco", "totalapellido": 2, "totalcomuna": 35754, "prct_apellido": 0.0056, "Frecuencia provincia": 0.112447, "Frecuencia región": 0.0544, "cod_comuna": "14201"}, {"comuna": "PUERTO VARAS", "region": "10. REGION DE LOS LAGOS", "provincia": "Llanquihue", "totalapellido": 2, "totalcomuna": 42326, "prct_apellido": 0.0047, "Frecuencia provincia": 0.042563, "Frecuencia región": 0.052521, "cod_comuna": "10109"}, {"comuna": "VILLARRICA", "region": "09. REGION DE LA ARAUCANIA", "provincia": "Cautín", "totalapellido": 2, "totalcomuna": 54948, "prct_apellido": 0.0036, "Frecuencia provincia": 0.043946, "Frecuencia región": 0.051873, "cod_comuna": "09120"}, {"comuna": "OSORNO", "region": "10. REGION DE LOS LAGOS", "provincia": "Osorno", "totalapellido": 6, "totalcomuna": 143162, "prct_apellido": 0.0042, "Frecuencia provincia": 0.047856, "Frecuencia región": 0.052521, "cod_comuna": "10301"}, {"comuna": "CHILLAN", "region": "16. REGION DE ÑUBLE", "provincia": "Diguillín", "totalapellido": 6, "totalcomuna": 152723, "prct_apellido": 0.0039, "Frecuencia provincia": 0.065041, "Frecuencia región": 0.0859, "cod_comuna": "16101"}, {"comuna": "ÑUÑOA", "region": "13. REGION METROPOLITANA DE SANTIAGO", "provincia": "Santiago", "totalapellido": 3, "totalcomuna": 197198, "prct_apellido": 0.0015, "Frecuencia provincia": 0.017023, "Frecuencia región": 0.018986, "cod_comuna": "13120"}, {"comuna": "SAN BERNARDO", "region": "13. REGION METROPOLITANA DE SANTIAGO", "provincia": "Maipo", "totalapellido": 1, "totalcomuna": 228196, "prct_apellido": 0.0004, "Frecuencia provincia": 0.033289, "Frecuencia región": 0.018986, "cod_comuna": "13401"}, {"comuna": "TEMUCO", "region": "09. REGION DE LA ARAUCANIA", "provincia": "Cautín", "totalapellido": 1, "totalcomuna": 236909, "prct_apellido": 0.0004, "Frecuencia provincia": 0.043946, "Frecuencia región": 0.051873, "cod_comuna": "09101"}], "provincias": [], "regiones": []}