{"apellido": "EMIG", "slug": "emig", "comunas": [{"comuna": "FRESIA", "region": "10. REGION DE LOS LAGOS", "provincia": "Llanquihue", "totalapellido": 8, "totalcomuna": 12233, "prct_apellido": 0.0654, "Frecuencia provincia": 0.042563, "Frecuencia región": 0.052521, "cod_comuna": "10104"}, {"comuna": "QUINCHAO", "region": "10. REGION DE LOS LAGOS", "provincia": "Chiloé", "totalapellido": 2, "totalcomuna": 9410, "prct_apellido": 0.0213, "Frecuencia provincia": 0.112043, "Frecuencia región": 0.052521, "cod_comuna": "10210"}, {"comuna": "LOS MUERMOS", "region": "10. REGION DE LOS LAGOS", "provincia": "Llanquihue", "totalapellido": 4, "totalcomuna": 16339, "prct_apellido": 0.0245, "Frecuencia provincia": 0.042563, "Frecuencia región": 0.052521, "cod_comuna": "10106"}, {"comuna": "PUERTO VARAS", "region": "10. REGION DE LOS LAGOS", "provincia": "Llanquihue", "totalapellido": 11, "totalcomuna": 42326, "prct_apellido": 0.026, "Frecuencia provincia": 0.042563, "Frecuencia región": 0.052521, "cod_comuna": "10109"}, {"comuna": "PUYEHUE", "region": "10. REGION DE LOS LAGOS", "provincia": "Osorno", "totalapellido": 1, "totalcomuna": 11597, "prct_apellido": 0.0086, "Frecuencia provincia": 0.047856, "Frecuencia región": 0.052521, "cod_comuna": "10304"}, {"comuna": "DALCAHUE", "region": "10. REGION DE LOS LAGOS", "provincia": "Chiloé", "totalapellido": 1, "totalcomuna": 12598, "prct_apellido": 0.0079, "Frecuencia provincia": 0.112043, "Frecuencia región": 0.052521, "cod_comuna": "10205"}, {"comuna": "MARIQUINA", "region": "14. REGION DE LOS RIOS", "provincia": "Valdivia", "totalapellido": 1, "totalcomuna": 18993, "prct_apellido": 0.0053, "Frecuencia provincia": 0.046113, "Frecuencia región": 0.0544, "cod_comuna": "14106"}, {"comuna": "MACUL", "region": "13. REGION METROPOLITANA DE SANTIAGO", "provincia": "Santiago", "totalapellido": 3, "totalcomuna": 101340, "prct_apellido": 0.003, "Frecuencia provincia": 0.017023, "Frecuencia región": 0.018986, "cod_comuna": "13118"}, {"comuna": "OSORNO", "region": "10. REGION DE LOS LAGOS", "provincia": "Osorno", "totalapellido": 4, "totalcomuna": 143162, "prct_apellido": 0.0028, "Frecuencia provincia": 0.047856, "Frecuencia región": 0.052521, "cod_comuna": "10301"}, {"comuna": "PUNTA ARENAS", "region": "12. REGION DE MAGALLANES Y DE LA ANTARTICA CHILENA", "provincia": "Magallanes", "totalapellido": 3, "totalcomuna": 122525, "prct_apellido": 0.0024, "Frecuencia provincia": 0.031287, "Frecuencia región": 0.037004, "cod_comuna": "12101"}, {"comuna": "PUERTO MONTT", "region": "10. REGION DE LOS LAGOS", "provincia": "Llanquihue", "totalapellido": 5, "totalcomuna": 186565, "prct_apellido": 0.0027, "Frecuencia provincia": 0.042563, "Frecuencia región": 0.052521, "cod_comuna": "10101"}], "provincias": [], "regiones": []}