{"apellido": "EMMONS", "slug": "emmons", "comunas": [{"comuna": "SANTIAGO", "region": "13. REGION METROPOLITANA DE SANTIAGO", "provincia": "Santiago", "totalapellido": 4, "totalcomuna": 340282, "prct_apellido": 0.0012, "Frecuencia provincia": 0.017023, "Frecuencia región": 0.018986, "cod_comuna": "13101"}, {"comuna": "SAN PEDRO DE LA PAZ", "region": "08. REGION DEL BIOBIO", "provincia": "Concepción", "totalapellido": 1, "totalcomuna": 89479, "prct_apellido": 0.0011, "Frecuencia provincia": 0.045559, "Frecuencia región": 0.056049, "cod_comuna": "08108"}, {"comuna": "ANTOFAGASTA", "region": "02. REGION DE ANTOFAGASTA", "provincia": "Antofagasta", "totalapellido": 2, "totalcomuna": 286950, "prct_apellido": 0.0007, "Frecuencia provincia": 0.020817, "Frecuencia región": 0.025007, "cod_comuna": "02101"}, {"comuna": "PROVIDENCIA", "region": "13. REGION METROPOLITANA DE SANTIAGO", "provincia": "Santiago", "totalapellido": 1, "totalcomuna": 170255, "prct_apellido": 0.0006, "Frecuencia provincia": 0.017023, "Frecuencia región": 0.018986, "cod_comuna": "13123"}], "provincias": [], "regiones": []}