{"apellido": "ENCINA", "slug": "encina", "comunas": [{"comuna": "PAPUDO", "region": "05. REGION DE VALPARAISO", "provincia": "Petorca", "totalapellido": 191, "totalcomuna": 6102, "prct_apellido": 3.1301, "Frecuencia provincia": 0.160073, "Frecuencia región": 0.029341, "cod_comuna": "05403"}, {"comuna": "VILLA ALEGRE", "region": "07. REGION DEL MAULE", "provincia": "Linares", "totalapellido": 76, "totalcomuna": 13869, "prct_apellido": 0.548, "Frecuencia provincia": 0.120949, "Frecuencia región": 0.082553, "cod_comuna": "07407"}, {"comuna": "PANQUEHUE", "region": "05. REGION DE VALPARAISO", "provincia": "San Felipe de Aconcagua", "totalapellido": 36, "totalcomuna": 6599, "prct_apellido": 0.5455, "Frecuencia provincia": 0.102948, "Frecuencia región": 0.029341, "cod_comuna": "05704"}, {"comuna": "MARIA PINTO", "region": "13. REGION METROPOLITANA DE SANTIAGO", "provincia": "Melipilla", "totalapellido": 49, "totalcomuna": 11495, "prct_apellido": 0.4263, "Frecuencia provincia": 0.072308, "Frecuencia región": 0.018986, "cod_comuna": "13504"}, {"comuna": "RIO CLARO", "region": "07. REGION DEL MAULE", "provincia": "Talca", "totalapellido": 31, "totalcomuna": 12024, "prct_apellido": 0.2578, "Frecuencia provincia": 0.062885, "Frecuencia región": 0.082553, "cod_comuna": "07108"}, {"comuna": "SAN JAVIER", "region": "07. REGION DEL MAULE", "provincia": "Linares", "totalapellido": 161, "totalcomuna": 39254, "prct_apellido": 0.4101, "Frecuencia provincia": 0.120949, "Frecuencia región": 0.082553, "cod_comuna": "07406"}, {"comuna": "ISLA DE MAIPO", "region": "13. REGION METROPOLITANA DE SANTIAGO", "provincia": "Talagante", "totalapellido": 86, "totalcomuna": 27965, "prct_apellido": 0.3075, "Frecuencia provincia": 0.065142, "Frecuencia región": 0.018986, "cod_comuna": "13603"}, {"comuna": "LINARES", "region": "07. REGION DEL MAULE", "provincia": "Linares", "totalapellido": 284, "totalcomuna": 81744, "prct_apellido": 0.3474, "Frecuencia provincia": 0.120949, "Frecuencia región": 0.082553, "cod_comuna": "07401"}, {"comuna": "HIJUELAS", "region": "05. REGION DE VALPARAISO", "provincia": "Quillota", "totalapellido": 53, "totalcomuna": 15609, "prct_apellido": 0.3395, "Frecuencia provincia": 0.079787, "Frecuencia región": 0.029341, "cod_comuna": "05503"}, {"comuna": "LA LIGUA", "region": "05. REGION DE VALPARAISO", "provincia": "Petorca", "totalapellido": 73, "totalcomuna": 30181, "prct_apellido": 0.2419, "Frecuencia provincia": 0.160073, "Frecuencia región": 0.029341, "cod_comuna": "05401"}, {"comuna": "SAN ROSENDO", "region": "08. REGION DEL BIOBIO", "provincia": "Biobío", "totalapellido": 8, "totalcomuna": 4424, "prct_apellido": 0.1808, "Frecuencia provincia": 0.077416, "Frecuencia región": 0.056049, "cod_comuna": "08310"}, {"comuna": "MAULE", "region": "07. REGION DEL MAULE", "provincia": "Talca", "totalapellido": 73, "totalcomuna": 24526, "prct_apellido": 0.2976, "Frecuencia provincia": 0.062885, "Frecuencia región": 0.082553, "cod_comuna": "07105"}, {"comuna": "LLAILLAY", "region": "05. REGION DE VALPARAISO", "provincia": "San Felipe de Aconcagua", "totalapellido": 71, "totalcomuna": 20915, "prct_apellido": 0.3395, "Frecuencia provincia": 0.102948, "Frecuencia región": 0.029341, "cod_comuna": "05703"}, {"comuna": "CONSTITUCION", "region": "07. REGION DEL MAULE", "provincia": "Talca", "totalapellido": 99, "totalcomuna": 40000, "prct_apellido": 0.2475, "Frecuencia provincia": 0.062885, "Frecuencia región": 0.082553, "cod_comuna": "07102"}, {"comuna": "DIEGO DE ALMAGRO", "region": "03. REGION DE ATACAMA", "provincia": "Chañaral", "totalapellido": 34, "totalcomuna": 13390, "prct_apellido": 0.2539, "Frecuencia provincia": 0.158476, "Frecuencia región": 0.058317, "cod_comuna": "03202"}, {"comuna": "LOLOL", "region": "06. REGION DEL LIBERTADOR GENERAL BERNARDO O'HIGGINS", "provincia": "Colchagua", "totalapellido": 9, "totalcomuna": 6889, "prct_apellido": 0.1306, "Frecuencia provincia": 0.12967, "Frecuencia región": 0.074338, "cod_comuna": "06304"}, {"comuna": "CASABLANCA", "region": "05. REGION DE VALPARAISO", "provincia": "Valparaíso", "totalapellido": 43, "totalcomuna": 22469, "prct_apellido": 0.1914, "Frecuencia provincia": 0.017698, "Frecuencia región": 0.029341, "cod_comuna": "05102"}, {"comuna": "ZAPALLAR", "region": "05. REGION DE VALPARAISO", "provincia": "Petorca", "totalapellido": 13, "totalcomuna": 8709, "prct_apellido": 0.1493, "Frecuencia provincia": 0.160073, "Frecuencia región": 0.029341, "cod_comuna": "05405"}, {"comuna": "YERBAS BUENAS", "region": "07. REGION DEL MAULE", "provincia": "Linares", "totalapellido": 34, "totalcomuna": 14836, "prct_apellido": 0.2292, "Frecuencia provincia": 0.120949, "Frecuencia región": 0.082553, "cod_comuna": "07408"}, {"comuna": "COLLIPULLI", "region": "09. REGION DE LA ARAUCANIA", "provincia": "Malleco", "totalapellido": 62, "totalcomuna": 22160, "prct_apellido": 0.2798, "Frecuencia provincia": 0.133465, "Frecuencia región": 0.051873, "cod_comuna": "09202"}, {"comuna": "SAN CLEMENTE", "region": "07. REGION DEL MAULE", "provincia": "Talca", "totalapellido": 79, "totalcomuna": 37168, "prct_apellido": 0.2125, "Frecuencia provincia": 0.062885, "Frecuencia región": 0.082553, "cod_comuna": "07109"}, {"comuna": "FREIRINA", "region": "03. REGION DE ATACAMA", "provincia": "Huasco", "totalapellido": 13, "totalcomuna": 6019, "prct_apellido": 0.216, "Frecuencia provincia": 0.121458, "Frecuencia región": 0.058317, "cod_comuna": "03303"}, {"comuna": "TALCA", "region": "07. REGION DEL MAULE", "provincia": "Talca", "totalapellido": 370, "totalcomuna": 179640, "prct_apellido": 0.206, "Frecuencia provincia": 0.062885, "Frecuencia región": 0.082553, "cod_comuna": "07101"}, {"comuna": "QUILLOTA", "region": "05. REGION DE VALPARAISO", "provincia": "Quillota", "totalapellido": 137, "totalcomuna": 75479, "prct_apellido": 0.1815, "Frecuencia provincia": 0.079787, "Frecuencia región": 0.029341, "cod_comuna": "05501"}, {"comuna": "MOLINA", "region": "07. REGION DEL MAULE", "provincia": "Curicó", "totalapellido": 68, "totalcomuna": 39426, "prct_apellido": 0.1725, "Frecuencia provincia": 0.081137, "Frecuencia región": 0.082553, "cod_comuna": "07304"}, {"comuna": "MELIPILLA", "region": "13. REGION METROPOLITANA DE SANTIAGO", "provincia": "Melipilla", "totalapellido": 169, "totalcomuna": 97217, "prct_apellido": 0.1738, "Frecuencia provincia": 0.072308, "Frecuencia región": 0.018986, "cod_comuna": "13501"}, {"comuna": "PEÑAFLOR", "region": "13. REGION METROPOLITANA DE SANTIAGO", "provincia": "Talagante", "totalapellido": 112, "totalcomuna": 72543, "prct_apellido": 0.1544, "Frecuencia provincia": 0.065142, "Frecuencia región": 0.018986, "cod_comuna": "13605"}, {"comuna": "ISLA DE PASCUA", "region": "05. REGION DE VALPARAISO", "provincia": "Isla de Pascua", "totalapellido": 10, "totalcomuna": 6299, "prct_apellido": 0.1588, "Frecuencia provincia": 0.157863, "Frecuencia región": 0.029341, "cod_comuna": "05201"}, {"comuna": "CARTAGENA", "region": "05. REGION DE VALPARAISO", "provincia": "San Antonio", "totalapellido": 22, "totalcomuna": 18227, "prct_apellido": 0.1207, "Frecuencia provincia": 0.076723, "Frecuencia región": 0.029341, "cod_comuna": "05603"}, {"comuna": "LA CRUZ", "region": "05. REGION DE VALPARAISO", "provincia": "Quillota", "totalapellido": 18, "totalcomuna": 16329, "prct_apellido": 0.1102, "Frecuencia provincia": 0.079787, "Frecuencia región": 0.029341, "cod_comuna": "05504"}, {"comuna": "LA CISTERNA", "region": "13. REGION METROPOLITANA DE SANTIAGO", "provincia": "Santiago", "totalapellido": 88, "totalcomuna": 83246, "prct_apellido": 0.1057, "Frecuencia provincia": 0.017023, "Frecuencia región": 0.018986, "cod_comuna": "13109"}, {"comuna": "SAN RAMON", "region": "13. REGION METROPOLITANA DE SANTIAGO", "provincia": "Santiago", "totalapellido": 80, "totalcomuna": 81793, "prct_apellido": 0.0978, "Frecuencia provincia": 0.017023, "Frecuencia región": 0.018986, "cod_comuna": "13131"}, {"comuna": "EL QUISCO", "region": "05. REGION DE VALPARAISO", "provincia": "San Antonio", "totalapellido": 12, "totalcomuna": 13781, "prct_apellido": 0.0871, "Frecuencia provincia": 0.076723, "Frecuencia región": 0.029341, "cod_comuna": "05604"}, {"comuna": "LO PRADO", "region": "13. REGION METROPOLITANA DE SANTIAGO", "provincia": "Santiago", "totalapellido": 112, "totalcomuna": 88885, "prct_apellido": 0.126, "Frecuencia provincia": 0.017023, "Frecuencia región": 0.018986, "cod_comuna": "13117"}, {"comuna": "COLTAUCO", "region": "06. REGION DEL LIBERTADOR GENERAL BERNARDO O'HIGGINS", "provincia": "Cachapoal", "totalapellido": 15, "totalcomuna": 16168, "prct_apellido": 0.0928, "Frecuencia provincia": 0.061427, "Frecuencia región": 0.074338, "cod_comuna": "06104"}, {"comuna": "RENGO", "region": "06. REGION DEL LIBERTADOR GENERAL BERNARDO O'HIGGINS", "provincia": "Cachapoal", "totalapellido": 76, "totalcomuna": 48595, "prct_apellido": 0.1564, "Frecuencia provincia": 0.061427, "Frecuencia región": 0.074338, "cod_comuna": "06115"}, {"comuna": "LIMACHE", "region": "05. REGION DE VALPARAISO", "provincia": "Marga Marga", "totalapellido": 48, "totalcomuna": 39423, "prct_apellido": 0.1218, "Frecuencia provincia": 0.034753, "Frecuencia región": 0.029341, "cod_comuna": "05802"}, {"comuna": "PENCAHUE", "region": "07. REGION DEL MAULE", "provincia": "Talca", "totalapellido": 9, "totalcomuna": 10505, "prct_apellido": 0.0857, "Frecuencia provincia": 0.062885, "Frecuencia región": 0.082553, "cod_comuna": "07107"}, {"comuna": "QUINTERO", "region": "05. REGION DE VALPARAISO", "provincia": "Valparaíso", "totalapellido": 35, "totalcomuna": 24756, "prct_apellido": 0.1414, "Frecuencia provincia": 0.017698, "Frecuencia región": 0.029341, "cod_comuna": "05107"}, {"comuna": "PAREDONES", "region": "06. REGION DEL LIBERTADOR GENERAL BERNARDO O'HIGGINS", "provincia": "Cardenal Caro", "totalapellido": 4, "totalcomuna": 7074, "prct_apellido": 0.0565, "Frecuencia provincia": 0.199859, "Frecuencia región": 0.074338, "cod_comuna": "06206"}, {"comuna": "MACUL", "region": "13. REGION METROPOLITANA DE SANTIAGO", "provincia": "Santiago", "totalapellido": 108, "totalcomuna": 101340, "prct_apellido": 0.1066, "Frecuencia provincia": 0.017023, "Frecuencia región": 0.018986, "cod_comuna": "13118"}, {"comuna": "OLIVAR", "region": "06. REGION DEL LIBERTADOR GENERAL BERNARDO O'HIGGINS", "provincia": "Cachapoal", "totalapellido": 17, "totalcomuna": 12496, "prct_apellido": 0.136, "Frecuencia provincia": 0.061427, "Frecuencia región": 0.074338, "cod_comuna": "06111"}, {"comuna": "LOTA", "region": "08. REGION DEL BIOBIO", "provincia": "Concepción", "totalapellido": 36, "totalcomuna": 47936, "prct_apellido": 0.0751, "Frecuencia provincia": 0.045559, "Frecuencia región": 0.056049, "cod_comuna": "08106"}, {"comuna": "HUARA", "region": "01. REGION DE TARAPACA", "provincia": "Tamarugal", "totalapellido": 7, "totalcomuna": 9373, "prct_apellido": 0.0747, "Frecuencia provincia": 0.130887, "Frecuencia región": 0.02576, "cod_comuna": "01404"}, {"comuna": "SAN MIGUEL", "region": "13. REGION METROPOLITANA DE SANTIAGO", "provincia": "Santiago", "totalapellido": 99, "totalcomuna": 105090, "prct_apellido": 0.0942, "Frecuencia provincia": 0.017023, "Frecuencia región": 0.018986, "cod_comuna": "13130"}, {"comuna": "VALPARAISO", "region": "05. REGION DE VALPARAISO", "provincia": "Valparaíso", "totalapellido": 314, "totalcomuna": 290125, "prct_apellido": 0.1082, "Frecuencia provincia": 0.017698, "Frecuencia región": 0.029341, "cod_comuna": "05101"}, {"comuna": "EL BOSQUE", "region": "13. REGION METROPOLITANA DE SANTIAGO", "provincia": "Santiago", "totalapellido": 128, "totalcomuna": 137677, "prct_apellido": 0.093, "Frecuencia provincia": 0.017023, "Frecuencia región": 0.018986, "cod_comuna": "13105"}, {"comuna": "TALAGANTE", "region": "13. REGION METROPOLITANA DE SANTIAGO", "provincia": "Talagante", "totalapellido": 51, "totalcomuna": 58141, "prct_apellido": 0.0877, "Frecuencia provincia": 0.065142, "Frecuencia región": 0.018986, "cod_comuna": "13601"}, {"comuna": "PEÑALOLEN", "region": "13. REGION METROPOLITANA DE SANTIAGO", "provincia": "Santiago", "totalapellido": 150, "totalcomuna": 191707, "prct_apellido": 0.0782, "Frecuencia provincia": 0.017023, "Frecuencia región": 0.018986, "cod_comuna": "13122"}, {"comuna": "LO ESPEJO", "region": "13. REGION METROPOLITANA DE SANTIAGO", "provincia": "Santiago", "totalapellido": 100, "totalcomuna": 90849, "prct_apellido": 0.1101, "Frecuencia provincia": 0.017023, "Frecuencia región": 0.018986, "cod_comuna": "13116"}, {"comuna": "SAN FERNANDO", "region": "06. REGION DEL LIBERTADOR GENERAL BERNARDO O'HIGGINS", "provincia": "Colchagua", "totalapellido": 44, "totalcomuna": 62989, "prct_apellido": 0.0699, "Frecuencia provincia": 0.12967, "Frecuencia región": 0.074338, "cod_comuna": "06301"}, {"comuna": "COLBUN", "region": "07. REGION DEL MAULE", "provincia": "Linares", "totalapellido": 29, "totalcomuna": 18445, "prct_apellido": 0.1572, "Frecuencia provincia": 0.120949, "Frecuencia región": 0.082553, "cod_comuna": "07402"}, {"comuna": "PAINE", "region": "13. REGION METROPOLITANA DE SANTIAGO", "provincia": "Maipo", "totalapellido": 40, "totalcomuna": 53793, "prct_apellido": 0.0744, "Frecuencia provincia": 0.033289, "Frecuencia región": 0.018986, "cod_comuna": "13404"}, {"comuna": "QUINTA DE TILCOCO", "region": "06. REGION DEL LIBERTADOR GENERAL BERNARDO O'HIGGINS", "provincia": "Cachapoal", "totalapellido": 7, "totalcomuna": 12467, "prct_apellido": 0.0561, "Frecuencia provincia": 0.061427, "Frecuencia región": 0.074338, "cod_comuna": "06114"}, {"comuna": "ÑIQUEN", "region": "16. REGION DE ÑUBLE", "provincia": "Punilla", "totalapellido": 7, "totalcomuna": 10642, "prct_apellido": 0.0658, "Frecuencia provincia": 0.169589, "Frecuencia región": 0.0859, "cod_comuna": "16303"}, {"comuna": "LA REINA", "region": "13. REGION METROPOLITANA DE SANTIAGO", "provincia": "Santiago", "totalapellido": 82, "totalcomuna": 91556, "prct_apellido": 0.0896, "Frecuencia provincia": 0.017023, "Frecuencia región": 0.018986, "cod_comuna": "13113"}, {"comuna": "CALDERA", "region": "03. REGION DE ATACAMA", "provincia": "Copiapó", "totalapellido": 17, "totalcomuna": 15024, "prct_apellido": 0.1132, "Frecuencia provincia": 0.043922, "Frecuencia región": 0.058317, "cod_comuna": "03102"}, {"comuna": "LA GRANJA", "region": "13. REGION METROPOLITANA DE SANTIAGO", "provincia": "Santiago", "totalapellido": 82, "totalcomuna": 103905, "prct_apellido": 0.0789, "Frecuencia provincia": 0.017023, "Frecuencia región": 0.018986, "cod_comuna": "13111"}, {"comuna": "INDEPENDENCIA", "region": "13. REGION METROPOLITANA DE SANTIAGO", "provincia": "Santiago", "totalapellido": 65, "totalcomuna": 82629, "prct_apellido": 0.0787, "Frecuencia provincia": 0.017023, "Frecuencia región": 0.018986, "cod_comuna": "13108"}, {"comuna": "LA SERENA", "region": "04. REGION DE COQUIMBO", "provincia": "Elqui", "totalapellido": 142, "totalcomuna": 174853, "prct_apellido": 0.0812, "Frecuencia provincia": 0.034381, "Frecuencia región": 0.046565, "cod_comuna": "04101"}, {"comuna": "SAN BERNARDO", "region": "13. REGION METROPOLITANA DE SANTIAGO", "provincia": "Maipo", "totalapellido": 169, "totalcomuna": 228196, "prct_apellido": 0.0741, "Frecuencia provincia": 0.033289, "Frecuencia región": 0.018986, "cod_comuna": "13401"}, {"comuna": "PADRE HURTADO", "region": "13. REGION METROPOLITANA DE SANTIAGO", "provincia": "Talagante", "totalapellido": 37, "totalcomuna": 44714, "prct_apellido": 0.0827, "Frecuencia provincia": 0.065142, "Frecuencia región": 0.018986, "cod_comuna": "13604"}, {"comuna": "HUECHURABA", "region": "13. REGION METROPOLITANA DE SANTIAGO", "provincia": "Santiago", "totalapellido": 63, "totalcomuna": 73498, "prct_apellido": 0.0857, "Frecuencia provincia": 0.017023, "Frecuencia región": 0.018986, "cod_comuna": "13107"}, {"comuna": "ESTACION CENTRAL", "region": "13. REGION METROPOLITANA DE SANTIAGO", "provincia": "Santiago", "totalapellido": 116, "totalcomuna": 127214, "prct_apellido": 0.0912, "Frecuencia provincia": 0.017023, "Frecuencia región": 0.018986, "cod_comuna": "13106"}, {"comuna": "CERRO NAVIA", "region": "13. REGION METROPOLITANA DE SANTIAGO", "provincia": "Santiago", "totalapellido": 88, "totalcomuna": 115479, "prct_apellido": 0.0762, "Frecuencia provincia": 0.017023, "Frecuencia región": 0.018986, "cod_comuna": "13103"}, {"comuna": "COLINA", "region": "13. REGION METROPOLITANA DE SANTIAGO", "provincia": "Chacabuco", "totalapellido": 50, "totalcomuna": 90446, "prct_apellido": 0.0553, "Frecuencia provincia": 0.035407, "Frecuencia región": 0.018986, "cod_comuna": "13301"}, {"comuna": "PUDAHUEL", "region": "13. REGION METROPOLITANA DE SANTIAGO", "provincia": "Santiago", "totalapellido": 135, "totalcomuna": 168984, "prct_apellido": 0.0799, "Frecuencia provincia": 0.017023, "Frecuencia región": 0.018986, "cod_comuna": "13124"}, {"comuna": "SAN JOAQUIN", "region": "13. REGION METROPOLITANA DE SANTIAGO", "provincia": "Santiago", "totalapellido": 71, "totalcomuna": 82325, "prct_apellido": 0.0862, "Frecuencia provincia": 0.017023, "Frecuencia región": 0.018986, "cod_comuna": "13129"}, {"comuna": "CERRILLOS", "region": "13. REGION METROPOLITANA DE SANTIAGO", "provincia": "Santiago", "totalapellido": 62, "totalcomuna": 67537, "prct_apellido": 0.0918, "Frecuencia provincia": 0.017023, "Frecuencia región": 0.018986, "cod_comuna": "13102"}, {"comuna": "MAIPU", "region": "13. REGION METROPOLITANA DE SANTIAGO", "provincia": "Santiago", "totalapellido": 351, "totalcomuna": 389758, "prct_apellido": 0.0901, "Frecuencia provincia": 0.017023, "Frecuencia región": 0.018986, "cod_comuna": "13119"}, {"comuna": "NUEVA IMPERIAL", "region": "09. REGION DE LA ARAUCANIA", "provincia": "Cautín", "totalapellido": 19, "totalcomuna": 30689, "prct_apellido": 0.0619, "Frecuencia provincia": 0.043946, "Frecuencia región": 0.051873, "cod_comuna": "09111"}, {"comuna": "LA FLORIDA", "region": "13. REGION METROPOLITANA DE SANTIAGO", "provincia": "Santiago", "totalapellido": 228, "totalcomuna": 307414, "prct_apellido": 0.0742, "Frecuencia provincia": 0.017023, "Frecuencia región": 0.018986, "cod_comuna": "13110"}, {"comuna": "COQUIMBO", "region": "04. REGION DE COQUIMBO", "provincia": "Elqui", "totalapellido": 115, "totalcomuna": 167854, "prct_apellido": 0.0685, "Frecuencia provincia": 0.034381, "Frecuencia región": 0.046565, "cod_comuna": "04102"}, {"comuna": "QUILICURA", "region": "13. REGION METROPOLITANA DE SANTIAGO", "provincia": "Santiago", "totalapellido": 101, "totalcomuna": 139914, "prct_apellido": 0.0722, "Frecuencia provincia": 0.017023, "Frecuencia región": 0.018986, "cod_comuna": "13125"}, {"comuna": "VILLA ALEMANA", "region": "05. REGION DE VALPARAISO", "provincia": "Marga Marga", "totalapellido": 70, "totalcomuna": 98544, "prct_apellido": 0.071, "Frecuencia provincia": 0.034753, "Frecuencia región": 0.029341, "cod_comuna": "05804"}, {"comuna": "TALTAL", "region": "02. REGION DE ANTOFAGASTA", "provincia": "Antofagasta", "totalapellido": 4, "totalcomuna": 10511, "prct_apellido": 0.0381, "Frecuencia provincia": 0.020817, "Frecuencia región": 0.025007, "cod_comuna": "02104"}, {"comuna": "DOÑIHUE", "region": "06. REGION DEL LIBERTADOR GENERAL BERNARDO O'HIGGINS", "provincia": "Cachapoal", "totalapellido": 9, "totalcomuna": 18424, "prct_apellido": 0.0488, "Frecuencia provincia": 0.061427, "Frecuencia región": 0.074338, "cod_comuna": "06105"}, {"comuna": "CURACAVI", "region": "13. REGION METROPOLITANA DE SANTIAGO", "provincia": "Melipilla", "totalapellido": 18, "totalcomuna": 26345, "prct_apellido": 0.0683, "Frecuencia provincia": 0.072308, "Frecuencia región": 0.018986, "cod_comuna": "13503"}, {"comuna": "PARRAL", "region": "07. REGION DEL MAULE", "provincia": "Linares", "totalapellido": 23, "totalcomuna": 37860, "prct_apellido": 0.0608, "Frecuencia provincia": 0.120949, "Frecuencia región": 0.082553, "cod_comuna": "07404"}, {"comuna": "PROVIDENCIA", "region": "13. REGION METROPOLITANA DE SANTIAGO", "provincia": "Santiago", "totalapellido": 129, "totalcomuna": 170255, "prct_apellido": 0.0758, "Frecuencia provincia": 0.017023, "Frecuencia región": 0.018986, "cod_comuna": "13123"}, {"comuna": "IQUIQUE", "region": "01. REGION DE TARAPACA", "provincia": "Iquique", "totalapellido": 126, "totalcomuna": 167553, "prct_apellido": 0.0752, "Frecuencia provincia": 0.023146, "Frecuencia región": 0.02576, "cod_comuna": "01101"}, {"comuna": "ANGOL", "region": "09. REGION DE LA ARAUCANIA", "provincia": "Malleco", "totalapellido": 31, "totalcomuna": 47137, "prct_apellido": 0.0658, "Frecuencia provincia": 0.133465, "Frecuencia región": 0.051873, "cod_comuna": "09201"}, {"comuna": "TENO", "region": "07. REGION DEL MAULE", "provincia": "Curicó", "totalapellido": 21, "totalcomuna": 24958, "prct_apellido": 0.0841, "Frecuencia provincia": 0.081137, "Frecuencia región": 0.082553, "cod_comuna": "07308"}, {"comuna": "COPIAPO", "region": "03. REGION DE ATACAMA", "provincia": "Copiapó", "totalapellido": 90, "totalcomuna": 123973, "prct_apellido": 0.0726, "Frecuencia provincia": 0.043922, "Frecuencia región": 0.058317, "cod_comuna": "03101"}, {"comuna": "ARAUCO", "region": "08. REGION DEL BIOBIO", "provincia": "Arauco", "totalapellido": 16, "totalcomuna": 31158, "prct_apellido": 0.0514, "Frecuencia provincia": 0.169853, "Frecuencia región": 0.056049, "cod_comuna": "08202"}, {"comuna": "PUENTE ALTO", "region": "13. REGION METROPOLITANA DE SANTIAGO", "provincia": "Cordillera", "totalapellido": 262, "totalcomuna": 399739, "prct_apellido": 0.0655, "Frecuencia provincia": 0.019022, "Frecuencia región": 0.018986, "cod_comuna": "13201"}, {"comuna": "LAMPA", "region": "13. REGION METROPOLITANA DE SANTIAGO", "provincia": "Chacabuco", "totalapellido": 43, "totalcomuna": 59623, "prct_apellido": 0.0721, "Frecuencia provincia": 0.035407, "Frecuencia región": 0.018986, "cod_comuna": "13302"}, {"comuna": "MACHALI", "region": "06. REGION DEL LIBERTADOR GENERAL BERNARDO O'HIGGINS", "provincia": "Cachapoal", "totalapellido": 34, "totalcomuna": 37103, "prct_apellido": 0.0916, "Frecuencia provincia": 0.061427, "Frecuencia región": 0.074338, "cod_comuna": "06108"}, {"comuna": "PEDRO AGUIRRE CERDA", "region": "13. REGION METROPOLITANA DE SANTIAGO", "provincia": "Santiago", "totalapellido": 53, "totalcomuna": 93161, "prct_apellido": 0.0569, "Frecuencia provincia": 0.017023, "Frecuencia región": 0.018986, "cod_comuna": "13121"}, {"comuna": "RENCA", "region": "13. REGION METROPOLITANA DE SANTIAGO", "provincia": "Santiago", "totalapellido": 100, "totalcomuna": 116730, "prct_apellido": 0.0857, "Frecuencia provincia": 0.017023, "Frecuencia región": 0.018986, "cod_comuna": "13128"}, {"comuna": "QUILPUE", "region": "05. REGION DE VALPARAISO", "provincia": "Marga Marga", "totalapellido": 117, "totalcomuna": 134448, "prct_apellido": 0.087, "Frecuencia provincia": 0.034753, "Frecuencia región": 0.029341, "cod_comuna": "05801"}, {"comuna": "ANTOFAGASTA", "region": "02. REGION DE ANTOFAGASTA", "provincia": "Antofagasta", "totalapellido": 168, "totalcomuna": 286950, "prct_apellido": 0.0585, "Frecuencia provincia": 0.020817, "Frecuencia región": 0.025007, "cod_comuna": "02101"}, {"comuna": "QUINTA NORMAL", "region": "13. REGION METROPOLITANA DE SANTIAGO", "provincia": "Santiago", "totalapellido": 84, "totalcomuna": 102529, "prct_apellido": 0.0819, "Frecuencia provincia": 0.017023, "Frecuencia región": 0.018986, "cod_comuna": "13126"}, {"comuna": "TILTIL", "region": "13. REGION METROPOLITANA DE SANTIAGO", "provincia": "Chacabuco", "totalapellido": 9, "totalcomuna": 14869, "prct_apellido": 0.0605, "Frecuencia provincia": 0.035407, "Frecuencia región": 0.018986, "cod_comuna": "13303"}, {"comuna": "POZO ALMONTE", "region": "01. REGION DE TARAPACA", "provincia": "Tamarugal", "totalapellido": 8, "totalcomuna": 11898, "prct_apellido": 0.0672, "Frecuencia provincia": 0.130887, "Frecuencia región": 0.02576, "cod_comuna": "01401"}, {"comuna": "EL TABO", "region": "05. REGION DE VALPARAISO", "provincia": "San Antonio", "totalapellido": 7, "totalcomuna": 11931, "prct_apellido": 0.0587, "Frecuencia provincia": 0.076723, "Frecuencia región": 0.029341, "cod_comuna": "05605"}, {"comuna": "SAN FELIPE", "region": "05. REGION DE VALPARAISO", "provincia": "San Felipe de Aconcagua", "totalapellido": 37, "totalcomuna": 60075, "prct_apellido": 0.0616, "Frecuencia provincia": 0.102948, "Frecuencia región": 0.029341, "cod_comuna": "05701"}, {"comuna": "NEGRETE", "region": "08. REGION DEL BIOBIO", "provincia": "Biobío", "totalapellido": 3, "totalcomuna": 9086, "prct_apellido": 0.033, "Frecuencia provincia": 0.077416, "Frecuencia región": 0.056049, "cod_comuna": "08307"}, {"comuna": "CONCON", "region": "05. REGION DE VALPARAISO", "provincia": "Valparaíso", "totalapellido": 26, "totalcomuna": 39439, "prct_apellido": 0.0659, "Frecuencia provincia": 0.017698, "Frecuencia región": 0.029341, "cod_comuna": "05103"}, {"comuna": "ÑUÑOA", "region": "13. REGION METROPOLITANA DE SANTIAGO", "provincia": "Santiago", "totalapellido": 146, "totalcomuna": 197198, "prct_apellido": 0.074, "Frecuencia provincia": 0.017023, "Frecuencia región": 0.018986, "cod_comuna": "13120"}, {"comuna": "SANTIAGO", "region": "13. REGION METROPOLITANA DE SANTIAGO", "provincia": "Santiago", "totalapellido": 224, "totalcomuna": 340282, "prct_apellido": 0.0658, "Frecuencia provincia": 0.017023, "Frecuencia región": 0.018986, "cod_comuna": "13101"}, {"comuna": "CATEMU", "region": "05. REGION DE VALPARAISO", "provincia": "San Felipe de Aconcagua", "totalapellido": 12, "totalcomuna": 12182, "prct_apellido": 0.0985, "Frecuencia provincia": 0.102948, "Frecuencia región": 0.029341, "cod_comuna": "05702"}, {"comuna": "VILCUN", "region": "09. REGION DE LA ARAUCANIA", "provincia": "Cautín", "totalapellido": 11, "totalcomuna": 24470, "prct_apellido": 0.045, "Frecuencia provincia": 0.043946, "Frecuencia región": 0.051873, "cod_comuna": "09119"}, {"comuna": "LAS CONDES", "region": "13. REGION METROPOLITANA DE SANTIAGO", "provincia": "Santiago", "totalapellido": 160, "totalcomuna": 269517, "prct_apellido": 0.0594, "Frecuencia provincia": 0.017023, "Frecuencia región": 0.018986, "cod_comuna": "13114"}, {"comuna": "CONCHALI", "region": "13. REGION METROPOLITANA DE SANTIAGO", "provincia": "Santiago", "totalapellido": 83, "totalcomuna": 118624, "prct_apellido": 0.07, "Frecuencia provincia": 0.017023, "Frecuencia región": 0.018986, "cod_comuna": "13104"}, {"comuna": "RECOLETA", "region": "13. REGION METROPOLITANA DE SANTIAGO", "provincia": "Santiago", "totalapellido": 104, "totalcomuna": 142696, "prct_apellido": 0.0729, "Frecuencia provincia": 0.017023, "Frecuencia región": 0.018986, "cod_comuna": "13127"}, {"comuna": "LO BARNECHEA", "region": "13. REGION METROPOLITANA DE SANTIAGO", "provincia": "Santiago", "totalapellido": 51, "totalcomuna": 82669, "prct_apellido": 0.0617, "Frecuencia provincia": 0.017023, "Frecuencia región": 0.018986, "cod_comuna": "13115"}, {"comuna": "RANCAGUA", "region": "06. REGION DEL LIBERTADOR GENERAL BERNARDO O'HIGGINS", "provincia": "Cachapoal", "totalapellido": 121, "totalcomuna": 194487, "prct_apellido": 0.0622, "Frecuencia provincia": 0.061427, "Frecuencia región": 0.074338, "cod_comuna": "06101"}, {"comuna": "LITUECHE", "region": "06. REGION DEL LIBERTADOR GENERAL BERNARDO O'HIGGINS", "provincia": "Cardenal Caro", "totalapellido": 2, "totalcomuna": 6511, "prct_apellido": 0.0307, "Frecuencia provincia": 0.199859, "Frecuencia región": 0.074338, "cod_comuna": "06203"}, {"comuna": "LONGAVI", "region": "07. REGION DEL MAULE", "provincia": "Linares", "totalapellido": 24, "totalcomuna": 26725, "prct_apellido": 0.0898, "Frecuencia provincia": 0.120949, "Frecuencia región": 0.082553, "cod_comuna": "07403"}, {"comuna": "SIERRA GORDA", "region": "02. REGION DE ANTOFAGASTA", "provincia": "Antofagasta", "totalapellido": 1, "totalcomuna": 3364, "prct_apellido": 0.0297, "Frecuencia provincia": 0.020817, "Frecuencia región": 0.025007, "cod_comuna": "02103"}, {"comuna": "CHIMBARONGO", "region": "06. REGION DEL LIBERTADOR GENERAL BERNARDO O'HIGGINS", "provincia": "Colchagua", "totalapellido": 18, "totalcomuna": 30510, "prct_apellido": 0.059, "Frecuencia provincia": 0.12967, "Frecuencia región": 0.074338, "cod_comuna": "06303"}, {"comuna": "LICANTEN", "region": "07. REGION DEL MAULE", "provincia": "Curicó", "totalapellido": 5, "totalcomuna": 6863, "prct_apellido": 0.0729, "Frecuencia provincia": 0.081137, "Frecuencia región": 0.082553, "cod_comuna": "07303"}, {"comuna": "ALGARROBO", "region": "05. REGION DE VALPARAISO", "provincia": "San Antonio", "totalapellido": 16, "totalcomuna": 13779, "prct_apellido": 0.1161, "Frecuencia provincia": 0.076723, "Frecuencia región": 0.029341, "cod_comuna": "05602"}, {"comuna": "ILLAPEL", "region": "04. REGION DE COQUIMBO", "provincia": "Choapa", "totalapellido": 10, "totalcomuna": 27921, "prct_apellido": 0.0358, "Frecuencia provincia": 0.165554, "Frecuencia región": 0.046565, "cod_comuna": "04201"}, {"comuna": "VALLENAR", "region": "03. REGION DE ATACAMA", "provincia": "Huasco", "totalapellido": 31, "totalcomuna": 45529, "prct_apellido": 0.0681, "Frecuencia provincia": 0.121458, "Frecuencia región": 0.058317, "cod_comuna": "03301"}, {"comuna": "LA PINTANA", "region": "13. REGION METROPOLITANA DE SANTIAGO", "provincia": "Santiago", "totalapellido": 98, "totalcomuna": 139100, "prct_apellido": 0.0705, "Frecuencia provincia": 0.017023, "Frecuencia región": 0.018986, "cod_comuna": "13112"}, {"comuna": "COINCO", "region": "06. REGION DEL LIBERTADOR GENERAL BERNARDO O'HIGGINS", "provincia": "Cachapoal", "totalapellido": 2, "totalcomuna": 7240, "prct_apellido": 0.0276, "Frecuencia provincia": 0.061427, "Frecuencia región": 0.074338, "cod_comuna": "06103"}, {"comuna": "TALCAHUANO", "region": "08. REGION DEL BIOBIO", "provincia": "Concepción", "totalapellido": 59, "totalcomuna": 132327, "prct_apellido": 0.0446, "Frecuencia provincia": 0.045559, "Frecuencia región": 0.056049, "cod_comuna": "08110"}, {"comuna": "CHILLAN VIEJO", "region": "16. REGION DE ÑUBLE", "provincia": "Diguillín", "totalapellido": 13, "totalcomuna": 22462, "prct_apellido": 0.0579, "Frecuencia provincia": 0.065041, "Frecuencia región": 0.0859, "cod_comuna": "16103"}, {"comuna": "CALAMA", "region": "02. REGION DE ANTOFAGASTA", "provincia": "El Loa", "totalapellido": 61, "totalcomuna": 132333, "prct_apellido": 0.0461, "Frecuencia provincia": 0.035053, "Frecuencia región": 0.025007, "cod_comuna": "02201"}, {"comuna": "NANCAGUA", "region": "06. REGION DEL LIBERTADOR GENERAL BERNARDO O'HIGGINS", "provincia": "Colchagua", "totalapellido": 5, "totalcomuna": 15241, "prct_apellido": 0.0328, "Frecuencia provincia": 0.12967, "Frecuencia región": 0.074338, "cod_comuna": "06305"}, {"comuna": "SAN RAFAEL", "region": "07. REGION DEL MAULE", "provincia": "Talca", "totalapellido": 4, "totalcomuna": 8500, "prct_apellido": 0.0471, "Frecuencia provincia": 0.062885, "Frecuencia región": 0.082553, "cod_comuna": "07110"}, {"comuna": "TIERRA AMARILLA", "region": "03. REGION DE ATACAMA", "provincia": "Copiapó", "totalapellido": 4, "totalcomuna": 12798, "prct_apellido": 0.0313, "Frecuencia provincia": 0.043922, "Frecuencia región": 0.058317, "cod_comuna": "03103"}, {"comuna": "GRANEROS", "region": "06. REGION DEL LIBERTADOR GENERAL BERNARDO O'HIGGINS", "provincia": "Cachapoal", "totalapellido": 9, "totalcomuna": 26877, "prct_apellido": 0.0335, "Frecuencia provincia": 0.061427, "Frecuencia región": 0.074338, "cod_comuna": "06106"}, {"comuna": "ROMERAL", "region": "07. REGION DEL MAULE", "provincia": "Curicó", "totalapellido": 8, "totalcomuna": 13823, "prct_apellido": 0.0579, "Frecuencia provincia": 0.081137, "Frecuencia región": 0.082553, "cod_comuna": "07306"}, {"comuna": "TEODORO SCHMIDT", "region": "09. REGION DE LA ARAUCANIA", "provincia": "Cautín", "totalapellido": 7, "totalcomuna": 14036, "prct_apellido": 0.0499, "Frecuencia provincia": 0.043946, "Frecuencia región": 0.051873, "cod_comuna": "09117"}, {"comuna": "VIÑA DEL MAR", "region": "05. REGION DE VALPARAISO", "provincia": "Valparaíso", "totalapellido": 156, "totalcomuna": 301370, "prct_apellido": 0.0518, "Frecuencia provincia": 0.017698, "Frecuencia región": 0.029341, "cod_comuna": "05109"}, {"comuna": "ANTUCO", "region": "08. REGION DEL BIOBIO", "provincia": "Biobío", "totalapellido": 2, "totalcomuna": 4718, "prct_apellido": 0.0424, "Frecuencia provincia": 0.077416, "Frecuencia región": 0.056049, "cod_comuna": "08302"}, {"comuna": "ALTO HOSPICIO", "region": "01. REGION DE TARAPACA", "provincia": "Iquique", "totalapellido": 33, "totalcomuna": 58683, "prct_apellido": 0.0562, "Frecuencia provincia": 0.023146, "Frecuencia región": 0.02576, "cod_comuna": "01107"}, {"comuna": "CHILLAN", "region": "16. REGION DE ÑUBLE", "provincia": "Diguillín", "totalapellido": 59, "totalcomuna": 152723, "prct_apellido": 0.0386, "Frecuencia provincia": 0.065041, "Frecuencia región": 0.0859, "cod_comuna": "16101"}, {"comuna": "RAUCO", "region": "07. REGION DEL MAULE", "provincia": "Curicó", "totalapellido": 3, "totalcomuna": 9956, "prct_apellido": 0.0301, "Frecuencia provincia": 0.081137, "Frecuencia región": 0.082553, "cod_comuna": "07305"}, {"comuna": "MEJILLONES", "region": "02. REGION DE ANTOFAGASTA", "provincia": "Antofagasta", "totalapellido": 5, "totalcomuna": 10035, "prct_apellido": 0.0498, "Frecuencia provincia": 0.020817, "Frecuencia región": 0.025007, "cod_comuna": "02102"}, {"comuna": "SANTA CRUZ", "region": "06. REGION DEL LIBERTADOR GENERAL BERNARDO O'HIGGINS", "provincia": "Colchagua", "totalapellido": 13, "totalcomuna": 31217, "prct_apellido": 0.0416, "Frecuencia provincia": 0.12967, "Frecuencia región": 0.074338, "cod_comuna": "06310"}, {"comuna": "PUCHUNCAVI", "region": "05. REGION DE VALPARAISO", "provincia": "Valparaíso", "totalapellido": 10, "totalcomuna": 16007, "prct_apellido": 0.0625, "Frecuencia provincia": 0.017698, "Frecuencia región": 0.029341, "cod_comuna": "05105"}, {"comuna": "PAIGUANO", "region": "04. REGION DE COQUIMBO", "provincia": "Elqui", "totalapellido": 1, "totalcomuna": 5389, "prct_apellido": 0.0186, "Frecuencia provincia": 0.034381, "Frecuencia región": 0.046565, "cod_comuna": "04105"}, {"comuna": "OVALLE", "region": "04. REGION DE COQUIMBO", "provincia": "Limarí", "totalapellido": 33, "totalcomuna": 91832, "prct_apellido": 0.0359, "Frecuencia provincia": 0.102708, "Frecuencia región": 0.046565, "cod_comuna": "04301"}, {"comuna": "OLMUE", "region": "05. REGION DE VALPARAISO", "provincia": "Marga Marga", "totalapellido": 4, "totalcomuna": 16406, "prct_apellido": 0.0244, "Frecuencia provincia": 0.034753, "Frecuencia región": 0.029341, "cod_comuna": "05803"}, {"comuna": "VICHUQUEN", "region": "07. REGION DEL MAULE", "provincia": "Curicó", "totalapellido": 1, "totalcomuna": 5474, "prct_apellido": 0.0183, "Frecuencia provincia": 0.081137, "Frecuencia región": 0.082553, "cod_comuna": "07309"}, {"comuna": "EL MONTE", "region": "13. REGION METROPOLITANA DE SANTIAGO", "provincia": "Talagante", "totalapellido": 11, "totalcomuna": 27822, "prct_apellido": 0.0395, "Frecuencia provincia": 0.065142, "Frecuencia región": 0.018986, "cod_comuna": "13602"}, {"comuna": "CHIGUAYANTE", "region": "08. REGION DEL BIOBIO", "provincia": "Concepción", "totalapellido": 24, "totalcomuna": 67398, "prct_apellido": 0.0356, "Frecuencia provincia": 0.045559, "Frecuencia región": 0.056049, "cod_comuna": "08103"}, {"comuna": "RETIRO", "region": "07. REGION DEL MAULE", "provincia": "Linares", "totalapellido": 10, "totalcomuna": 17602, "prct_apellido": 0.0568, "Frecuencia provincia": 0.120949, "Frecuencia región": 0.082553, "cod_comuna": "07405"}, {"comuna": "ARICA", "region": "15. REGION DE ARICA Y PARINACOTA", "provincia": "Arica", "totalapellido": 66, "totalcomuna": 180060, "prct_apellido": 0.0367, "Frecuencia provincia": 0.025797, "Frecuencia región": 0.026725, "cod_comuna": "15101"}, {"comuna": "PUREN", "region": "09. REGION DE LA ARAUCANIA", "provincia": "Malleco", "totalapellido": 2, "totalcomuna": 12233, "prct_apellido": 0.0163, "Frecuencia provincia": 0.133465, "Frecuencia región": 0.051873, "cod_comuna": "09208"}, {"comuna": "NACIMIENTO", "region": "08. REGION DEL BIOBIO", "provincia": "Biobío", "totalapellido": 5, "totalcomuna": 24671, "prct_apellido": 0.0203, "Frecuencia provincia": 0.077416, "Frecuencia región": 0.056049, "cod_comuna": "08306"}, {"comuna": "CARAHUE", "region": "09. REGION DE LA ARAUCANIA", "provincia": "Cautín", "totalapellido": 7, "totalcomuna": 24697, "prct_apellido": 0.0283, "Frecuencia provincia": 0.043946, "Frecuencia región": 0.051873, "cod_comuna": "09102"}, {"comuna": "VITACURA", "region": "13. REGION METROPOLITANA DE SANTIAGO", "provincia": "Santiago", "totalapellido": 32, "totalcomuna": 89311, "prct_apellido": 0.0358, "Frecuencia provincia": 0.017023, "Frecuencia región": 0.018986, "cod_comuna": "13132"}, {"comuna": "SANTA JUANA", "region": "08. REGION DEL BIOBIO", "provincia": "Concepción", "totalapellido": 4, "totalcomuna": 13026, "prct_apellido": 0.0307, "Frecuencia provincia": 0.045559, "Frecuencia región": 0.056049, "cod_comuna": "08109"}, {"comuna": "COIHAIQUE", "region": "11. REGION DE AYSEN DEL GENERAL CARLOS IBAÑEZ DEL CAMPO", "provincia": NaN, "totalapellido": 11, "totalcomuna": 54229, "prct_apellido": 0.0203, "Frecuencia provincia": NaN, "Frecuencia región": 0.077233, "cod_comuna": null}, {"comuna": "BUIN", "region": "13. REGION METROPOLITANA DE SANTIAGO", "provincia": "Maipo", "totalapellido": 31, "totalcomuna": 75333, "prct_apellido": 0.0412, "Frecuencia provincia": 0.033289, "Frecuencia región": 0.018986, "cod_comuna": "13402"}, {"comuna": "MOSTAZAL", "region": "06. REGION DEL LIBERTADOR GENERAL BERNARDO O'HIGGINS", "provincia": "Cachapoal", "totalapellido": 5, "totalcomuna": 20983, "prct_apellido": 0.0238, "Frecuencia provincia": 0.061427, "Frecuencia región": 0.074338, "cod_comuna": "06110"}, {"comuna": "NAVIDAD", "region": "06. REGION DEL LIBERTADOR GENERAL BERNARDO O'HIGGINS", "provincia": "Cardenal Caro", "totalapellido": 1, "totalcomuna": 7008, "prct_apellido": 0.0143, "Frecuencia provincia": 0.199859, "Frecuencia región": 0.074338, "cod_comuna": "06205"}, {"comuna": "SAN PEDRO DE ATACAMA", "region": "02. REGION DE ANTOFAGASTA", "provincia": "El Loa", "totalapellido": 3, "totalcomuna": 7194, "prct_apellido": 0.0417, "Frecuencia provincia": 0.035053, "Frecuencia región": 0.025007, "cod_comuna": "02203"}, {"comuna": "VALDIVIA", "region": "14. REGION DE LOS RIOS", "provincia": "Valdivia", "totalapellido": 49, "totalcomuna": 138619, "prct_apellido": 0.0353, "Frecuencia provincia": 0.046113, "Frecuencia región": 0.0544, "cod_comuna": "14101"}, {"comuna": "CALERA DE TANGO", "region": "13. REGION METROPOLITANA DE SANTIAGO", "provincia": "Maipo", "totalapellido": 7, "totalcomuna": 22305, "prct_apellido": 0.0314, "Frecuencia provincia": 0.033289, "Frecuencia región": 0.018986, "cod_comuna": "13403"}, {"comuna": "SAN PEDRO DE LA PAZ", "region": "08. REGION DEL BIOBIO", "provincia": "Concepción", "totalapellido": 19, "totalcomuna": 89479, "prct_apellido": 0.0212, "Frecuencia provincia": 0.045559, "Frecuencia región": 0.056049, "cod_comuna": "08108"}, {"comuna": "TEMUCO", "region": "09. REGION DE LA ARAUCANIA", "provincia": "Cautín", "totalapellido": 68, "totalcomuna": 236909, "prct_apellido": 0.0287, "Frecuencia provincia": 0.043946, "Frecuencia región": 0.051873, "cod_comuna": "09101"}, {"comuna": "PELLUHUE", "region": "07. REGION DEL MAULE", "provincia": "Cauquenes", "totalapellido": 2, "totalcomuna": 7848, "prct_apellido": 0.0255, "Frecuencia provincia": 0.18103, "Frecuencia región": 0.082553, "cod_comuna": "07203"}, {"comuna": "PLACILLA", "region": "06. REGION DEL LIBERTADOR GENERAL BERNARDO O'HIGGINS", "provincia": "Colchagua", "totalapellido": 1, "totalcomuna": 8240, "prct_apellido": 0.0121, "Frecuencia provincia": 0.12967, "Frecuencia región": 0.074338, "cod_comuna": "06308"}, {"comuna": "CASTRO", "region": "10. REGION DE LOS LAGOS", "provincia": "Chiloé", "totalapellido": 6, "totalcomuna": 41394, "prct_apellido": 0.0145, "Frecuencia provincia": 0.112043, "Frecuencia región": 0.052521, "cod_comuna": "10201"}, {"comuna": "FRUTILLAR", "region": "10. REGION DE LOS LAGOS", "provincia": "Llanquihue", "totalapellido": 2, "totalcomuna": 16778, "prct_apellido": 0.0119, "Frecuencia provincia": 0.042563, "Frecuencia región": 0.052521, "cod_comuna": "10105"}, {"comuna": "HUASCO", "region": "03. REGION DE ATACAMA", "provincia": "Huasco", "totalapellido": 3, "totalcomuna": 8409, "prct_apellido": 0.0357, "Frecuencia provincia": 0.121458, "Frecuencia región": 0.058317, "cod_comuna": "03304"}, {"comuna": "OSORNO", "region": "10. REGION DE LOS LAGOS", "provincia": "Osorno", "totalapellido": 33, "totalcomuna": 143162, "prct_apellido": 0.0231, "Frecuencia provincia": 0.047856, "Frecuencia región": 0.052521, "cod_comuna": "10301"}, {"comuna": "PENCO", "region": "08. REGION DEL BIOBIO", "provincia": "Concepción", "totalapellido": 7, "totalcomuna": 42200, "prct_apellido": 0.0166, "Frecuencia provincia": 0.045559, "Frecuencia región": 0.056049, "cod_comuna": "08107"}, {"comuna": "PUERTO VARAS", "region": "10. REGION DE LOS LAGOS", "provincia": "Llanquihue", "totalapellido": 10, "totalcomuna": 42326, "prct_apellido": 0.0236, "Frecuencia provincia": 0.042563, "Frecuencia región": 0.052521, "cod_comuna": "10109"}, {"comuna": "SAN PEDRO", "region": "13. REGION METROPOLITANA DE SANTIAGO", "provincia": "Melipilla", "totalapellido": 1, "totalcomuna": 8486, "prct_apellido": 0.0118, "Frecuencia provincia": 0.072308, "Frecuencia región": 0.018986, "cod_comuna": "13505"}, {"comuna": "PELARCO", "region": "07. REGION DEL MAULE", "provincia": "Talca", "totalapellido": 1, "totalcomuna": 8540, "prct_apellido": 0.0117, "Frecuencia provincia": 0.062885, "Frecuencia región": 0.082553, "cod_comuna": "07106"}, {"comuna": "LAUTARO", "region": "09. REGION DE LA ARAUCANIA", "provincia": "Cautín", "totalapellido": 5, "totalcomuna": 34252, "prct_apellido": 0.0146, "Frecuencia provincia": 0.043946, "Frecuencia región": 0.051873, "cod_comuna": "09108"}, {"comuna": "VILLARRICA", "region": "09. REGION DE LA ARAUCANIA", "provincia": "Cautín", "totalapellido": 9, "totalcomuna": 54948, "prct_apellido": 0.0164, "Frecuencia provincia": 0.043946, "Frecuencia región": 0.051873, "cod_comuna": "09120"}, {"comuna": "PUCON", "region": "09. REGION DE LA ARAUCANIA", "provincia": "Cautín", "totalapellido": 10, "totalcomuna": 28338, "prct_apellido": 0.0353, "Frecuencia provincia": 0.043946, "Frecuencia región": 0.051873, "cod_comuna": "09115"}, {"comuna": "PAILLACO", "region": "14. REGION DE LOS RIOS", "provincia": "Valdivia", "totalapellido": 4, "totalcomuna": 19259, "prct_apellido": 0.0208, "Frecuencia provincia": 0.046113, "Frecuencia región": 0.0544, "cod_comuna": "14107"}, {"comuna": "HUALAÑE", "region": "07. REGION DEL MAULE", "provincia": "Curicó", "totalapellido": 1, "totalcomuna": 9784, "prct_apellido": 0.0102, "Frecuencia provincia": 0.081137, "Frecuencia región": 0.082553, "cod_comuna": "07302"}, {"comuna": "SAN ANTONIO", "region": "05. REGION DE VALPARAISO", "provincia": "San Antonio", "totalapellido": 17, "totalcomuna": 78443, "prct_apellido": 0.0217, "Frecuencia provincia": 0.076723, "Frecuencia región": 0.029341, "cod_comuna": "05601"}, {"comuna": "RENAICO", "region": "09. REGION DE LA ARAUCANIA", "provincia": "Malleco", "totalapellido": 6, "totalcomuna": 9886, "prct_apellido": 0.0607, "Frecuencia provincia": 0.133465, "Frecuencia región": 0.051873, "cod_comuna": "09209"}, {"comuna": "PERALILLO", "region": "06. REGION DEL LIBERTADOR GENERAL BERNARDO O'HIGGINS", "provincia": "Colchagua", "totalapellido": 1, "totalcomuna": 10082, "prct_apellido": 0.0099, "Frecuencia provincia": 0.12967, "Frecuencia región": 0.074338, "cod_comuna": "06307"}, {"comuna": "LOS ANGELES", "region": "08. REGION DEL BIOBIO", "provincia": "Biobío", "totalapellido": 28, "totalcomuna": 162845, "prct_apellido": 0.0172, "Frecuencia provincia": 0.077416, "Frecuencia región": 0.056049, "cod_comuna": "08301"}, {"comuna": "PUNTA ARENAS", "region": "12. REGION DE MAGALLANES Y DE LA ANTARTICA CHILENA", "provincia": "Magallanes", "totalapellido": 18, "totalcomuna": 122525, "prct_apellido": 0.0147, "Frecuencia provincia": 0.031287, "Frecuencia región": 0.037004, "cod_comuna": "12101"}, {"comuna": "TOLTEN", "region": "09. REGION DE LA ARAUCANIA", "provincia": "Cautín", "totalapellido": 1, "totalcomuna": 10591, "prct_apellido": 0.0094, "Frecuencia provincia": 0.043946, "Frecuencia región": 0.051873, "cod_comuna": "09118"}, {"comuna": "CURICO", "region": "07. REGION DEL MAULE", "provincia": "Curicó", "totalapellido": 28, "totalcomuna": 117810, "prct_apellido": 0.0238, "Frecuencia provincia": 0.081137, "Frecuencia región": 0.082553, "cod_comuna": "07301"}, {"comuna": "QUIRIHUE", "region": "16. REGION DE ÑUBLE", "provincia": "Itata", "totalapellido": 3, "totalcomuna": 11005, "prct_apellido": 0.0273, "Frecuencia provincia": 0.295621, "Frecuencia región": 0.0859, "cod_comuna": "16201"}, {"comuna": "CONCEPCION", "region": "08. REGION DEL BIOBIO", "provincia": "Concepción", "totalapellido": 42, "totalcomuna": 201066, "prct_apellido": 0.0209, "Frecuencia provincia": 0.045559, "Frecuencia región": 0.056049, "cod_comuna": "08101"}, {"comuna": "CALERA", "region": "05. REGION DE VALPARAISO", "provincia": "Quillota", "totalapellido": 18, "totalcomuna": 44980, "prct_apellido": 0.04, "Frecuencia provincia": 0.079787, "Frecuencia región": 0.029341, "cod_comuna": "05502"}, {"comuna": "PIRQUE", "region": "13. REGION METROPOLITANA DE SANTIAGO", "provincia": "Cordillera", "totalapellido": 5, "totalcomuna": 22646, "prct_apellido": 0.0221, "Frecuencia provincia": 0.019022, "Frecuencia región": 0.018986, "cod_comuna": "13202"}, {"comuna": "FREIRE", "region": "09. REGION DE LA ARAUCANIA", "provincia": "Cautín", "totalapellido": 2, "totalcomuna": 22845, "prct_apellido": 0.0088, "Frecuencia provincia": 0.043946, "Frecuencia región": 0.051873, "cod_comuna": "09105"}, {"comuna": "REQUINOA", "region": "06. REGION DEL LIBERTADOR GENERAL BERNARDO O'HIGGINS", "provincia": "Cachapoal", "totalapellido": 4, "totalcomuna": 23028, "prct_apellido": 0.0174, "Frecuencia provincia": 0.061427, "Frecuencia región": 0.074338, "cod_comuna": "06116"}, {"comuna": "CHAÑARAL", "region": "03. REGION DE ATACAMA", "provincia": "Chañaral", "totalapellido": 3, "totalcomuna": 12045, "prct_apellido": 0.0249, "Frecuencia provincia": 0.158476, "Frecuencia región": 0.058317, "cod_comuna": "03201"}, {"comuna": "MALLOA", "region": "06. REGION DEL LIBERTADOR GENERAL BERNARDO O'HIGGINS", "provincia": "Cachapoal", "totalapellido": 4, "totalcomuna": 12310, "prct_apellido": 0.0325, "Frecuencia provincia": 0.061427, "Frecuencia región": 0.074338, "cod_comuna": "06109"}, {"comuna": "SAAVEDRA", "region": "09. REGION DE LA ARAUCANIA", "provincia": "Cautín", "totalapellido": 4, "totalcomuna": 13270, "prct_apellido": 0.0301, "Frecuencia provincia": 0.043946, "Frecuencia región": 0.051873, "cod_comuna": "09116"}, {"comuna": "SAN VICENTE", "region": "06. REGION DEL LIBERTADOR GENERAL BERNARDO O'HIGGINS", "provincia": "Cachapoal", "totalapellido": 6, "totalcomuna": 40523, "prct_apellido": 0.0148, "Frecuencia provincia": 0.061427, "Frecuencia región": 0.074338, "cod_comuna": "06117"}, {"comuna": "MONTE PATRIA", "region": "04. REGION DE COQUIMBO", "provincia": "Limarí", "totalapellido": 2, "totalcomuna": 28025, "prct_apellido": 0.0071, "Frecuencia provincia": 0.102708, "Frecuencia región": 0.046565, "cod_comuna": "04303"}, {"comuna": "CORONEL", "region": "08. REGION DEL BIOBIO", "provincia": "Concepción", "totalapellido": 7, "totalcomuna": 89810, "prct_apellido": 0.0078, "Frecuencia provincia": 0.045559, "Frecuencia región": 0.056049, "cod_comuna": "08102"}, {"comuna": "CURANILAHUE", "region": "08. REGION DEL BIOBIO", "provincia": "Arauco", "totalapellido": 2, "totalcomuna": 30624, "prct_apellido": 0.0065, "Frecuencia provincia": 0.169853, "Frecuencia región": 0.056049, "cod_comuna": "08205"}, {"comuna": "COELEMU", "region": "16. REGION DE ÑUBLE", "provincia": "Itata", "totalapellido": 3, "totalcomuna": 15414, "prct_apellido": 0.0195, "Frecuencia provincia": 0.295621, "Frecuencia región": 0.0859, "cod_comuna": "16203"}, {"comuna": "SAN JOSE DE MAIPO", "region": "13. REGION METROPOLITANA DE SANTIAGO", "provincia": "Cordillera", "totalapellido": 4, "totalcomuna": 15853, "prct_apellido": 0.0252, "Frecuencia provincia": 0.019022, "Frecuencia región": 0.018986, "cod_comuna": "13203"}, {"comuna": "SAN CARLOS", "region": "16. REGION DE ÑUBLE", "provincia": "Punilla", "totalapellido": 6, "totalcomuna": 47717, "prct_apellido": 0.0126, "Frecuencia provincia": 0.169589, "Frecuencia región": 0.0859, "cod_comuna": "16301"}, {"comuna": "LOS MUERMOS", "region": "10. REGION DE LOS LAGOS", "provincia": "Llanquihue", "totalapellido": 1, "totalcomuna": 16339, "prct_apellido": 0.0061, "Frecuencia provincia": 0.042563, "Frecuencia región": 0.052521, "cod_comuna": "10106"}, {"comuna": "PANGUIPULLI", "region": "14. REGION DE LOS RIOS", "provincia": "Valdivia", "totalapellido": 3, "totalcomuna": 35236, "prct_apellido": 0.0085, "Frecuencia provincia": 0.046113, "Frecuencia región": 0.0544, "cod_comuna": "14108"}, {"comuna": "LOS VILOS", "region": "04. REGION DE COQUIMBO", "provincia": "Choapa", "totalapellido": 6, "totalcomuna": 18266, "prct_apellido": 0.0328, "Frecuencia provincia": 0.165554, "Frecuencia región": 0.046565, "cod_comuna": "04203"}, {"comuna": "LOS ANDES", "region": "05. REGION DE VALPARAISO", "provincia": "Los Andes", "totalapellido": 16, "totalcomuna": 55969, "prct_apellido": 0.0286, "Frecuencia provincia": 0.083664, "Frecuencia región": 0.029341, "cod_comuna": "05301"}, {"comuna": "CAUQUENES", "region": "07. REGION DEL MAULE", "provincia": "Cauquenes", "totalapellido": 9, "totalcomuna": 37610, "prct_apellido": 0.0239, "Frecuencia provincia": 0.18103, "Frecuencia región": 0.082553, "cod_comuna": "07201"}, {"comuna": "CUNCO", "region": "09. REGION DE LA ARAUCANIA", "provincia": "Cautín", "totalapellido": 2, "totalcomuna": 20001, "prct_apellido": 0.01, "Frecuencia provincia": 0.043946, "Frecuencia región": 0.051873, "cod_comuna": "09103"}, {"comuna": "LAS CABRAS", "region": "06. REGION DEL LIBERTADOR GENERAL BERNARDO O'HIGGINS", "provincia": "Cachapoal", "totalapellido": 6, "totalcomuna": 20393, "prct_apellido": 0.0294, "Frecuencia provincia": 0.061427, "Frecuencia región": 0.074338, "cod_comuna": "06107"}, {"comuna": "HUALQUI", "region": "08. REGION DEL BIOBIO", "provincia": "Concepción", "totalapellido": 1, "totalcomuna": 20524, "prct_apellido": 0.0049, "Frecuencia provincia": 0.045559, "Frecuencia región": 0.056049, "cod_comuna": "08105"}, {"comuna": "CURACAUTIN", "region": "09. REGION DE LA ARAUCANIA", "provincia": "Malleco", "totalapellido": 1, "totalcomuna": 21202, "prct_apellido": 0.0047, "Frecuencia provincia": 0.133465, "Frecuencia región": 0.051873, "cod_comuna": "09203"}, {"comuna": "COIHUECO", "region": "16. REGION DE ÑUBLE", "provincia": "Punilla", "totalapellido": 2, "totalcomuna": 22169, "prct_apellido": 0.009, "Frecuencia provincia": 0.169589, "Frecuencia región": 0.0859, "cod_comuna": "16302"}, {"comuna": "TOCOPILLA", "region": "02. REGION DE ANTOFAGASTA", "provincia": "Tocopilla", "totalapellido": 1, "totalcomuna": 22335, "prct_apellido": 0.0045, "Frecuencia provincia": 0.11764, "Frecuencia región": 0.025007, "cod_comuna": "02301"}, {"comuna": "NATALES", "region": "12. REGION DE MAGALLANES Y DE LA ANTARTICA CHILENA", "provincia": "Última Esperanza", "totalapellido": 3, "totalcomuna": 22709, "prct_apellido": 0.0132, "Frecuencia provincia": 0.096903, "Frecuencia región": 0.037004, "cod_comuna": "12401"}, {"comuna": "PUERTO MONTT", "region": "10. REGION DE LOS LAGOS", "provincia": "Llanquihue", "totalapellido": 19, "totalcomuna": 186565, "prct_apellido": 0.0102, "Frecuencia provincia": 0.042563, "Frecuencia región": 0.052521, "cod_comuna": "10101"}, {"comuna": "VICUÑA", "region": "04. REGION DE COQUIMBO", "provincia": "Elqui", "totalapellido": 5, "totalcomuna": 23678, "prct_apellido": 0.0211, "Frecuencia provincia": 0.034381, "Frecuencia región": 0.046565, "cod_comuna": "04106"}, {"comuna": "CABRERO", "region": "08. REGION DEL BIOBIO", "provincia": "Biobío", "totalapellido": 1, "totalcomuna": 25103, "prct_apellido": 0.004, "Frecuencia provincia": 0.077416, "Frecuencia región": 0.056049, "cod_comuna": "08303"}, {"comuna": "MULCHEN", "region": "08. REGION DEL BIOBIO", "provincia": "Biobío", "totalapellido": 8, "totalcomuna": 26828, "prct_apellido": 0.0298, "Frecuencia provincia": 0.077416, "Frecuencia región": 0.056049, "cod_comuna": "08305"}, {"comuna": "PADRE LAS CASAS", "region": "09. REGION DE LA ARAUCANIA", "provincia": "Cautín", "totalapellido": 14, "totalcomuna": 58858, "prct_apellido": 0.0238, "Frecuencia provincia": 0.043946, "Frecuencia región": 0.051873, "cod_comuna": "09112"}, {"comuna": "CALBUCO", "region": "10. REGION DE LOS LAGOS", "provincia": "Llanquihue", "totalapellido": 1, "totalcomuna": 32409, "prct_apellido": 0.0031, "Frecuencia provincia": 0.042563, "Frecuencia región": 0.052521, "cod_comuna": "10102"}, {"comuna": "VICTORIA", "region": "09. REGION DE LA ARAUCANIA", "provincia": "Malleco", "totalapellido": 1, "totalcomuna": 32716, "prct_apellido": 0.0031, "Frecuencia provincia": 0.133465, "Frecuencia región": 0.051873, "cod_comuna": "09211"}, {"comuna": "ANCUD", "region": "10. REGION DE LOS LAGOS", "provincia": "Chiloé", "totalapellido": 3, "totalcomuna": 38845, "prct_apellido": 0.0077, "Frecuencia provincia": 0.112043, "Frecuencia región": 0.052521, "cod_comuna": "10202"}], "provincias": [], "regiones": []}