{"apellido": "MEDRANO", "slug": "medrano", "comunas": [{"comuna": "PINTO", "region": "16. REGION DE ÑUBLE", "provincia": "Diguillín", "totalapellido": 30, "totalcomuna": 11329, "prct_apellido": 0.2648, "Frecuencia provincia": 0.065041, "Frecuencia región": 0.0859, "cod_comuna": "16106"}, {"comuna": "CHAITEN", "region": "10. REGION DE LOS LAGOS", "provincia": "Palena", "totalapellido": 9, "totalcomuna": 5169, "prct_apellido": 0.1741, "Frecuencia provincia": 0.256614, "Frecuencia región": 0.052521, "cod_comuna": "10401"}, {"comuna": "COCHAMO", "region": "10. REGION DE LOS LAGOS", "provincia": "Llanquihue", "totalapellido": 7, "totalcomuna": 4642, "prct_apellido": 0.1508, "Frecuencia provincia": 0.042563, "Frecuencia región": 0.052521, "cod_comuna": "10103"}, {"comuna": "OLLAGUE", "region": "02. REGION DE ANTOFAGASTA", "provincia": "El Loa", "totalapellido": 2, "totalcomuna": 1694, "prct_apellido": 0.1181, "Frecuencia provincia": 0.035053, "Frecuencia región": 0.025007, "cod_comuna": "02202"}, {"comuna": "VICTORIA", "region": "09. REGION DE LA ARAUCANIA", "provincia": "Malleco", "totalapellido": 59, "totalcomuna": 32716, "prct_apellido": 0.1803, "Frecuencia provincia": 0.133465, "Frecuencia región": 0.051873, "cod_comuna": "09211"}, {"comuna": "SAN IGNACIO", "region": "16. REGION DE ÑUBLE", "provincia": "Diguillín", "totalapellido": 24, "totalcomuna": 14632, "prct_apellido": 0.164, "Frecuencia provincia": 0.065041, "Frecuencia región": 0.0859, "cod_comuna": "16108"}, {"comuna": "CALAMA", "region": "02. REGION DE ANTOFAGASTA", "provincia": "El Loa", "totalapellido": 181, "totalcomuna": 132333, "prct_apellido": 0.1368, "Frecuencia provincia": 0.035053, "Frecuencia región": 0.025007, "cod_comuna": "02201"}, {"comuna": "BULNES", "region": "16. REGION DE ÑUBLE", "provincia": "Diguillín", "totalapellido": 51, "totalcomuna": 20535, "prct_apellido": 0.2484, "Frecuencia provincia": 0.065041, "Frecuencia región": 0.0859, "cod_comuna": "16102"}, {"comuna": "MELIPEUCO", "region": "09. REGION DE LA ARAUCANIA", "provincia": "Cautín", "totalapellido": 16, "totalcomuna": 7836, "prct_apellido": 0.2042, "Frecuencia provincia": 0.043946, "Frecuencia región": 0.051873, "cod_comuna": "09110"}, {"comuna": "CAÑETE", "region": "08. REGION DEL BIOBIO", "provincia": "Arauco", "totalapellido": 29, "totalcomuna": 29478, "prct_apellido": 0.0984, "Frecuencia provincia": 0.169853, "Frecuencia región": 0.056049, "cod_comuna": "08203"}, {"comuna": "PALENA", "region": "10. REGION DE LOS LAGOS", "provincia": "Palena", "totalapellido": 1, "totalcomuna": 2362, "prct_apellido": 0.0423, "Frecuencia provincia": 0.256614, "Frecuencia región": 0.052521, "cod_comuna": "10404"}, {"comuna": "HUALQUI", "region": "08. REGION DEL BIOBIO", "provincia": "Concepción", "totalapellido": 13, "totalcomuna": 20524, "prct_apellido": 0.0633, "Frecuencia provincia": 0.045559, "Frecuencia región": 0.056049, "cod_comuna": "08105"}, {"comuna": "LOS LAGOS", "region": "14. REGION DE LOS RIOS", "provincia": "Valdivia", "totalapellido": 8, "totalcomuna": 19069, "prct_apellido": 0.042, "Frecuencia provincia": 0.046113, "Frecuencia región": 0.0544, "cod_comuna": "14104"}, {"comuna": "POZO ALMONTE", "region": "01. REGION DE TARAPACA", "provincia": "Tamarugal", "totalapellido": 6, "totalcomuna": 11898, "prct_apellido": 0.0504, "Frecuencia provincia": 0.130887, "Frecuencia región": 0.02576, "cod_comuna": "01401"}, {"comuna": "RENAICO", "region": "09. REGION DE LA ARAUCANIA", "provincia": "Malleco", "totalapellido": 3, "totalcomuna": 9886, "prct_apellido": 0.0303, "Frecuencia provincia": 0.133465, "Frecuencia región": 0.051873, "cod_comuna": "09209"}, {"comuna": "CABRERO", "region": "08. REGION DEL BIOBIO", "provincia": "Biobío", "totalapellido": 10, "totalcomuna": 25103, "prct_apellido": 0.0398, "Frecuencia provincia": 0.077416, "Frecuencia región": 0.056049, "cod_comuna": "08303"}, {"comuna": "NATALES", "region": "12. REGION DE MAGALLANES Y DE LA ANTARTICA CHILENA", "provincia": "Última Esperanza", "totalapellido": 6, "totalcomuna": 22709, "prct_apellido": 0.0264, "Frecuencia provincia": 0.096903, "Frecuencia región": 0.037004, "cod_comuna": "12401"}, {"comuna": "FUTALEUFU", "region": "10. REGION DE LOS LAGOS", "provincia": "Palena", "totalapellido": 2, "totalcomuna": 3856, "prct_apellido": 0.0519, "Frecuencia provincia": 0.256614, "Frecuencia región": 0.052521, "cod_comuna": "10402"}, {"comuna": "CHILLAN VIEJO", "region": "16. REGION DE ÑUBLE", "provincia": "Diguillín", "totalapellido": 9, "totalcomuna": 22462, "prct_apellido": 0.0401, "Frecuencia provincia": 0.065041, "Frecuencia región": 0.0859, "cod_comuna": "16103"}, {"comuna": "INDEPENDENCIA", "region": "13. REGION METROPOLITANA DE SANTIAGO", "provincia": "Santiago", "totalapellido": 28, "totalcomuna": 82629, "prct_apellido": 0.0339, "Frecuencia provincia": 0.017023, "Frecuencia región": 0.018986, "cod_comuna": "13108"}, {"comuna": "HUARA", "region": "01. REGION DE TARAPACA", "provincia": "Tamarugal", "totalapellido": 13, "totalcomuna": 9373, "prct_apellido": 0.1387, "Frecuencia provincia": 0.130887, "Frecuencia región": 0.02576, "cod_comuna": "01404"}, {"comuna": "TALCAHUANO", "region": "08. REGION DEL BIOBIO", "provincia": "Concepción", "totalapellido": 60, "totalcomuna": 132327, "prct_apellido": 0.0453, "Frecuencia provincia": 0.045559, "Frecuencia región": 0.056049, "cod_comuna": "08110"}, {"comuna": "FLORIDA", "region": "08. REGION DEL BIOBIO", "provincia": "Concepción", "totalapellido": 2, "totalcomuna": 10451, "prct_apellido": 0.0191, "Frecuencia provincia": 0.045559, "Frecuencia región": 0.056049, "cod_comuna": "08104"}, {"comuna": "IQUIQUE", "region": "01. REGION DE TARAPACA", "provincia": "Iquique", "totalapellido": 81, "totalcomuna": 167553, "prct_apellido": 0.0483, "Frecuencia provincia": 0.023146, "Frecuencia región": 0.02576, "cod_comuna": "01101"}, {"comuna": "YUNGAY", "region": "16. REGION DE ÑUBLE", "provincia": "Diguillín", "totalapellido": 5, "totalcomuna": 16320, "prct_apellido": 0.0306, "Frecuencia provincia": 0.065041, "Frecuencia región": 0.0859, "cod_comuna": "16109"}, {"comuna": "COLLIPULLI", "region": "09. REGION DE LA ARAUCANIA", "provincia": "Malleco", "totalapellido": 7, "totalcomuna": 22160, "prct_apellido": 0.0316, "Frecuencia provincia": 0.133465, "Frecuencia región": 0.051873, "cod_comuna": "09202"}, {"comuna": "CHILLAN", "region": "16. REGION DE ÑUBLE", "provincia": "Diguillín", "totalapellido": 46, "totalcomuna": 152723, "prct_apellido": 0.0301, "Frecuencia provincia": 0.065041, "Frecuencia región": 0.0859, "cod_comuna": "16101"}, {"comuna": "PICA", "region": "01. REGION DE TARAPACA", "provincia": "Tamarugal", "totalapellido": 1, "totalcomuna": 5779, "prct_apellido": 0.0173, "Frecuencia provincia": 0.130887, "Frecuencia región": 0.02576, "cod_comuna": "01405"}, {"comuna": "CONTULMO", "region": "08. REGION DEL BIOBIO", "provincia": "Arauco", "totalapellido": 1, "totalcomuna": 6052, "prct_apellido": 0.0165, "Frecuencia provincia": 0.169853, "Frecuencia región": 0.056049, "cod_comuna": "08204"}, {"comuna": "RENCA", "region": "13. REGION METROPOLITANA DE SANTIAGO", "provincia": "Santiago", "totalapellido": 26, "totalcomuna": 116730, "prct_apellido": 0.0223, "Frecuencia provincia": 0.017023, "Frecuencia región": 0.018986, "cod_comuna": "13128"}, {"comuna": "ÑUÑOA", "region": "13. REGION METROPOLITANA DE SANTIAGO", "provincia": "Santiago", "totalapellido": 49, "totalcomuna": 197198, "prct_apellido": 0.0248, "Frecuencia provincia": 0.017023, "Frecuencia región": 0.018986, "cod_comuna": "13120"}, {"comuna": "LITUECHE", "region": "06. REGION DEL LIBERTADOR GENERAL BERNARDO O'HIGGINS", "provincia": "Cardenal Caro", "totalapellido": 1, "totalcomuna": 6511, "prct_apellido": 0.0154, "Frecuencia provincia": 0.199859, "Frecuencia región": 0.074338, "cod_comuna": "06203"}, {"comuna": "LA REINA", "region": "13. REGION METROPOLITANA DE SANTIAGO", "provincia": "Santiago", "totalapellido": 22, "totalcomuna": 91556, "prct_apellido": 0.024, "Frecuencia provincia": 0.017023, "Frecuencia región": 0.018986, "cod_comuna": "13113"}, {"comuna": "ANTOFAGASTA", "region": "02. REGION DE ANTOFAGASTA", "provincia": "Antofagasta", "totalapellido": 75, "totalcomuna": 286950, "prct_apellido": 0.0261, "Frecuencia provincia": 0.020817, "Frecuencia región": 0.025007, "cod_comuna": "02101"}, {"comuna": "PUERTO VARAS", "region": "10. REGION DE LOS LAGOS", "provincia": "Llanquihue", "totalapellido": 8, "totalcomuna": 42326, "prct_apellido": 0.0189, "Frecuencia provincia": 0.042563, "Frecuencia región": 0.052521, "cod_comuna": "10109"}, {"comuna": "SANTIAGO", "region": "13. REGION METROPOLITANA DE SANTIAGO", "provincia": "Santiago", "totalapellido": 83, "totalcomuna": 340282, "prct_apellido": 0.0244, "Frecuencia provincia": 0.017023, "Frecuencia región": 0.018986, "cod_comuna": "13101"}, {"comuna": "LA LIGUA", "region": "05. REGION DE VALPARAISO", "provincia": "Petorca", "totalapellido": 6, "totalcomuna": 30181, "prct_apellido": 0.0199, "Frecuencia provincia": 0.160073, "Frecuencia región": 0.029341, "cod_comuna": "05401"}, {"comuna": "ERCILLA", "region": "09. REGION DE LA ARAUCANIA", "provincia": "Malleco", "totalapellido": 2, "totalcomuna": 8142, "prct_apellido": 0.0246, "Frecuencia provincia": 0.133465, "Frecuencia región": 0.051873, "cod_comuna": "09204"}, {"comuna": "LONGAVI", "region": "07. REGION DEL MAULE", "provincia": "Linares", "totalapellido": 3, "totalcomuna": 26725, "prct_apellido": 0.0112, "Frecuencia provincia": 0.120949, "Frecuencia región": 0.082553, "cod_comuna": "07403"}, {"comuna": "TIRUA", "region": "08. REGION DEL BIOBIO", "provincia": "Arauco", "totalapellido": 1, "totalcomuna": 9156, "prct_apellido": 0.0109, "Frecuencia provincia": 0.169853, "Frecuencia región": 0.056049, "cod_comuna": "08207"}, {"comuna": "CONCEPCION", "region": "08. REGION DEL BIOBIO", "provincia": "Concepción", "totalapellido": 38, "totalcomuna": 201066, "prct_apellido": 0.0189, "Frecuencia provincia": 0.045559, "Frecuencia región": 0.056049, "cod_comuna": "08101"}, {"comuna": "QUILLECO", "region": "08. REGION DEL BIOBIO", "provincia": "Biobío", "totalapellido": 1, "totalcomuna": 9648, "prct_apellido": 0.0104, "Frecuencia provincia": 0.077416, "Frecuencia región": 0.056049, "cod_comuna": "08309"}, {"comuna": "HUALPEN", "region": "08. REGION DEL BIOBIO", "provincia": "Concepción", "totalapellido": 18, "totalcomuna": 77561, "prct_apellido": 0.0232, "Frecuencia provincia": 0.045559, "Frecuencia región": 0.056049, "cod_comuna": "08112"}, {"comuna": "NOGALES", "region": "05. REGION DE VALPARAISO", "provincia": "Quillota", "totalapellido": 4, "totalcomuna": 19698, "prct_apellido": 0.0203, "Frecuencia provincia": 0.079787, "Frecuencia región": 0.029341, "cod_comuna": "05506"}, {"comuna": "MEJILLONES", "region": "02. REGION DE ANTOFAGASTA", "provincia": "Antofagasta", "totalapellido": 2, "totalcomuna": 10035, "prct_apellido": 0.0199, "Frecuencia provincia": 0.020817, "Frecuencia región": 0.025007, "cod_comuna": "02102"}, {"comuna": "PEÑALOLEN", "region": "13. REGION METROPOLITANA DE SANTIAGO", "provincia": "Santiago", "totalapellido": 35, "totalcomuna": 191707, "prct_apellido": 0.0183, "Frecuencia provincia": 0.017023, "Frecuencia región": 0.018986, "cod_comuna": "13122"}, {"comuna": "CURANILAHUE", "region": "08. REGION DEL BIOBIO", "provincia": "Arauco", "totalapellido": 3, "totalcomuna": 30624, "prct_apellido": 0.0098, "Frecuencia provincia": 0.169853, "Frecuencia región": 0.056049, "cod_comuna": "08205"}, {"comuna": "COQUIMBO", "region": "04. REGION DE COQUIMBO", "provincia": "Elqui", "totalapellido": 39, "totalcomuna": 167854, "prct_apellido": 0.0232, "Frecuencia provincia": 0.034381, "Frecuencia región": 0.046565, "cod_comuna": "04102"}, {"comuna": "TALTAL", "region": "02. REGION DE ANTOFAGASTA", "provincia": "Antofagasta", "totalapellido": 1, "totalcomuna": 10511, "prct_apellido": 0.0095, "Frecuencia provincia": 0.020817, "Frecuencia región": 0.025007, "cod_comuna": "02104"}, {"comuna": "TOLTEN", "region": "09. REGION DE LA ARAUCANIA", "provincia": "Cautín", "totalapellido": 1, "totalcomuna": 10591, "prct_apellido": 0.0094, "Frecuencia provincia": 0.043946, "Frecuencia región": 0.051873, "cod_comuna": "09118"}, {"comuna": "CURACAUTIN", "region": "09. REGION DE LA ARAUCANIA", "provincia": "Malleco", "totalapellido": 3, "totalcomuna": 21202, "prct_apellido": 0.0141, "Frecuencia provincia": 0.133465, "Frecuencia región": 0.051873, "cod_comuna": "09203"}, {"comuna": "TEMUCO", "region": "09. REGION DE LA ARAUCANIA", "provincia": "Cautín", "totalapellido": 48, "totalcomuna": 236909, "prct_apellido": 0.0203, "Frecuencia provincia": 0.043946, "Frecuencia región": 0.051873, "cod_comuna": "09101"}, {"comuna": "TOCOPILLA", "region": "02. REGION DE ANTOFAGASTA", "provincia": "Tocopilla", "totalapellido": 2, "totalcomuna": 22335, "prct_apellido": 0.009, "Frecuencia provincia": 0.11764, "Frecuencia región": 0.025007, "cod_comuna": "02301"}, {"comuna": "PUDAHUEL", "region": "13. REGION METROPOLITANA DE SANTIAGO", "provincia": "Santiago", "totalapellido": 23, "totalcomuna": 168984, "prct_apellido": 0.0136, "Frecuencia provincia": 0.017023, "Frecuencia región": 0.018986, "cod_comuna": "13124"}, {"comuna": "PROVIDENCIA", "region": "13. REGION METROPOLITANA DE SANTIAGO", "provincia": "Santiago", "totalapellido": 25, "totalcomuna": 170255, "prct_apellido": 0.0147, "Frecuencia provincia": 0.017023, "Frecuencia región": 0.018986, "cod_comuna": "13123"}, {"comuna": "LA PINTANA", "region": "13. REGION METROPOLITANA DE SANTIAGO", "provincia": "Santiago", "totalapellido": 22, "totalcomuna": 139100, "prct_apellido": 0.0158, "Frecuencia provincia": 0.017023, "Frecuencia región": 0.018986, "cod_comuna": "13112"}, {"comuna": "VILCUN", "region": "09. REGION DE LA ARAUCANIA", "provincia": "Cautín", "totalapellido": 2, "totalcomuna": 24470, "prct_apellido": 0.0082, "Frecuencia provincia": 0.043946, "Frecuencia región": 0.051873, "cod_comuna": "09119"}, {"comuna": "QUINTERO", "region": "05. REGION DE VALPARAISO", "provincia": "Valparaíso", "totalapellido": 2, "totalcomuna": 24756, "prct_apellido": 0.0081, "Frecuencia provincia": 0.017698, "Frecuencia región": 0.029341, "cod_comuna": "05107"}, {"comuna": "QUILICURA", "region": "13. REGION METROPOLITANA DE SANTIAGO", "provincia": "Santiago", "totalapellido": 14, "totalcomuna": 139914, "prct_apellido": 0.01, "Frecuencia provincia": 0.017023, "Frecuencia región": 0.018986, "cod_comuna": "13125"}, {"comuna": "ARICA", "region": "15. REGION DE ARICA Y PARINACOTA", "provincia": "Arica", "totalapellido": 49, "totalcomuna": 180060, "prct_apellido": 0.0272, "Frecuencia provincia": 0.025797, "Frecuencia región": 0.026725, "cod_comuna": "15101"}, {"comuna": "COIHAIQUE", "region": "11. REGION DE AYSEN DEL GENERAL CARLOS IBAÑEZ DEL CAMPO", "provincia": NaN, "totalapellido": 8, "totalcomuna": 54229, "prct_apellido": 0.0148, "Frecuencia provincia": NaN, "Frecuencia región": 0.077233, "cod_comuna": null}, {"comuna": "EL QUISCO", "region": "05. REGION DE VALPARAISO", "provincia": "San Antonio", "totalapellido": 2, "totalcomuna": 13781, "prct_apellido": 0.0145, "Frecuencia provincia": 0.076723, "Frecuencia región": 0.029341, "cod_comuna": "05604"}, {"comuna": "LA CISTERNA", "region": "13. REGION METROPOLITANA DE SANTIAGO", "provincia": "Santiago", "totalapellido": 13, "totalcomuna": 83246, "prct_apellido": 0.0156, "Frecuencia provincia": 0.017023, "Frecuencia región": 0.018986, "cod_comuna": "13109"}, {"comuna": "QUILLOTA", "region": "05. REGION DE VALPARAISO", "provincia": "Quillota", "totalapellido": 8, "totalcomuna": 75479, "prct_apellido": 0.0106, "Frecuencia provincia": 0.079787, "Frecuencia región": 0.029341, "cod_comuna": "05501"}, {"comuna": "COELEMU", "region": "16. REGION DE ÑUBLE", "provincia": "Itata", "totalapellido": 6, "totalcomuna": 15414, "prct_apellido": 0.0389, "Frecuencia provincia": 0.295621, "Frecuencia región": 0.0859, "cod_comuna": "16203"}, {"comuna": "PEDRO AGUIRRE CERDA", "region": "13. REGION METROPOLITANA DE SANTIAGO", "provincia": "Santiago", "totalapellido": 13, "totalcomuna": 93161, "prct_apellido": 0.014, "Frecuencia provincia": 0.017023, "Frecuencia región": 0.018986, "cod_comuna": "13121"}, {"comuna": "PUERTO MONTT", "region": "10. REGION DE LOS LAGOS", "provincia": "Llanquihue", "totalapellido": 17, "totalcomuna": 186565, "prct_apellido": 0.0091, "Frecuencia provincia": 0.042563, "Frecuencia región": 0.052521, "cod_comuna": "10101"}, {"comuna": "ARAUCO", "region": "08. REGION DEL BIOBIO", "provincia": "Arauco", "totalapellido": 2, "totalcomuna": 31158, "prct_apellido": 0.0064, "Frecuencia provincia": 0.169853, "Frecuencia región": 0.056049, "cod_comuna": "08202"}, {"comuna": "QUILLON", "region": "16. REGION DE ÑUBLE", "provincia": "Diguillín", "totalapellido": 4, "totalcomuna": 15682, "prct_apellido": 0.0255, "Frecuencia provincia": 0.065041, "Frecuencia región": 0.0859, "cod_comuna": "16107"}, {"comuna": "LAS CONDES", "region": "13. REGION METROPOLITANA DE SANTIAGO", "provincia": "Santiago", "totalapellido": 34, "totalcomuna": 269517, "prct_apellido": 0.0126, "Frecuencia provincia": 0.017023, "Frecuencia región": 0.018986, "cod_comuna": "13114"}, {"comuna": "RANCAGUA", "region": "06. REGION DEL LIBERTADOR GENERAL BERNARDO O'HIGGINS", "provincia": "Cachapoal", "totalapellido": 22, "totalcomuna": 194487, "prct_apellido": 0.0113, "Frecuencia provincia": 0.061427, "Frecuencia región": 0.074338, "cod_comuna": "06101"}, {"comuna": "LA CRUZ", "region": "05. REGION DE VALPARAISO", "provincia": "Quillota", "totalapellido": 1, "totalcomuna": 16329, "prct_apellido": 0.0061, "Frecuencia provincia": 0.079787, "Frecuencia región": 0.029341, "cod_comuna": "05504"}, {"comuna": "CERRO NAVIA", "region": "13. REGION METROPOLITANA DE SANTIAGO", "provincia": "Santiago", "totalapellido": 7, "totalcomuna": 115479, "prct_apellido": 0.0061, "Frecuencia provincia": 0.017023, "Frecuencia región": 0.018986, "cod_comuna": "13103"}, {"comuna": "COPIAPO", "region": "03. REGION DE ATACAMA", "provincia": "Copiapó", "totalapellido": 10, "totalcomuna": 123973, "prct_apellido": 0.0081, "Frecuencia provincia": 0.043922, "Frecuencia región": 0.058317, "cod_comuna": "03101"}, {"comuna": "VITACURA", "region": "13. REGION METROPOLITANA DE SANTIAGO", "provincia": "Santiago", "totalapellido": 11, "totalcomuna": 89311, "prct_apellido": 0.0123, "Frecuencia provincia": 0.017023, "Frecuencia región": 0.018986, "cod_comuna": "13132"}, {"comuna": "TALCA", "region": "07. REGION DEL MAULE", "provincia": "Talca", "totalapellido": 17, "totalcomuna": 179640, "prct_apellido": 0.0095, "Frecuencia provincia": 0.062885, "Frecuencia región": 0.082553, "cod_comuna": "07101"}, {"comuna": "LOS VILOS", "region": "04. REGION DE COQUIMBO", "provincia": "Choapa", "totalapellido": 1, "totalcomuna": 18266, "prct_apellido": 0.0055, "Frecuencia provincia": 0.165554, "Frecuencia región": 0.046565, "cod_comuna": "04203"}, {"comuna": "MACHALI", "region": "06. REGION DEL LIBERTADOR GENERAL BERNARDO O'HIGGINS", "provincia": "Cachapoal", "totalapellido": 5, "totalcomuna": 37103, "prct_apellido": 0.0135, "Frecuencia provincia": 0.061427, "Frecuencia región": 0.074338, "cod_comuna": "06108"}, {"comuna": "TRAIGUEN", "region": "09. REGION DE LA ARAUCANIA", "provincia": "Malleco", "totalapellido": 4, "totalcomuna": 18639, "prct_apellido": 0.0215, "Frecuencia provincia": 0.133465, "Frecuencia región": 0.051873, "cod_comuna": "09210"}, {"comuna": "SAN BERNARDO", "region": "13. REGION METROPOLITANA DE SANTIAGO", "provincia": "Maipo", "totalapellido": 18, "totalcomuna": 228196, "prct_apellido": 0.0079, "Frecuencia provincia": 0.033289, "Frecuencia región": 0.018986, "cod_comuna": "13401"}, {"comuna": "MOLINA", "region": "07. REGION DEL MAULE", "provincia": "Curicó", "totalapellido": 2, "totalcomuna": 39426, "prct_apellido": 0.0051, "Frecuencia provincia": 0.081137, "Frecuencia región": 0.082553, "cod_comuna": "07304"}, {"comuna": "CONCHALI", "region": "13. REGION METROPOLITANA DE SANTIAGO", "provincia": "Santiago", "totalapellido": 13, "totalcomuna": 118624, "prct_apellido": 0.011, "Frecuencia provincia": 0.017023, "Frecuencia región": 0.018986, "cod_comuna": "13104"}, {"comuna": "LAS CABRAS", "region": "06. REGION DEL LIBERTADOR GENERAL BERNARDO O'HIGGINS", "provincia": "Cachapoal", "totalapellido": 1, "totalcomuna": 20393, "prct_apellido": 0.0049, "Frecuencia provincia": 0.061427, "Frecuencia región": 0.074338, "cod_comuna": "06107"}, {"comuna": "LA FLORIDA", "region": "13. REGION METROPOLITANA DE SANTIAGO", "provincia": "Santiago", "totalapellido": 26, "totalcomuna": 307414, "prct_apellido": 0.0085, "Frecuencia provincia": 0.017023, "Frecuencia región": 0.018986, "cod_comuna": "13110"}, {"comuna": "SAN JOAQUIN", "region": "13. REGION METROPOLITANA DE SANTIAGO", "provincia": "Santiago", "totalapellido": 7, "totalcomuna": 82325, "prct_apellido": 0.0085, "Frecuencia provincia": 0.017023, "Frecuencia región": 0.018986, "cod_comuna": "13129"}, {"comuna": "LA GRANJA", "region": "13. REGION METROPOLITANA DE SANTIAGO", "provincia": "Santiago", "totalapellido": 5, "totalcomuna": 103905, "prct_apellido": 0.0048, "Frecuencia provincia": 0.017023, "Frecuencia región": 0.018986, "cod_comuna": "13111"}, {"comuna": "SAN FERNANDO", "region": "06. REGION DEL LIBERTADOR GENERAL BERNARDO O'HIGGINS", "provincia": "Colchagua", "totalapellido": 3, "totalcomuna": 62989, "prct_apellido": 0.0048, "Frecuencia provincia": 0.12967, "Frecuencia región": 0.074338, "cod_comuna": "06301"}, {"comuna": "PENCO", "region": "08. REGION DEL BIOBIO", "provincia": "Concepción", "totalapellido": 2, "totalcomuna": 42200, "prct_apellido": 0.0047, "Frecuencia provincia": 0.045559, "Frecuencia región": 0.056049, "cod_comuna": "08107"}, {"comuna": "ESTACION CENTRAL", "region": "13. REGION METROPOLITANA DE SANTIAGO", "provincia": "Santiago", "totalapellido": 16, "totalcomuna": 127214, "prct_apellido": 0.0126, "Frecuencia provincia": 0.017023, "Frecuencia región": 0.018986, "cod_comuna": "13106"}, {"comuna": "LA SERENA", "region": "04. REGION DE COQUIMBO", "provincia": "Elqui", "totalapellido": 15, "totalcomuna": 174853, "prct_apellido": 0.0086, "Frecuencia provincia": 0.034381, "Frecuencia región": 0.046565, "cod_comuna": "04101"}, {"comuna": "CERRILLOS", "region": "13. REGION METROPOLITANA DE SANTIAGO", "provincia": "Santiago", "totalapellido": 5, "totalcomuna": 67537, "prct_apellido": 0.0074, "Frecuencia provincia": 0.017023, "Frecuencia región": 0.018986, "cod_comuna": "13102"}, {"comuna": "COLINA", "region": "13. REGION METROPOLITANA DE SANTIAGO", "provincia": "Chacabuco", "totalapellido": 4, "totalcomuna": 90446, "prct_apellido": 0.0044, "Frecuencia provincia": 0.035407, "Frecuencia región": 0.018986, "cod_comuna": "13301"}, {"comuna": "PIRQUE", "region": "13. REGION METROPOLITANA DE SANTIAGO", "provincia": "Cordillera", "totalapellido": 1, "totalcomuna": 22646, "prct_apellido": 0.0044, "Frecuencia provincia": 0.019022, "Frecuencia región": 0.018986, "cod_comuna": "13202"}, {"comuna": "VICUÑA", "region": "04. REGION DE COQUIMBO", "provincia": "Elqui", "totalapellido": 2, "totalcomuna": 23678, "prct_apellido": 0.0084, "Frecuencia provincia": 0.034381, "Frecuencia región": 0.046565, "cod_comuna": "04106"}, {"comuna": "RECOLETA", "region": "13. REGION METROPOLITANA DE SANTIAGO", "provincia": "Santiago", "totalapellido": 15, "totalcomuna": 142696, "prct_apellido": 0.0105, "Frecuencia provincia": 0.017023, "Frecuencia región": 0.018986, "cod_comuna": "13127"}, {"comuna": "MAIPU", "region": "13. REGION METROPOLITANA DE SANTIAGO", "provincia": "Santiago", "totalapellido": 25, "totalcomuna": 389758, "prct_apellido": 0.0064, "Frecuencia provincia": 0.017023, "Frecuencia región": 0.018986, "cod_comuna": "13119"}, {"comuna": "HUECHURABA", "region": "13. REGION METROPOLITANA DE SANTIAGO", "provincia": "Santiago", "totalapellido": 6, "totalcomuna": 73498, "prct_apellido": 0.0082, "Frecuencia provincia": 0.017023, "Frecuencia región": 0.018986, "cod_comuna": "13107"}, {"comuna": "VILLA ALEMANA", "region": "05. REGION DE VALPARAISO", "provincia": "Marga Marga", "totalapellido": 8, "totalcomuna": 98544, "prct_apellido": 0.0081, "Frecuencia provincia": 0.034753, "Frecuencia región": 0.029341, "cod_comuna": "05804"}, {"comuna": "TENO", "region": "07. REGION DEL MAULE", "provincia": "Curicó", "totalapellido": 1, "totalcomuna": 24958, "prct_apellido": 0.004, "Frecuencia provincia": 0.081137, "Frecuencia región": 0.082553, "cod_comuna": "07308"}, {"comuna": "SAN MIGUEL", "region": "13. REGION METROPOLITANA DE SANTIAGO", "provincia": "Santiago", "totalapellido": 14, "totalcomuna": 105090, "prct_apellido": 0.0133, "Frecuencia provincia": 0.017023, "Frecuencia región": 0.018986, "cod_comuna": "13130"}, {"comuna": "LINARES", "region": "07. REGION DEL MAULE", "provincia": "Linares", "totalapellido": 5, "totalcomuna": 81744, "prct_apellido": 0.0061, "Frecuencia provincia": 0.120949, "Frecuencia región": 0.082553, "cod_comuna": "07401"}, {"comuna": "PUCON", "region": "09. REGION DE LA ARAUCANIA", "provincia": "Cautín", "totalapellido": 1, "totalcomuna": 28338, "prct_apellido": 0.0035, "Frecuencia provincia": 0.043946, "Frecuencia región": 0.051873, "cod_comuna": "09115"}, {"comuna": "ALTO HOSPICIO", "region": "01. REGION DE TARAPACA", "provincia": "Iquique", "totalapellido": 11, "totalcomuna": 58683, "prct_apellido": 0.0187, "Frecuencia provincia": 0.023146, "Frecuencia región": 0.02576, "cod_comuna": "01107"}, {"comuna": "LAMPA", "region": "13. REGION METROPOLITANA DE SANTIAGO", "provincia": "Chacabuco", "totalapellido": 3, "totalcomuna": 59623, "prct_apellido": 0.005, "Frecuencia provincia": 0.035407, "Frecuencia región": 0.018986, "cod_comuna": "13302"}, {"comuna": "SAN PEDRO DE LA PAZ", "region": "08. REGION DEL BIOBIO", "provincia": "Concepción", "totalapellido": 13, "totalcomuna": 89479, "prct_apellido": 0.0145, "Frecuencia provincia": 0.045559, "Frecuencia región": 0.056049, "cod_comuna": "08108"}, {"comuna": "PUENTE ALTO", "region": "13. REGION METROPOLITANA DE SANTIAGO", "provincia": "Cordillera", "totalapellido": 32, "totalcomuna": 399739, "prct_apellido": 0.008, "Frecuencia provincia": 0.019022, "Frecuencia región": 0.018986, "cod_comuna": "13201"}, {"comuna": "LAUTARO", "region": "09. REGION DE LA ARAUCANIA", "provincia": "Cautín", "totalapellido": 2, "totalcomuna": 34252, "prct_apellido": 0.0058, "Frecuencia provincia": 0.043946, "Frecuencia región": 0.051873, "cod_comuna": "09108"}, {"comuna": "PANGUIPULLI", "region": "14. REGION DE LOS RIOS", "provincia": "Valdivia", "totalapellido": 2, "totalcomuna": 35236, "prct_apellido": 0.0057, "Frecuencia provincia": 0.046113, "Frecuencia región": 0.0544, "cod_comuna": "14108"}, {"comuna": "SAN CLEMENTE", "region": "07. REGION DEL MAULE", "provincia": "Talca", "totalapellido": 1, "totalcomuna": 37168, "prct_apellido": 0.0027, "Frecuencia provincia": 0.062885, "Frecuencia región": 0.082553, "cod_comuna": "07109"}, {"comuna": "BUIN", "region": "13. REGION METROPOLITANA DE SANTIAGO", "provincia": "Maipo", "totalapellido": 3, "totalcomuna": 75333, "prct_apellido": 0.004, "Frecuencia provincia": 0.033289, "Frecuencia región": 0.018986, "cod_comuna": "13402"}, {"comuna": "SAN JAVIER", "region": "07. REGION DEL MAULE", "provincia": "Linares", "totalapellido": 4, "totalcomuna": 39254, "prct_apellido": 0.0102, "Frecuencia provincia": 0.120949, "Frecuencia región": 0.082553, "cod_comuna": "07406"}, {"comuna": "CONCON", "region": "05. REGION DE VALPARAISO", "provincia": "Valparaíso", "totalapellido": 2, "totalcomuna": 39439, "prct_apellido": 0.0051, "Frecuencia provincia": 0.017698, "Frecuencia región": 0.029341, "cod_comuna": "05103"}, {"comuna": "LOS ANGELES", "region": "08. REGION DEL BIOBIO", "provincia": "Biobío", "totalapellido": 9, "totalcomuna": 162845, "prct_apellido": 0.0055, "Frecuencia provincia": 0.077416, "Frecuencia región": 0.056049, "cod_comuna": "08301"}, {"comuna": "PUNTA ARENAS", "region": "12. REGION DE MAGALLANES Y DE LA ANTARTICA CHILENA", "provincia": "Magallanes", "totalapellido": 5, "totalcomuna": 122525, "prct_apellido": 0.0041, "Frecuencia provincia": 0.031287, "Frecuencia región": 0.037004, "cod_comuna": "12101"}, {"comuna": "SAN RAMON", "region": "13. REGION METROPOLITANA DE SANTIAGO", "provincia": "Santiago", "totalapellido": 10, "totalcomuna": 81793, "prct_apellido": 0.0122, "Frecuencia provincia": 0.017023, "Frecuencia región": 0.018986, "cod_comuna": "13131"}, {"comuna": "LO BARNECHEA", "region": "13. REGION METROPOLITANA DE SANTIAGO", "provincia": "Santiago", "totalapellido": 7, "totalcomuna": 82669, "prct_apellido": 0.0085, "Frecuencia provincia": 0.017023, "Frecuencia región": 0.018986, "cod_comuna": "13115"}, {"comuna": "VIÑA DEL MAR", "region": "05. REGION DE VALPARAISO", "provincia": "Valparaíso", "totalapellido": 15, "totalcomuna": 301370, "prct_apellido": 0.005, "Frecuencia provincia": 0.017698, "Frecuencia región": 0.029341, "cod_comuna": "05109"}, {"comuna": "LO PRADO", "region": "13. REGION METROPOLITANA DE SANTIAGO", "provincia": "Santiago", "totalapellido": 15, "totalcomuna": 88885, "prct_apellido": 0.0169, "Frecuencia provincia": 0.017023, "Frecuencia región": 0.018986, "cod_comuna": "13117"}, {"comuna": "CORONEL", "region": "08. REGION DEL BIOBIO", "provincia": "Concepción", "totalapellido": 3, "totalcomuna": 89810, "prct_apellido": 0.0033, "Frecuencia provincia": 0.045559, "Frecuencia región": 0.056049, "cod_comuna": "08102"}, {"comuna": "LO ESPEJO", "region": "13. REGION METROPOLITANA DE SANTIAGO", "provincia": "Santiago", "totalapellido": 4, "totalcomuna": 90849, "prct_apellido": 0.0044, "Frecuencia provincia": 0.017023, "Frecuencia región": 0.018986, "cod_comuna": "13116"}, {"comuna": "VALLENAR", "region": "03. REGION DE ATACAMA", "provincia": "Huasco", "totalapellido": 6, "totalcomuna": 45529, "prct_apellido": 0.0132, "Frecuencia provincia": 0.121458, "Frecuencia región": 0.058317, "cod_comuna": "03301"}, {"comuna": "ANGOL", "region": "09. REGION DE LA ARAUCANIA", "provincia": "Malleco", "totalapellido": 5, "totalcomuna": 47137, "prct_apellido": 0.0106, "Frecuencia provincia": 0.133465, "Frecuencia región": 0.051873, "cod_comuna": "09201"}, {"comuna": "SAN CARLOS", "region": "16. REGION DE ÑUBLE", "provincia": "Punilla", "totalapellido": 4, "totalcomuna": 47717, "prct_apellido": 0.0084, "Frecuencia provincia": 0.169589, "Frecuencia región": 0.0859, "cod_comuna": "16301"}, {"comuna": "OSORNO", "region": "10. REGION DE LOS LAGOS", "provincia": "Osorno", "totalapellido": 6, "totalcomuna": 143162, "prct_apellido": 0.0042, "Frecuencia provincia": 0.047856, "Frecuencia región": 0.052521, "cod_comuna": "10301"}, {"comuna": "RENGO", "region": "06. REGION DEL LIBERTADOR GENERAL BERNARDO O'HIGGINS", "provincia": "Cachapoal", "totalapellido": 1, "totalcomuna": 48595, "prct_apellido": 0.0021, "Frecuencia provincia": 0.061427, "Frecuencia región": 0.074338, "cod_comuna": "06115"}, {"comuna": "MELIPILLA", "region": "13. REGION METROPOLITANA DE SANTIAGO", "provincia": "Melipilla", "totalapellido": 5, "totalcomuna": 97217, "prct_apellido": 0.0051, "Frecuencia provincia": 0.072308, "Frecuencia región": 0.018986, "cod_comuna": "13501"}, {"comuna": "TOME", "region": "08. REGION DEL BIOBIO", "provincia": "Concepción", "totalapellido": 4, "totalcomuna": 49849, "prct_apellido": 0.008, "Frecuencia provincia": 0.045559, "Frecuencia región": 0.056049, "cod_comuna": "08111"}, {"comuna": "QUINTA NORMAL", "region": "13. REGION METROPOLITANA DE SANTIAGO", "provincia": "Santiago", "totalapellido": 7, "totalcomuna": 102529, "prct_apellido": 0.0068, "Frecuencia provincia": 0.017023, "Frecuencia región": 0.018986, "cod_comuna": "13126"}, {"comuna": "VILLARRICA", "region": "09. REGION DE LA ARAUCANIA", "provincia": "Cautín", "totalapellido": 8, "totalcomuna": 54948, "prct_apellido": 0.0146, "Frecuencia provincia": 0.043946, "Frecuencia región": 0.051873, "cod_comuna": "09120"}, {"comuna": "LOS ANDES", "region": "05. REGION DE VALPARAISO", "provincia": "Los Andes", "totalapellido": 2, "totalcomuna": 55969, "prct_apellido": 0.0036, "Frecuencia provincia": 0.083664, "Frecuencia región": 0.029341, "cod_comuna": "05301"}, {"comuna": "TALAGANTE", "region": "13. REGION METROPOLITANA DE SANTIAGO", "provincia": "Talagante", "totalapellido": 1, "totalcomuna": 58141, "prct_apellido": 0.0017, "Frecuencia provincia": 0.065142, "Frecuencia región": 0.018986, "cod_comuna": "13601"}, {"comuna": "PADRE LAS CASAS", "region": "09. REGION DE LA ARAUCANIA", "provincia": "Cautín", "totalapellido": 2, "totalcomuna": 58858, "prct_apellido": 0.0034, "Frecuencia provincia": 0.043946, "Frecuencia región": 0.051873, "cod_comuna": "09112"}, {"comuna": "CURICO", "region": "07. REGION DEL MAULE", "provincia": "Curicó", "totalapellido": 5, "totalcomuna": 117810, "prct_apellido": 0.0042, "Frecuencia provincia": 0.081137, "Frecuencia región": 0.082553, "cod_comuna": "07301"}, {"comuna": "SAN FELIPE", "region": "05. REGION DE VALPARAISO", "provincia": "San Felipe de Aconcagua", "totalapellido": 1, "totalcomuna": 60075, "prct_apellido": 0.0017, "Frecuencia provincia": 0.102948, "Frecuencia región": 0.029341, "cod_comuna": "05701"}, {"comuna": "CHIGUAYANTE", "region": "08. REGION DEL BIOBIO", "provincia": "Concepción", "totalapellido": 4, "totalcomuna": 67398, "prct_apellido": 0.0059, "Frecuencia provincia": 0.045559, "Frecuencia región": 0.056049, "cod_comuna": "08103"}, {"comuna": "VALDIVIA", "region": "14. REGION DE LOS RIOS", "provincia": "Valdivia", "totalapellido": 11, "totalcomuna": 138619, "prct_apellido": 0.0079, "Frecuencia provincia": 0.046113, "Frecuencia región": 0.0544, "cod_comuna": "14101"}, {"comuna": "SAN ANTONIO", "region": "05. REGION DE VALPARAISO", "provincia": "San Antonio", "totalapellido": 2, "totalcomuna": 78443, "prct_apellido": 0.0025, "Frecuencia provincia": 0.076723, "Frecuencia región": 0.029341, "cod_comuna": "05601"}, {"comuna": "OVALLE", "region": "04. REGION DE COQUIMBO", "provincia": "Limarí", "totalapellido": 3, "totalcomuna": 91832, "prct_apellido": 0.0033, "Frecuencia provincia": 0.102708, "Frecuencia región": 0.046565, "cod_comuna": "04301"}, {"comuna": "VALPARAISO", "region": "05. REGION DE VALPARAISO", "provincia": "Valparaíso", "totalapellido": 4, "totalcomuna": 290125, "prct_apellido": 0.0014, "Frecuencia provincia": 0.017698, "Frecuencia región": 0.029341, "cod_comuna": "05101"}, {"comuna": "MACUL", "region": "13. REGION METROPOLITANA DE SANTIAGO", "provincia": "Santiago", "totalapellido": 9, "totalcomuna": 101340, "prct_apellido": 0.0089, "Frecuencia provincia": 0.017023, "Frecuencia región": 0.018986, "cod_comuna": "13118"}, {"comuna": "QUILPUE", "region": "05. REGION DE VALPARAISO", "provincia": "Marga Marga", "totalapellido": 6, "totalcomuna": 134448, "prct_apellido": 0.0045, "Frecuencia provincia": 0.034753, "Frecuencia región": 0.029341, "cod_comuna": "05801"}, {"comuna": "EL BOSQUE", "region": "13. REGION METROPOLITANA DE SANTIAGO", "provincia": "Santiago", "totalapellido": 6, "totalcomuna": 137677, "prct_apellido": 0.0044, "Frecuencia provincia": 0.017023, "Frecuencia región": 0.018986, "cod_comuna": "13105"}, {"comuna": "ARICA", "region": "15. REGION DE ARICA Y PARINACOTA", "provincia": "Arica", "totalapellido": 1, "totalcomuna": 180060, "prct_apellido": 0.0006, "Frecuencia provincia": 0.025797, "Frecuencia región": 0.026725, "cod_comuna": "15101"}], "provincias": [], "regiones": []}