{"apellido": "MEIRONE", "slug": "meirone", "comunas": [{"comuna": "ANTUCO", "region": "08. REGION DEL BIOBIO", "provincia": "Biobío", "totalapellido": 1, "totalcomuna": 4718, "prct_apellido": 0.0212, "Frecuencia provincia": 0.077416, "Frecuencia región": 0.056049, "cod_comuna": "08302"}, {"comuna": "PEDRO AGUIRRE CERDA", "region": "13. REGION METROPOLITANA DE SANTIAGO", "provincia": "Santiago", "totalapellido": 27, "totalcomuna": 93161, "prct_apellido": 0.029, "Frecuencia provincia": 0.017023, "Frecuencia región": 0.018986, "cod_comuna": "13121"}, {"comuna": "LO PRADO", "region": "13. REGION METROPOLITANA DE SANTIAGO", "provincia": "Santiago", "totalapellido": 14, "totalcomuna": 88885, "prct_apellido": 0.0158, "Frecuencia provincia": 0.017023, "Frecuencia región": 0.018986, "cod_comuna": "13117"}, {"comuna": "EL BOSQUE", "region": "13. REGION METROPOLITANA DE SANTIAGO", "provincia": "Santiago", "totalapellido": 13, "totalcomuna": 137677, "prct_apellido": 0.0094, "Frecuencia provincia": 0.017023, "Frecuencia región": 0.018986, "cod_comuna": "13105"}, {"comuna": "LA GRANJA", "region": "13. REGION METROPOLITANA DE SANTIAGO", "provincia": "Santiago", "totalapellido": 10, "totalcomuna": 103905, "prct_apellido": 0.0096, "Frecuencia provincia": 0.017023, "Frecuencia región": 0.018986, "cod_comuna": "13111"}, {"comuna": "SAN RAMON", "region": "13. REGION METROPOLITANA DE SANTIAGO", "provincia": "Santiago", "totalapellido": 8, "totalcomuna": 81793, "prct_apellido": 0.0098, "Frecuencia provincia": 0.017023, "Frecuencia región": 0.018986, "cod_comuna": "13131"}, {"comuna": "SAN MIGUEL", "region": "13. REGION METROPOLITANA DE SANTIAGO", "provincia": "Santiago", "totalapellido": 5, "totalcomuna": 105090, "prct_apellido": 0.0048, "Frecuencia provincia": 0.017023, "Frecuencia región": 0.018986, "cod_comuna": "13130"}, {"comuna": "PUCON", "region": "09. REGION DE LA ARAUCANIA", "provincia": "Cautín", "totalapellido": 1, "totalcomuna": 28338, "prct_apellido": 0.0035, "Frecuencia provincia": 0.043946, "Frecuencia región": 0.051873, "cod_comuna": "09115"}, {"comuna": "LAS CONDES", "region": "13. REGION METROPOLITANA DE SANTIAGO", "provincia": "Santiago", "totalapellido": 9, "totalcomuna": 269517, "prct_apellido": 0.0033, "Frecuencia provincia": 0.017023, "Frecuencia región": 0.018986, "cod_comuna": "13114"}, {"comuna": "ANCUD", "region": "10. REGION DE LOS LAGOS", "provincia": "Chiloé", "totalapellido": 2, "totalcomuna": 38845, "prct_apellido": 0.0051, "Frecuencia provincia": 0.112043, "Frecuencia región": 0.052521, "cod_comuna": "10202"}, {"comuna": "PROVIDENCIA", "region": "13. REGION METROPOLITANA DE SANTIAGO", "provincia": "Santiago", "totalapellido": 4, "totalcomuna": 170255, "prct_apellido": 0.0023, "Frecuencia provincia": 0.017023, "Frecuencia región": 0.018986, "cod_comuna": "13123"}, {"comuna": "SANTIAGO", "region": "13. REGION METROPOLITANA DE SANTIAGO", "provincia": "Santiago", "totalapellido": 11, "totalcomuna": 340282, "prct_apellido": 0.0032, "Frecuencia provincia": 0.017023, "Frecuencia región": 0.018986, "cod_comuna": "13101"}, {"comuna": "CURICO", "region": "07. REGION DEL MAULE", "provincia": "Curicó", "totalapellido": 2, "totalcomuna": 117810, "prct_apellido": 0.0017, "Frecuencia provincia": 0.081137, "Frecuencia región": 0.082553, "cod_comuna": "07301"}, {"comuna": "LA PINTANA", "region": "13. REGION METROPOLITANA DE SANTIAGO", "provincia": "Santiago", "totalapellido": 5, "totalcomuna": 139100, "prct_apellido": 0.0036, "Frecuencia provincia": 0.017023, "Frecuencia región": 0.018986, "cod_comuna": "13112"}, {"comuna": "HUECHURABA", "region": "13. REGION METROPOLITANA DE SANTIAGO", "provincia": "Santiago", "totalapellido": 2, "totalcomuna": 73498, "prct_apellido": 0.0027, "Frecuencia provincia": 0.017023, "Frecuencia región": 0.018986, "cod_comuna": "13107"}, {"comuna": "BUIN", "region": "13. REGION METROPOLITANA DE SANTIAGO", "provincia": "Maipo", "totalapellido": 1, "totalcomuna": 75333, "prct_apellido": 0.0013, "Frecuencia provincia": 0.033289, "Frecuencia región": 0.018986, "cod_comuna": "13402"}, {"comuna": "LA CISTERNA", "region": "13. REGION METROPOLITANA DE SANTIAGO", "provincia": "Santiago", "totalapellido": 1, "totalcomuna": 83246, "prct_apellido": 0.0012, "Frecuencia provincia": 0.017023, "Frecuencia región": 0.018986, "cod_comuna": "13109"}, {"comuna": "ÑUÑOA", "region": "13. REGION METROPOLITANA DE SANTIAGO", "provincia": "Santiago", "totalapellido": 3, "totalcomuna": 197198, "prct_apellido": 0.0015, "Frecuencia provincia": 0.017023, "Frecuencia región": 0.018986, "cod_comuna": "13120"}, {"comuna": "QUINTA NORMAL", "region": "13. REGION METROPOLITANA DE SANTIAGO", "provincia": "Santiago", "totalapellido": 1, "totalcomuna": 102529, "prct_apellido": 0.001, "Frecuencia provincia": 0.017023, "Frecuencia región": 0.018986, "cod_comuna": "13126"}, {"comuna": "ESTACION CENTRAL", "region": "13. REGION METROPOLITANA DE SANTIAGO", "provincia": "Santiago", "totalapellido": 2, "totalcomuna": 127214, "prct_apellido": 0.0016, "Frecuencia provincia": 0.017023, "Frecuencia región": 0.018986, "cod_comuna": "13106"}, {"comuna": "CALAMA", "region": "02. REGION DE ANTOFAGASTA", "provincia": "El Loa", "totalapellido": 1, "totalcomuna": 132333, "prct_apellido": 0.0008, "Frecuencia provincia": 0.035053, "Frecuencia región": 0.025007, "cod_comuna": "02201"}, {"comuna": "LA SERENA", "region": "04. REGION DE COQUIMBO", "provincia": "Elqui", "totalapellido": 1, "totalcomuna": 174853, "prct_apellido": 0.0006, "Frecuencia provincia": 0.034381, "Frecuencia región": 0.046565, "cod_comuna": "04101"}, {"comuna": "PEÑALOLEN", "region": "13. REGION METROPOLITANA DE SANTIAGO", "provincia": "Santiago", "totalapellido": 1, "totalcomuna": 191707, "prct_apellido": 0.0005, "Frecuencia provincia": 0.017023, "Frecuencia región": 0.018986, "cod_comuna": "13122"}, {"comuna": "MAIPU", "region": "13. REGION METROPOLITANA DE SANTIAGO", "provincia": "Santiago", "totalapellido": 6, "totalcomuna": 389758, "prct_apellido": 0.0015, "Frecuencia provincia": 0.017023, "Frecuencia región": 0.018986, "cod_comuna": "13119"}, {"comuna": "CONCEPCION", "region": "08. REGION DEL BIOBIO", "provincia": "Concepción", "totalapellido": 1, "totalcomuna": 201066, "prct_apellido": 0.0005, "Frecuencia provincia": 0.045559, "Frecuencia región": 0.056049, "cod_comuna": "08101"}, {"comuna": "SAN BERNARDO", "region": "13. REGION METROPOLITANA DE SANTIAGO", "provincia": "Maipo", "totalapellido": 2, "totalcomuna": 228196, "prct_apellido": 0.0009, "Frecuencia provincia": 0.033289, "Frecuencia región": 0.018986, "cod_comuna": "13401"}, {"comuna": "VALPARAISO", "region": "05. REGION DE VALPARAISO", "provincia": "Valparaíso", "totalapellido": 1, "totalcomuna": 290125, "prct_apellido": 0.0003, "Frecuencia provincia": 0.017698, "Frecuencia región": 0.029341, "cod_comuna": "05101"}, {"comuna": "VIÑA DEL MAR", "region": "05. REGION DE VALPARAISO", "provincia": "Valparaíso", "totalapellido": 3, "totalcomuna": 301370, "prct_apellido": 0.001, "Frecuencia provincia": 0.017698, "Frecuencia región": 0.029341, "cod_comuna": "05109"}, {"comuna": "LA FLORIDA", "region": "13. REGION METROPOLITANA DE SANTIAGO", "provincia": "Santiago", "totalapellido": 1, "totalcomuna": 307414, "prct_apellido": 0.0003, "Frecuencia provincia": 0.017023, "Frecuencia región": 0.018986, "cod_comuna": "13110"}, {"comuna": "PUENTE ALTO", "region": "13. REGION METROPOLITANA DE SANTIAGO", "provincia": "Cordillera", "totalapellido": 3, "totalcomuna": 399739, "prct_apellido": 0.0008, "Frecuencia provincia": 0.019022, "Frecuencia región": 0.018986, "cod_comuna": "13201"}], "provincias": [], "regiones": []}