{"apellido": "MELIÑIR", "slug": "melinir", "comunas": [{"comuna": "LONQUIMAY", "region": "09. REGION DE LA ARAUCANIA", "provincia": "Malleco", "totalapellido": 239, "totalcomuna": 12215, "prct_apellido": 1.9566, "Frecuencia provincia": 0.133465, "Frecuencia región": 0.051873, "cod_comuna": "09205"}, {"comuna": "GALVARINO", "region": "09. REGION DE LA ARAUCANIA", "provincia": "Cautín", "totalapellido": 114, "totalcomuna": 12157, "prct_apellido": 0.9377, "Frecuencia provincia": 0.043946, "Frecuencia región": 0.051873, "cod_comuna": "09106"}, {"comuna": "PERQUENCO", "region": "09. REGION DE LA ARAUCANIA", "provincia": "Cautín", "totalapellido": 46, "totalcomuna": 6821, "prct_apellido": 0.6744, "Frecuencia provincia": 0.043946, "Frecuencia región": 0.051873, "cod_comuna": "09113"}, {"comuna": "LUMACO", "region": "09. REGION DE LA ARAUCANIA", "provincia": "Malleco", "totalapellido": 41, "totalcomuna": 9284, "prct_apellido": 0.4416, "Frecuencia provincia": 0.133465, "Frecuencia región": 0.051873, "cod_comuna": "09207"}, {"comuna": "CHOLCHOL", "region": "09. REGION DE LA ARAUCANIA", "provincia": "Cautín", "totalapellido": 34, "totalcomuna": 11095, "prct_apellido": 0.3064, "Frecuencia provincia": 0.043946, "Frecuencia región": 0.051873, "cod_comuna": "09121"}, {"comuna": "NUEVA IMPERIAL", "region": "09. REGION DE LA ARAUCANIA", "provincia": "Cautín", "totalapellido": 44, "totalcomuna": 30689, "prct_apellido": 0.1434, "Frecuencia provincia": 0.043946, "Frecuencia región": 0.051873, "cod_comuna": "09111"}, {"comuna": "SAN PEDRO", "region": "13. REGION METROPOLITANA DE SANTIAGO", "provincia": "Melipilla", "totalapellido": 5, "totalcomuna": 8486, "prct_apellido": 0.0589, "Frecuencia provincia": 0.072308, "Frecuencia región": 0.018986, "cod_comuna": "13505"}, {"comuna": "LAUTARO", "region": "09. REGION DE LA ARAUCANIA", "provincia": "Cautín", "totalapellido": 37, "totalcomuna": 34252, "prct_apellido": 0.108, "Frecuencia provincia": 0.043946, "Frecuencia región": 0.051873, "cod_comuna": "09108"}, {"comuna": "CARAHUE", "region": "09. REGION DE LA ARAUCANIA", "provincia": "Cautín", "totalapellido": 15, "totalcomuna": 24697, "prct_apellido": 0.0607, "Frecuencia provincia": 0.043946, "Frecuencia región": 0.051873, "cod_comuna": "09102"}, {"comuna": "TEODORO SCHMIDT", "region": "09. REGION DE LA ARAUCANIA", "provincia": "Cautín", "totalapellido": 6, "totalcomuna": 14036, "prct_apellido": 0.0427, "Frecuencia provincia": 0.043946, "Frecuencia región": 0.051873, "cod_comuna": "09117"}, {"comuna": "MELIPEUCO", "region": "09. REGION DE LA ARAUCANIA", "provincia": "Cautín", "totalapellido": 2, "totalcomuna": 7836, "prct_apellido": 0.0255, "Frecuencia provincia": 0.043946, "Frecuencia región": 0.051873, "cod_comuna": "09110"}, {"comuna": "VILCUN", "region": "09. REGION DE LA ARAUCANIA", "provincia": "Cautín", "totalapellido": 10, "totalcomuna": 24470, "prct_apellido": 0.0409, "Frecuencia provincia": 0.043946, "Frecuencia región": 0.051873, "cod_comuna": "09119"}, {"comuna": "CERRILLOS", "region": "13. REGION METROPOLITANA DE SANTIAGO", "provincia": "Santiago", "totalapellido": 19, "totalcomuna": 67537, "prct_apellido": 0.0281, "Frecuencia provincia": 0.017023, "Frecuencia región": 0.018986, "cod_comuna": "13102"}, {"comuna": "PUCON", "region": "09. REGION DE LA ARAUCANIA", "provincia": "Cautín", "totalapellido": 4, "totalcomuna": 28338, "prct_apellido": 0.0141, "Frecuencia provincia": 0.043946, "Frecuencia región": 0.051873, "cod_comuna": "09115"}, {"comuna": "LA GRANJA", "region": "13. REGION METROPOLITANA DE SANTIAGO", "provincia": "Santiago", "totalapellido": 15, "totalcomuna": 103905, "prct_apellido": 0.0144, "Frecuencia provincia": 0.017023, "Frecuencia región": 0.018986, "cod_comuna": "13111"}, {"comuna": "CAÑETE", "region": "08. REGION DEL BIOBIO", "provincia": "Arauco", "totalapellido": 4, "totalcomuna": 29478, "prct_apellido": 0.0136, "Frecuencia provincia": 0.169853, "Frecuencia región": 0.056049, "cod_comuna": "08203"}, {"comuna": "SAN PEDRO DE LA PAZ", "region": "08. REGION DEL BIOBIO", "provincia": "Concepción", "totalapellido": 12, "totalcomuna": 89479, "prct_apellido": 0.0134, "Frecuencia provincia": 0.045559, "Frecuencia región": 0.056049, "cod_comuna": "08108"}, {"comuna": "TEMUCO", "region": "09. REGION DE LA ARAUCANIA", "provincia": "Cautín", "totalapellido": 42, "totalcomuna": 236909, "prct_apellido": 0.0177, "Frecuencia provincia": 0.043946, "Frecuencia región": 0.051873, "cod_comuna": "09101"}, {"comuna": "EL CARMEN", "region": "16. REGION DE ÑUBLE", "provincia": "Diguillín", "totalapellido": 2, "totalcomuna": 12500, "prct_apellido": 0.016, "Frecuencia provincia": 0.065041, "Frecuencia región": 0.0859, "cod_comuna": "16104"}, {"comuna": "SAAVEDRA", "region": "09. REGION DE LA ARAUCANIA", "provincia": "Cautín", "totalapellido": 2, "totalcomuna": 13270, "prct_apellido": 0.0151, "Frecuencia provincia": 0.043946, "Frecuencia región": 0.051873, "cod_comuna": "09116"}, {"comuna": "LO PRADO", "region": "13. REGION METROPOLITANA DE SANTIAGO", "provincia": "Santiago", "totalapellido": 9, "totalcomuna": 88885, "prct_apellido": 0.0101, "Frecuencia provincia": 0.017023, "Frecuencia región": 0.018986, "cod_comuna": "13117"}, {"comuna": "VICTORIA", "region": "09. REGION DE LA ARAUCANIA", "provincia": "Malleco", "totalapellido": 2, "totalcomuna": 32716, "prct_apellido": 0.0061, "Frecuencia provincia": 0.133465, "Frecuencia región": 0.051873, "cod_comuna": "09211"}, {"comuna": "LOS ALAMOS", "region": "08. REGION DEL BIOBIO", "provincia": "Arauco", "totalapellido": 1, "totalcomuna": 18060, "prct_apellido": 0.0055, "Frecuencia provincia": 0.169853, "Frecuencia región": 0.056049, "cod_comuna": "08206"}, {"comuna": "HUECHURABA", "region": "13. REGION METROPOLITANA DE SANTIAGO", "provincia": "Santiago", "totalapellido": 5, "totalcomuna": 73498, "prct_apellido": 0.0068, "Frecuencia provincia": 0.017023, "Frecuencia región": 0.018986, "cod_comuna": "13107"}, {"comuna": "CERRO NAVIA", "region": "13. REGION METROPOLITANA DE SANTIAGO", "provincia": "Santiago", "totalapellido": 7, "totalcomuna": 115479, "prct_apellido": 0.0061, "Frecuencia provincia": 0.017023, "Frecuencia región": 0.018986, "cod_comuna": "13103"}, {"comuna": "PADRE LAS CASAS", "region": "09. REGION DE LA ARAUCANIA", "provincia": "Cautín", "totalapellido": 3, "totalcomuna": 58858, "prct_apellido": 0.0051, "Frecuencia provincia": 0.043946, "Frecuencia región": 0.051873, "cod_comuna": "09112"}, {"comuna": "MACUL", "region": "13. REGION METROPOLITANA DE SANTIAGO", "provincia": "Santiago", "totalapellido": 12, "totalcomuna": 101340, "prct_apellido": 0.0118, "Frecuencia provincia": 0.017023, "Frecuencia región": 0.018986, "cod_comuna": "13118"}, {"comuna": "LAS CABRAS", "region": "06. REGION DEL LIBERTADOR GENERAL BERNARDO O'HIGGINS", "provincia": "Cachapoal", "totalapellido": 2, "totalcomuna": 20393, "prct_apellido": 0.0098, "Frecuencia provincia": 0.061427, "Frecuencia región": 0.074338, "cod_comuna": "06107"}, {"comuna": "SAN RAMON", "region": "13. REGION METROPOLITANA DE SANTIAGO", "provincia": "Santiago", "totalapellido": 10, "totalcomuna": 81793, "prct_apellido": 0.0122, "Frecuencia provincia": 0.017023, "Frecuencia región": 0.018986, "cod_comuna": "13131"}, {"comuna": "TALCAHUANO", "region": "08. REGION DEL BIOBIO", "provincia": "Concepción", "totalapellido": 8, "totalcomuna": 132327, "prct_apellido": 0.006, "Frecuencia provincia": 0.045559, "Frecuencia región": 0.056049, "cod_comuna": "08110"}, {"comuna": "SAN BERNARDO", "region": "13. REGION METROPOLITANA DE SANTIAGO", "provincia": "Maipo", "totalapellido": 14, "totalcomuna": 228196, "prct_apellido": 0.0061, "Frecuencia provincia": 0.033289, "Frecuencia región": 0.018986, "cod_comuna": "13401"}, {"comuna": "FREIRE", "region": "09. REGION DE LA ARAUCANIA", "provincia": "Cautín", "totalapellido": 2, "totalcomuna": 22845, "prct_apellido": 0.0088, "Frecuencia provincia": 0.043946, "Frecuencia región": 0.051873, "cod_comuna": "09105"}, {"comuna": "REQUINOA", "region": "06. REGION DEL LIBERTADOR GENERAL BERNARDO O'HIGGINS", "provincia": "Cachapoal", "totalapellido": 2, "totalcomuna": 23028, "prct_apellido": 0.0087, "Frecuencia provincia": 0.061427, "Frecuencia región": 0.074338, "cod_comuna": "06116"}, {"comuna": "PEDRO AGUIRRE CERDA", "region": "13. REGION METROPOLITANA DE SANTIAGO", "provincia": "Santiago", "totalapellido": 4, "totalcomuna": 93161, "prct_apellido": 0.0043, "Frecuencia provincia": 0.017023, "Frecuencia región": 0.018986, "cod_comuna": "13121"}, {"comuna": "CABRERO", "region": "08. REGION DEL BIOBIO", "provincia": "Biobío", "totalapellido": 1, "totalcomuna": 25103, "prct_apellido": 0.004, "Frecuencia provincia": 0.077416, "Frecuencia región": 0.056049, "cod_comuna": "08303"}, {"comuna": "LONGAVI", "region": "07. REGION DEL MAULE", "provincia": "Linares", "totalapellido": 1, "totalcomuna": 26725, "prct_apellido": 0.0037, "Frecuencia provincia": 0.120949, "Frecuencia región": 0.082553, "cod_comuna": "07403"}, {"comuna": "PEÑALOLEN", "region": "13. REGION METROPOLITANA DE SANTIAGO", "provincia": "Santiago", "totalapellido": 11, "totalcomuna": 191707, "prct_apellido": 0.0057, "Frecuencia provincia": 0.017023, "Frecuencia región": 0.018986, "cod_comuna": "13122"}, {"comuna": "LA PINTANA", "region": "13. REGION METROPOLITANA DE SANTIAGO", "provincia": "Santiago", "totalapellido": 5, "totalcomuna": 139100, "prct_apellido": 0.0036, "Frecuencia provincia": 0.017023, "Frecuencia región": 0.018986, "cod_comuna": "13112"}, {"comuna": "ISLA DE MAIPO", "region": "13. REGION METROPOLITANA DE SANTIAGO", "provincia": "Talagante", "totalapellido": 3, "totalcomuna": 27965, "prct_apellido": 0.0107, "Frecuencia provincia": 0.065142, "Frecuencia región": 0.018986, "cod_comuna": "13603"}, {"comuna": "LO ESPEJO", "region": "13. REGION METROPOLITANA DE SANTIAGO", "provincia": "Santiago", "totalapellido": 5, "totalcomuna": 90849, "prct_apellido": 0.0055, "Frecuencia provincia": 0.017023, "Frecuencia región": 0.018986, "cod_comuna": "13116"}, {"comuna": "PUDAHUEL", "region": "13. REGION METROPOLITANA DE SANTIAGO", "provincia": "Santiago", "totalapellido": 12, "totalcomuna": 168984, "prct_apellido": 0.0071, "Frecuencia provincia": 0.017023, "Frecuencia región": 0.018986, "cod_comuna": "13124"}, {"comuna": "QUILICURA", "region": "13. REGION METROPOLITANA DE SANTIAGO", "provincia": "Santiago", "totalapellido": 4, "totalcomuna": 139914, "prct_apellido": 0.0029, "Frecuencia provincia": 0.017023, "Frecuencia región": 0.018986, "cod_comuna": "13125"}, {"comuna": "RENCA", "region": "13. REGION METROPOLITANA DE SANTIAGO", "provincia": "Santiago", "totalapellido": 11, "totalcomuna": 116730, "prct_apellido": 0.0094, "Frecuencia provincia": 0.017023, "Frecuencia región": 0.018986, "cod_comuna": "13128"}, {"comuna": "PUENTE ALTO", "region": "13. REGION METROPOLITANA DE SANTIAGO", "provincia": "Cordillera", "totalapellido": 17, "totalcomuna": 399739, "prct_apellido": 0.0043, "Frecuencia provincia": 0.019022, "Frecuencia región": 0.018986, "cod_comuna": "13201"}, {"comuna": "PENCO", "region": "08. REGION DEL BIOBIO", "provincia": "Concepción", "totalapellido": 1, "totalcomuna": 42200, "prct_apellido": 0.0024, "Frecuencia provincia": 0.045559, "Frecuencia región": 0.056049, "cod_comuna": "08107"}, {"comuna": "ANGOL", "region": "09. REGION DE LA ARAUCANIA", "provincia": "Malleco", "totalapellido": 2, "totalcomuna": 47137, "prct_apellido": 0.0042, "Frecuencia provincia": 0.133465, "Frecuencia región": 0.051873, "cod_comuna": "09201"}, {"comuna": "LOTA", "region": "08. REGION DEL BIOBIO", "provincia": "Concepción", "totalapellido": 1, "totalcomuna": 47936, "prct_apellido": 0.0021, "Frecuencia provincia": 0.045559, "Frecuencia región": 0.056049, "cod_comuna": "08106"}, {"comuna": "LA FLORIDA", "region": "13. REGION METROPOLITANA DE SANTIAGO", "provincia": "Santiago", "totalapellido": 13, "totalcomuna": 307414, "prct_apellido": 0.0042, "Frecuencia provincia": 0.017023, "Frecuencia región": 0.018986, "cod_comuna": "13110"}, {"comuna": "QUINTA NORMAL", "region": "13. REGION METROPOLITANA DE SANTIAGO", "provincia": "Santiago", "totalapellido": 6, "totalcomuna": 102529, "prct_apellido": 0.0059, "Frecuencia provincia": 0.017023, "Frecuencia región": 0.018986, "cod_comuna": "13126"}, {"comuna": "PAINE", "region": "13. REGION METROPOLITANA DE SANTIAGO", "provincia": "Maipo", "totalapellido": 3, "totalcomuna": 53793, "prct_apellido": 0.0056, "Frecuencia provincia": 0.033289, "Frecuencia región": 0.018986, "cod_comuna": "13404"}, {"comuna": "COIHAIQUE", "region": "11. REGION DE AYSEN DEL GENERAL CARLOS IBAÑEZ DEL CAMPO", "provincia": NaN, "totalapellido": 1, "totalcomuna": 54229, "prct_apellido": 0.0018, "Frecuencia provincia": NaN, "Frecuencia región": 0.077233, "cod_comuna": null}, {"comuna": "ALTO HOSPICIO", "region": "01. REGION DE TARAPACA", "provincia": "Iquique", "totalapellido": 1, "totalcomuna": 58683, "prct_apellido": 0.0017, "Frecuencia provincia": 0.023146, "Frecuencia región": 0.02576, "cod_comuna": "01107"}, {"comuna": "CURICO", "region": "07. REGION DEL MAULE", "provincia": "Curicó", "totalapellido": 5, "totalcomuna": 117810, "prct_apellido": 0.0042, "Frecuencia provincia": 0.081137, "Frecuencia región": 0.082553, "cod_comuna": "07301"}, {"comuna": "COPIAPO", "region": "03. REGION DE ATACAMA", "provincia": "Copiapó", "totalapellido": 5, "totalcomuna": 123973, "prct_apellido": 0.004, "Frecuencia provincia": 0.043922, "Frecuencia región": 0.058317, "cod_comuna": "03101"}, {"comuna": "SAN FERNANDO", "region": "06. REGION DEL LIBERTADOR GENERAL BERNARDO O'HIGGINS", "provincia": "Colchagua", "totalapellido": 1, "totalcomuna": 62989, "prct_apellido": 0.0016, "Frecuencia provincia": 0.12967, "Frecuencia región": 0.074338, "cod_comuna": "06301"}, {"comuna": "EL BOSQUE", "region": "13. REGION METROPOLITANA DE SANTIAGO", "provincia": "Santiago", "totalapellido": 8, "totalcomuna": 137677, "prct_apellido": 0.0058, "Frecuencia provincia": 0.017023, "Frecuencia región": 0.018986, "cod_comuna": "13105"}, {"comuna": "RECOLETA", "region": "13. REGION METROPOLITANA DE SANTIAGO", "provincia": "Santiago", "totalapellido": 3, "totalcomuna": 142696, "prct_apellido": 0.0021, "Frecuencia provincia": 0.017023, "Frecuencia región": 0.018986, "cod_comuna": "13127"}, {"comuna": "HUALPEN", "region": "08. REGION DEL BIOBIO", "provincia": "Concepción", "totalapellido": 7, "totalcomuna": 77561, "prct_apellido": 0.009, "Frecuencia provincia": 0.045559, "Frecuencia región": 0.056049, "cod_comuna": "08112"}, {"comuna": "LO BARNECHEA", "region": "13. REGION METROPOLITANA DE SANTIAGO", "provincia": "Santiago", "totalapellido": 1, "totalcomuna": 82669, "prct_apellido": 0.0012, "Frecuencia provincia": 0.017023, "Frecuencia región": 0.018986, "cod_comuna": "13115"}, {"comuna": "SANTIAGO", "region": "13. REGION METROPOLITANA DE SANTIAGO", "provincia": "Santiago", "totalapellido": 8, "totalcomuna": 340282, "prct_apellido": 0.0024, "Frecuencia provincia": 0.017023, "Frecuencia región": 0.018986, "cod_comuna": "13101"}, {"comuna": "VITACURA", "region": "13. REGION METROPOLITANA DE SANTIAGO", "provincia": "Santiago", "totalapellido": 2, "totalcomuna": 89311, "prct_apellido": 0.0022, "Frecuencia provincia": 0.017023, "Frecuencia región": 0.018986, "cod_comuna": "13132"}, {"comuna": "LA REINA", "region": "13. REGION METROPOLITANA DE SANTIAGO", "provincia": "Santiago", "totalapellido": 1, "totalcomuna": 91556, "prct_apellido": 0.0011, "Frecuencia provincia": 0.017023, "Frecuencia región": 0.018986, "cod_comuna": "13113"}, {"comuna": "MELIPILLA", "region": "13. REGION METROPOLITANA DE SANTIAGO", "provincia": "Melipilla", "totalapellido": 2, "totalcomuna": 97217, "prct_apellido": 0.0021, "Frecuencia provincia": 0.072308, "Frecuencia región": 0.018986, "cod_comuna": "13501"}, {"comuna": "RANCAGUA", "region": "06. REGION DEL LIBERTADOR GENERAL BERNARDO O'HIGGINS", "provincia": "Cachapoal", "totalapellido": 8, "totalcomuna": 194487, "prct_apellido": 0.0041, "Frecuencia provincia": 0.061427, "Frecuencia región": 0.074338, "cod_comuna": "06101"}, {"comuna": "MAIPU", "region": "13. REGION METROPOLITANA DE SANTIAGO", "provincia": "Santiago", "totalapellido": 15, "totalcomuna": 389758, "prct_apellido": 0.0038, "Frecuencia provincia": 0.017023, "Frecuencia región": 0.018986, "cod_comuna": "13119"}, {"comuna": "PUNTA ARENAS", "region": "12. REGION DE MAGALLANES Y DE LA ANTARTICA CHILENA", "provincia": "Magallanes", "totalapellido": 2, "totalcomuna": 122525, "prct_apellido": 0.0016, "Frecuencia provincia": 0.031287, "Frecuencia región": 0.037004, "cod_comuna": "12101"}, {"comuna": "ESTACION CENTRAL", "region": "13. REGION METROPOLITANA DE SANTIAGO", "provincia": "Santiago", "totalapellido": 2, "totalcomuna": 127214, "prct_apellido": 0.0016, "Frecuencia provincia": 0.017023, "Frecuencia región": 0.018986, "cod_comuna": "13106"}, {"comuna": "VALDIVIA", "region": "14. REGION DE LOS RIOS", "provincia": "Valdivia", "totalapellido": 5, "totalcomuna": 138619, "prct_apellido": 0.0036, "Frecuencia provincia": 0.046113, "Frecuencia región": 0.0544, "cod_comuna": "14101"}, {"comuna": "VALPARAISO", "region": "05. REGION DE VALPARAISO", "provincia": "Valparaíso", "totalapellido": 2, "totalcomuna": 290125, "prct_apellido": 0.0007, "Frecuencia provincia": 0.017698, "Frecuencia región": 0.029341, "cod_comuna": "05101"}, {"comuna": "CHILLAN", "region": "16. REGION DE ÑUBLE", "provincia": "Diguillín", "totalapellido": 3, "totalcomuna": 152723, "prct_apellido": 0.002, "Frecuencia provincia": 0.065041, "Frecuencia región": 0.0859, "cod_comuna": "16101"}, {"comuna": "LOS ANGELES", "region": "08. REGION DEL BIOBIO", "provincia": "Biobío", "totalapellido": 3, "totalcomuna": 162845, "prct_apellido": 0.0018, "Frecuencia provincia": 0.077416, "Frecuencia región": 0.056049, "cod_comuna": "08301"}, {"comuna": "IQUIQUE", "region": "01. REGION DE TARAPACA", "provincia": "Iquique", "totalapellido": 2, "totalcomuna": 167553, "prct_apellido": 0.0012, "Frecuencia provincia": 0.023146, "Frecuencia región": 0.02576, "cod_comuna": "01101"}, {"comuna": "PROVIDENCIA", "region": "13. REGION METROPOLITANA DE SANTIAGO", "provincia": "Santiago", "totalapellido": 1, "totalcomuna": 170255, "prct_apellido": 0.0006, "Frecuencia provincia": 0.017023, "Frecuencia región": 0.018986, "cod_comuna": "13123"}, {"comuna": "PUERTO MONTT", "region": "10. REGION DE LOS LAGOS", "provincia": "Llanquihue", "totalapellido": 6, "totalcomuna": 186565, "prct_apellido": 0.0032, "Frecuencia provincia": 0.042563, "Frecuencia región": 0.052521, "cod_comuna": "10101"}, {"comuna": "CONCEPCION", "region": "08. REGION DEL BIOBIO", "provincia": "Concepción", "totalapellido": 1, "totalcomuna": 201066, "prct_apellido": 0.0005, "Frecuencia provincia": 0.045559, "Frecuencia región": 0.056049, "cod_comuna": "08101"}, {"comuna": "LAS CONDES", "region": "13. REGION METROPOLITANA DE SANTIAGO", "provincia": "Santiago", "totalapellido": 2, "totalcomuna": 269517, "prct_apellido": 0.0007, "Frecuencia provincia": 0.017023, "Frecuencia región": 0.018986, "cod_comuna": "13114"}], "provincias": [], "regiones": []}