{"apellido": "MELLIO", "slug": "mellio", "comunas": [{"comuna": "ERCILLA", "region": "09. REGION DE LA ARAUCANIA", "provincia": "Malleco", "totalapellido": 15, "totalcomuna": 8142, "prct_apellido": 0.1842, "Frecuencia provincia": 0.133465, "Frecuencia región": 0.051873, "cod_comuna": "09204"}, {"comuna": "COLLIPULLI", "region": "09. REGION DE LA ARAUCANIA", "provincia": "Malleco", "totalapellido": 4, "totalcomuna": 22160, "prct_apellido": 0.0181, "Frecuencia provincia": 0.133465, "Frecuencia región": 0.051873, "cod_comuna": "09202"}, {"comuna": "GRANEROS", "region": "06. REGION DEL LIBERTADOR GENERAL BERNARDO O'HIGGINS", "provincia": "Cachapoal", "totalapellido": 3, "totalcomuna": 26877, "prct_apellido": 0.0112, "Frecuencia provincia": 0.061427, "Frecuencia región": 0.074338, "cod_comuna": "06106"}, {"comuna": "ANGOL", "region": "09. REGION DE LA ARAUCANIA", "provincia": "Malleco", "totalapellido": 2, "totalcomuna": 47137, "prct_apellido": 0.0042, "Frecuencia provincia": 0.133465, "Frecuencia región": 0.051873, "cod_comuna": "09201"}, {"comuna": "SAN CARLOS", "region": "16. REGION DE ÑUBLE", "provincia": "Punilla", "totalapellido": 1, "totalcomuna": 47717, "prct_apellido": 0.0021, "Frecuencia provincia": 0.169589, "Frecuencia región": 0.0859, "cod_comuna": "16301"}, {"comuna": "ESTACION CENTRAL", "region": "13. REGION METROPOLITANA DE SANTIAGO", "provincia": "Santiago", "totalapellido": 1, "totalcomuna": 127214, "prct_apellido": 0.0008, "Frecuencia provincia": 0.017023, "Frecuencia región": 0.018986, "cod_comuna": "13106"}, {"comuna": "TALCAHUANO", "region": "08. REGION DEL BIOBIO", "provincia": "Concepción", "totalapellido": 1, "totalcomuna": 132327, "prct_apellido": 0.0008, "Frecuencia provincia": 0.045559, "Frecuencia región": 0.056049, "cod_comuna": "08110"}], "provincias": [], "regiones": []}