{"apellido": "MENCHACA", "slug": "menchaca", "comunas": [{"comuna": "PORTEZUELO", "region": "16. REGION DE ÑUBLE", "provincia": "Itata", "totalapellido": 1, "totalcomuna": 5845, "prct_apellido": 0.0171, "Frecuencia provincia": 0.295621, "Frecuencia región": 0.0859, "cod_comuna": "16205"}, {"comuna": "SAN PEDRO DE ATACAMA", "region": "02. REGION DE ANTOFAGASTA", "provincia": "El Loa", "totalapellido": 1, "totalcomuna": 7194, "prct_apellido": 0.0139, "Frecuencia provincia": 0.035053, "Frecuencia región": 0.025007, "cod_comuna": "02203"}, {"comuna": "VITACURA", "region": "13. REGION METROPOLITANA DE SANTIAGO", "provincia": "Santiago", "totalapellido": 16, "totalcomuna": 89311, "prct_apellido": 0.0179, "Frecuencia provincia": 0.017023, "Frecuencia región": 0.018986, "cod_comuna": "13132"}, {"comuna": "LO BARNECHEA", "region": "13. REGION METROPOLITANA DE SANTIAGO", "provincia": "Santiago", "totalapellido": 12, "totalcomuna": 82669, "prct_apellido": 0.0145, "Frecuencia provincia": 0.017023, "Frecuencia región": 0.018986, "cod_comuna": "13115"}, {"comuna": "SANTO DOMINGO", "region": "05. REGION DE VALPARAISO", "provincia": "San Antonio", "totalapellido": 1, "totalcomuna": 11535, "prct_apellido": 0.0087, "Frecuencia provincia": 0.076723, "Frecuencia región": 0.029341, "cod_comuna": "05606"}, {"comuna": "PUYEHUE", "region": "10. REGION DE LOS LAGOS", "provincia": "Osorno", "totalapellido": 2, "totalcomuna": 11597, "prct_apellido": 0.0172, "Frecuencia provincia": 0.047856, "Frecuencia región": 0.052521, "cod_comuna": "10304"}, {"comuna": "LONGAVI", "region": "07. REGION DEL MAULE", "provincia": "Linares", "totalapellido": 2, "totalcomuna": 26725, "prct_apellido": 0.0075, "Frecuencia provincia": 0.120949, "Frecuencia región": 0.082553, "cod_comuna": "07403"}, {"comuna": "ALGARROBO", "region": "05. REGION DE VALPARAISO", "provincia": "San Antonio", "totalapellido": 1, "totalcomuna": 13779, "prct_apellido": 0.0073, "Frecuencia provincia": 0.076723, "Frecuencia región": 0.029341, "cod_comuna": "05602"}, {"comuna": "CHIMBARONGO", "region": "06. REGION DEL LIBERTADOR GENERAL BERNARDO O'HIGGINS", "provincia": "Colchagua", "totalapellido": 3, "totalcomuna": 30510, "prct_apellido": 0.0098, "Frecuencia provincia": 0.12967, "Frecuencia región": 0.074338, "cod_comuna": "06303"}, {"comuna": "LAS CONDES", "region": "13. REGION METROPOLITANA DE SANTIAGO", "provincia": "Santiago", "totalapellido": 21, "totalcomuna": 269517, "prct_apellido": 0.0078, "Frecuencia provincia": 0.017023, "Frecuencia región": 0.018986, "cod_comuna": "13114"}, {"comuna": "COLBUN", "region": "07. REGION DEL MAULE", "provincia": "Linares", "totalapellido": 1, "totalcomuna": 18445, "prct_apellido": 0.0054, "Frecuencia provincia": 0.120949, "Frecuencia región": 0.082553, "cod_comuna": "07402"}, {"comuna": "SAN FERNANDO", "region": "06. REGION DEL LIBERTADOR GENERAL BERNARDO O'HIGGINS", "provincia": "Colchagua", "totalapellido": 6, "totalcomuna": 62989, "prct_apellido": 0.0095, "Frecuencia provincia": 0.12967, "Frecuencia región": 0.074338, "cod_comuna": "06301"}, {"comuna": "LEBU", "region": "08. REGION DEL BIOBIO", "provincia": "Arauco", "totalapellido": 1, "totalcomuna": 22309, "prct_apellido": 0.0045, "Frecuencia provincia": 0.169853, "Frecuencia región": 0.056049, "cod_comuna": "08201"}, {"comuna": "TENO", "region": "07. REGION DEL MAULE", "provincia": "Curicó", "totalapellido": 2, "totalcomuna": 24958, "prct_apellido": 0.008, "Frecuencia provincia": 0.081137, "Frecuencia región": 0.082553, "cod_comuna": "07308"}, {"comuna": "PROVIDENCIA", "region": "13. REGION METROPOLITANA DE SANTIAGO", "provincia": "Santiago", "totalapellido": 13, "totalcomuna": 170255, "prct_apellido": 0.0076, "Frecuencia provincia": 0.017023, "Frecuencia región": 0.018986, "cod_comuna": "13123"}, {"comuna": "LA REINA", "region": "13. REGION METROPOLITANA DE SANTIAGO", "provincia": "Santiago", "totalapellido": 5, "totalcomuna": 91556, "prct_apellido": 0.0055, "Frecuencia provincia": 0.017023, "Frecuencia región": 0.018986, "cod_comuna": "13113"}, {"comuna": "SAN BERNARDO", "region": "13. REGION METROPOLITANA DE SANTIAGO", "provincia": "Maipo", "totalapellido": 8, "totalcomuna": 228196, "prct_apellido": 0.0035, "Frecuencia provincia": 0.033289, "Frecuencia región": 0.018986, "cod_comuna": "13401"}, {"comuna": "CONCON", "region": "05. REGION DE VALPARAISO", "provincia": "Valparaíso", "totalapellido": 2, "totalcomuna": 39439, "prct_apellido": 0.0051, "Frecuencia provincia": 0.017698, "Frecuencia región": 0.029341, "cod_comuna": "05103"}, {"comuna": "ÑUÑOA", "region": "13. REGION METROPOLITANA DE SANTIAGO", "provincia": "Santiago", "totalapellido": 8, "totalcomuna": 197198, "prct_apellido": 0.0041, "Frecuencia provincia": 0.017023, "Frecuencia región": 0.018986, "cod_comuna": "13120"}, {"comuna": "SAN PEDRO DE LA PAZ", "region": "08. REGION DEL BIOBIO", "provincia": "Concepción", "totalapellido": 2, "totalcomuna": 89479, "prct_apellido": 0.0022, "Frecuencia provincia": 0.045559, "Frecuencia región": 0.056049, "cod_comuna": "08108"}, {"comuna": "COLINA", "region": "13. REGION METROPOLITANA DE SANTIAGO", "provincia": "Chacabuco", "totalapellido": 3, "totalcomuna": 90446, "prct_apellido": 0.0033, "Frecuencia provincia": 0.035407, "Frecuencia región": 0.018986, "cod_comuna": "13301"}, {"comuna": "QUILICURA", "region": "13. REGION METROPOLITANA DE SANTIAGO", "provincia": "Santiago", "totalapellido": 5, "totalcomuna": 139914, "prct_apellido": 0.0036, "Frecuencia provincia": 0.017023, "Frecuencia región": 0.018986, "cod_comuna": "13125"}, {"comuna": "ANGOL", "region": "09. REGION DE LA ARAUCANIA", "provincia": "Malleco", "totalapellido": 2, "totalcomuna": 47137, "prct_apellido": 0.0042, "Frecuencia provincia": 0.133465, "Frecuencia región": 0.051873, "cod_comuna": "09201"}, {"comuna": "CONCEPCION", "region": "08. REGION DEL BIOBIO", "provincia": "Concepción", "totalapellido": 8, "totalcomuna": 201066, "prct_apellido": 0.004, "Frecuencia provincia": 0.045559, "Frecuencia región": 0.056049, "cod_comuna": "08101"}, {"comuna": "SANTIAGO", "region": "13. REGION METROPOLITANA DE SANTIAGO", "provincia": "Santiago", "totalapellido": 8, "totalcomuna": 340282, "prct_apellido": 0.0024, "Frecuencia provincia": 0.017023, "Frecuencia región": 0.018986, "cod_comuna": "13101"}, {"comuna": "ESTACION CENTRAL", "region": "13. REGION METROPOLITANA DE SANTIAGO", "provincia": "Santiago", "totalapellido": 2, "totalcomuna": 127214, "prct_apellido": 0.0016, "Frecuencia provincia": 0.017023, "Frecuencia región": 0.018986, "cod_comuna": "13106"}, {"comuna": "LINARES", "region": "07. REGION DEL MAULE", "provincia": "Linares", "totalapellido": 5, "totalcomuna": 81744, "prct_apellido": 0.0061, "Frecuencia provincia": 0.120949, "Frecuencia región": 0.082553, "cod_comuna": "07401"}, {"comuna": "PEÑALOLEN", "region": "13. REGION METROPOLITANA DE SANTIAGO", "provincia": "Santiago", "totalapellido": 2, "totalcomuna": 191707, "prct_apellido": 0.001, "Frecuencia provincia": 0.017023, "Frecuencia región": 0.018986, "cod_comuna": "13122"}, {"comuna": "MACUL", "region": "13. REGION METROPOLITANA DE SANTIAGO", "provincia": "Santiago", "totalapellido": 2, "totalcomuna": 101340, "prct_apellido": 0.002, "Frecuencia provincia": 0.017023, "Frecuencia región": 0.018986, "cod_comuna": "13118"}, {"comuna": "CERRO NAVIA", "region": "13. REGION METROPOLITANA DE SANTIAGO", "provincia": "Santiago", "totalapellido": 3, "totalcomuna": 115479, "prct_apellido": 0.0026, "Frecuencia provincia": 0.017023, "Frecuencia región": 0.018986, "cod_comuna": "13103"}, {"comuna": "PUNTA ARENAS", "region": "12. REGION DE MAGALLANES Y DE LA ANTARTICA CHILENA", "provincia": "Magallanes", "totalapellido": 3, "totalcomuna": 122525, "prct_apellido": 0.0024, "Frecuencia provincia": 0.031287, "Frecuencia región": 0.037004, "cod_comuna": "12101"}, {"comuna": "PUENTE ALTO", "region": "13. REGION METROPOLITANA DE SANTIAGO", "provincia": "Cordillera", "totalapellido": 4, "totalcomuna": 399739, "prct_apellido": 0.001, "Frecuencia provincia": 0.019022, "Frecuencia región": 0.018986, "cod_comuna": "13201"}, {"comuna": "VALDIVIA", "region": "14. REGION DE LOS RIOS", "provincia": "Valdivia", "totalapellido": 1, "totalcomuna": 138619, "prct_apellido": 0.0007, "Frecuencia provincia": 0.046113, "Frecuencia región": 0.0544, "cod_comuna": "14101"}, {"comuna": "RECOLETA", "region": "13. REGION METROPOLITANA DE SANTIAGO", "provincia": "Santiago", "totalapellido": 1, "totalcomuna": 142696, "prct_apellido": 0.0007, "Frecuencia provincia": 0.017023, "Frecuencia región": 0.018986, "cod_comuna": "13127"}, {"comuna": "VIÑA DEL MAR", "region": "05. REGION DE VALPARAISO", "provincia": "Valparaíso", "totalapellido": 2, "totalcomuna": 301370, "prct_apellido": 0.0007, "Frecuencia provincia": 0.017698, "Frecuencia región": 0.029341, "cod_comuna": "05109"}], "provincias": [], "regiones": []}