{"apellido": "KUBIERSCHKY", "slug": "kubierschky", "comunas": [{"comuna": "OLMUE", "region": "05. REGION DE VALPARAISO", "provincia": "Marga Marga", "totalapellido": 12, "totalcomuna": 16406, "prct_apellido": 0.0731, "Frecuencia provincia": 0.034753, "Frecuencia región": 0.029341, "cod_comuna": "05803"}, {"comuna": "QUILPUE", "region": "05. REGION DE VALPARAISO", "provincia": "Marga Marga", "totalapellido": 2, "totalcomuna": 134448, "prct_apellido": 0.0015, "Frecuencia provincia": 0.034753, "Frecuencia región": 0.029341, "cod_comuna": "05801"}], "provincias": [], "regiones": []}