{"apellido": "KUMMERLE", "slug": "kummerle", "comunas": [{"comuna": "LOS LAGOS", "region": "14. REGION DE LOS RIOS", "provincia": "Valdivia", "totalapellido": 3, "totalcomuna": 19069, "prct_apellido": 0.0157, "Frecuencia provincia": 0.046113, "Frecuencia región": 0.0544, "cod_comuna": "14104"}, {"comuna": "PAILLACO", "region": "14. REGION DE LOS RIOS", "provincia": "Valdivia", "totalapellido": 2, "totalcomuna": 19259, "prct_apellido": 0.0104, "Frecuencia provincia": 0.046113, "Frecuencia región": 0.0544, "cod_comuna": "14107"}], "provincias": [], "regiones": []}