{"apellido": "KUPPERMANN", "slug": "kuppermann", "comunas": [{"comuna": "SAN MIGUEL", "region": "13. REGION METROPOLITANA DE SANTIAGO", "provincia": "Santiago", "totalapellido": 2, "totalcomuna": 105090, "prct_apellido": 0.0019, "Frecuencia provincia": 0.017023, "Frecuencia región": 0.018986, "cod_comuna": "13130"}, {"comuna": "LO BARNECHEA", "region": "13. REGION METROPOLITANA DE SANTIAGO", "provincia": "Santiago", "totalapellido": 4, "totalcomuna": 82669, "prct_apellido": 0.0048, "Frecuencia provincia": 0.017023, "Frecuencia región": 0.018986, "cod_comuna": "13115"}, {"comuna": "VITACURA", "region": "13. REGION METROPOLITANA DE SANTIAGO", "provincia": "Santiago", "totalapellido": 1, "totalcomuna": 89311, "prct_apellido": 0.0011, "Frecuencia provincia": 0.017023, "Frecuencia región": 0.018986, "cod_comuna": "13132"}, {"comuna": "ÑUÑOA", "region": "13. REGION METROPOLITANA DE SANTIAGO", "provincia": "Santiago", "totalapellido": 2, "totalcomuna": 197198, "prct_apellido": 0.001, "Frecuencia provincia": 0.017023, "Frecuencia región": 0.018986, "cod_comuna": "13120"}, {"comuna": "LAS CONDES", "region": "13. REGION METROPOLITANA DE SANTIAGO", "provincia": "Santiago", "totalapellido": 2, "totalcomuna": 269517, "prct_apellido": 0.0007, "Frecuencia provincia": 0.017023, "Frecuencia región": 0.018986, "cod_comuna": "13114"}], "provincias": [], "regiones": []}