{"apellido": "KUSHNER", "slug": "kushner", "comunas": [{"comuna": "LA CISTERNA", "region": "13. REGION METROPOLITANA DE SANTIAGO", "provincia": "Santiago", "totalapellido": 1, "totalcomuna": 83246, "prct_apellido": 0.0012, "Frecuencia provincia": 0.017023, "Frecuencia región": 0.018986, "cod_comuna": "13109"}, {"comuna": "TALCAHUANO", "region": "08. REGION DEL BIOBIO", "provincia": "Concepción", "totalapellido": 1, "totalcomuna": 132327, "prct_apellido": 0.0008, "Frecuencia provincia": 0.045559, "Frecuencia región": 0.056049, "cod_comuna": "08110"}, {"comuna": "LAS CONDES", "region": "13. REGION METROPOLITANA DE SANTIAGO", "provincia": "Santiago", "totalapellido": 6, "totalcomuna": 269517, "prct_apellido": 0.0022, "Frecuencia provincia": 0.017023, "Frecuencia región": 0.018986, "cod_comuna": "13114"}, {"comuna": "PROVIDENCIA", "region": "13. REGION METROPOLITANA DE SANTIAGO", "provincia": "Santiago", "totalapellido": 2, "totalcomuna": 170255, "prct_apellido": 0.0012, "Frecuencia provincia": 0.017023, "Frecuencia región": 0.018986, "cod_comuna": "13123"}], "provincias": [], "regiones": []}