{"apellido": "KUTCHARTT", "slug": "kutchartt", "comunas": [{"comuna": "COCHRANE", "region": "11. REGION DE AYSEN DEL GENERAL CARLOS IBAÑEZ DEL CAMPO", "provincia": "Capitán Prat", "totalapellido": 1, "totalcomuna": 3384, "prct_apellido": 0.0296, "Frecuencia provincia": 0.340154, "Frecuencia región": 0.077233, "cod_comuna": "11301"}, {"comuna": "VALDIVIA", "region": "14. REGION DE LOS RIOS", "provincia": "Valdivia", "totalapellido": 22, "totalcomuna": 138619, "prct_apellido": 0.0159, "Frecuencia provincia": 0.046113, "Frecuencia región": 0.0544, "cod_comuna": "14101"}, {"comuna": "MARIQUINA", "region": "14. REGION DE LOS RIOS", "provincia": "Valdivia", "totalapellido": 1, "totalcomuna": 18993, "prct_apellido": 0.0053, "Frecuencia provincia": 0.046113, "Frecuencia región": 0.0544, "cod_comuna": "14106"}, {"comuna": "MACHALI", "region": "06. REGION DEL LIBERTADOR GENERAL BERNARDO O'HIGGINS", "provincia": "Cachapoal", "totalapellido": 1, "totalcomuna": 37103, "prct_apellido": 0.0027, "Frecuencia provincia": 0.061427, "Frecuencia región": 0.074338, "cod_comuna": "06108"}, {"comuna": "COIHAIQUE", "region": "11. REGION DE AYSEN DEL GENERAL CARLOS IBAÑEZ DEL CAMPO", "provincia": NaN, "totalapellido": 1, "totalcomuna": 54229, "prct_apellido": 0.0018, "Frecuencia provincia": NaN, "Frecuencia región": 0.077233, "cod_comuna": null}, {"comuna": "CONCEPCION", "region": "08. REGION DEL BIOBIO", "provincia": "Concepción", "totalapellido": 2, "totalcomuna": 201066, "prct_apellido": 0.001, "Frecuencia provincia": 0.045559, "Frecuencia región": 0.056049, "cod_comuna": "08101"}, {"comuna": "PROVIDENCIA", "region": "13. REGION METROPOLITANA DE SANTIAGO", "provincia": "Santiago", "totalapellido": 1, "totalcomuna": 170255, "prct_apellido": 0.0006, "Frecuencia provincia": 0.017023, "Frecuencia región": 0.018986, "cod_comuna": "13123"}, {"comuna": "LA FLORIDA", "region": "13. REGION METROPOLITANA DE SANTIAGO", "provincia": "Santiago", "totalapellido": 1, "totalcomuna": 307414, "prct_apellido": 0.0003, "Frecuencia provincia": 0.017023, "Frecuencia región": 0.018986, "cod_comuna": "13110"}, {"comuna": "SANTIAGO", "region": "13. REGION METROPOLITANA DE SANTIAGO", "provincia": "Santiago", "totalapellido": 1, "totalcomuna": 340282, "prct_apellido": 0.0003, "Frecuencia provincia": 0.017023, "Frecuencia región": 0.018986, "cod_comuna": "13101"}], "provincias": [], "regiones": []}