{"apellido": "KWANTES", "slug": "kwantes", "comunas": [{"comuna": "PADRE HURTADO", "region": "13. REGION METROPOLITANA DE SANTIAGO", "provincia": "Talagante", "totalapellido": 1, "totalcomuna": 44714, "prct_apellido": 0.0022, "Frecuencia provincia": 0.065142, "Frecuencia región": 0.018986, "cod_comuna": "13604"}, {"comuna": "VIÑA DEL MAR", "region": "05. REGION DE VALPARAISO", "provincia": "Valparaíso", "totalapellido": 1, "totalcomuna": 301370, "prct_apellido": 0.0003, "Frecuencia provincia": 0.017698, "Frecuencia región": 0.029341, "cod_comuna": "05109"}], "provincias": [], "regiones": []}