{"apellido": "BERVARD-MASSOC", "slug": "bervard-massoc", "comunas": [{"comuna": "PUCON", "region": "09. REGION DE LA ARAUCANIA", "provincia": "Cautín", "totalapellido": 2, "totalcomuna": 28338, "prct_apellido": 0.0071, "Frecuencia provincia": 0.043946, "Frecuencia región": 0.051873, "cod_comuna": "09115"}, {"comuna": "PROVIDENCIA", "region": "13. REGION METROPOLITANA DE SANTIAGO", "provincia": "Santiago", "totalapellido": 4, "totalcomuna": 170255, "prct_apellido": 0.0023, "Frecuencia provincia": 0.017023, "Frecuencia región": 0.018986, "cod_comuna": "13123"}, {"comuna": "CERRO NAVIA", "region": "13. REGION METROPOLITANA DE SANTIAGO", "provincia": "Santiago", "totalapellido": 4, "totalcomuna": 115479, "prct_apellido": 0.0035, "Frecuencia provincia": 0.017023, "Frecuencia región": 0.018986, "cod_comuna": "13103"}, {"comuna": "SANTIAGO", "region": "13. REGION METROPOLITANA DE SANTIAGO", "provincia": "Santiago", "totalapellido": 1, "totalcomuna": 340282, "prct_apellido": 0.0003, "Frecuencia provincia": 0.017023, "Frecuencia región": 0.018986, "cod_comuna": "13101"}], "provincias": [], "regiones": []}