{"apellido": "BERZAN", "slug": "berzan", "comunas": [{"comuna": "VALDIVIA", "region": "14. REGION DE LOS RIOS", "provincia": "Valdivia", "totalapellido": 15, "totalcomuna": 138619, "prct_apellido": 0.0108, "Frecuencia provincia": 0.046113, "Frecuencia región": 0.0544, "cod_comuna": "14101"}, {"comuna": "SAN PEDRO DE LA PAZ", "region": "08. REGION DEL BIOBIO", "provincia": "Concepción", "totalapellido": 6, "totalcomuna": 89479, "prct_apellido": 0.0067, "Frecuencia provincia": 0.045559, "Frecuencia región": 0.056049, "cod_comuna": "08108"}, {"comuna": "CONCHALI", "region": "13. REGION METROPOLITANA DE SANTIAGO", "provincia": "Santiago", "totalapellido": 2, "totalcomuna": 118624, "prct_apellido": 0.0017, "Frecuencia provincia": 0.017023, "Frecuencia región": 0.018986, "cod_comuna": "13104"}, {"comuna": "CONCEPCION", "region": "08. REGION DEL BIOBIO", "provincia": "Concepción", "totalapellido": 3, "totalcomuna": 201066, "prct_apellido": 0.0015, "Frecuencia provincia": 0.045559, "Frecuencia región": 0.056049, "cod_comuna": "08101"}, {"comuna": "CHIGUAYANTE", "region": "08. REGION DEL BIOBIO", "provincia": "Concepción", "totalapellido": 3, "totalcomuna": 67398, "prct_apellido": 0.0045, "Frecuencia provincia": 0.045559, "Frecuencia región": 0.056049, "cod_comuna": "08103"}], "provincias": [], "regiones": []}