{"apellido": "BESAREZ", "slug": "besarez", "comunas": [{"comuna": "SAN ESTEBAN", "region": "05. REGION DE VALPARAISO", "provincia": "Los Andes", "totalapellido": 1, "totalcomuna": 15281, "prct_apellido": 0.0065, "Frecuencia provincia": 0.083664, "Frecuencia región": 0.029341, "cod_comuna": "05304"}, {"comuna": "SAN FELIPE", "region": "05. REGION DE VALPARAISO", "provincia": "San Felipe de Aconcagua", "totalapellido": 3, "totalcomuna": 60075, "prct_apellido": 0.005, "Frecuencia provincia": 0.102948, "Frecuencia región": 0.029341, "cod_comuna": "05701"}, {"comuna": "LOS ANDES", "region": "05. REGION DE VALPARAISO", "provincia": "Los Andes", "totalapellido": 1, "totalcomuna": 55969, "prct_apellido": 0.0018, "Frecuencia provincia": 0.083664, "Frecuencia región": 0.029341, "cod_comuna": "05301"}, {"comuna": "TALCA", "region": "07. REGION DEL MAULE", "provincia": "Talca", "totalapellido": 3, "totalcomuna": 179640, "prct_apellido": 0.0017, "Frecuencia provincia": 0.062885, "Frecuencia región": 0.082553, "cod_comuna": "07101"}, {"comuna": "CONCEPCION", "region": "08. REGION DEL BIOBIO", "provincia": "Concepción", "totalapellido": 1, "totalcomuna": 201066, "prct_apellido": 0.0005, "Frecuencia provincia": 0.045559, "Frecuencia región": 0.056049, "cod_comuna": "08101"}, {"comuna": "VIÑA DEL MAR", "region": "05. REGION DE VALPARAISO", "provincia": "Valparaíso", "totalapellido": 1, "totalcomuna": 301370, "prct_apellido": 0.0003, "Frecuencia provincia": 0.017698, "Frecuencia región": 0.029341, "cod_comuna": "05109"}], "provincias": [], "regiones": []}