{"apellido": "BESSENYEI", "slug": "bessenyei", "comunas": [{"comuna": "EL TABO", "region": "05. REGION DE VALPARAISO", "provincia": "San Antonio", "totalapellido": 2, "totalcomuna": 11931, "prct_apellido": 0.0168, "Frecuencia provincia": 0.076723, "Frecuencia región": 0.029341, "cod_comuna": "05605"}, {"comuna": "LA FLORIDA", "region": "13. REGION METROPOLITANA DE SANTIAGO", "provincia": "Santiago", "totalapellido": 6, "totalcomuna": 307414, "prct_apellido": 0.002, "Frecuencia provincia": 0.017023, "Frecuencia región": 0.018986, "cod_comuna": "13110"}], "provincias": [], "regiones": []}