{"apellido": "BETANCUD", "slug": "betancud", "comunas": [{"comuna": "PEMUCO", "region": "16. REGION DE ÑUBLE", "provincia": "Diguillín", "totalapellido": 1, "totalcomuna": 8351, "prct_apellido": 0.012, "Frecuencia provincia": 0.065041, "Frecuencia región": 0.0859, "cod_comuna": "16105"}, {"comuna": "RENCA", "region": "13. REGION METROPOLITANA DE SANTIAGO", "provincia": "Santiago", "totalapellido": 5, "totalcomuna": 116730, "prct_apellido": 0.0043, "Frecuencia provincia": 0.017023, "Frecuencia región": 0.018986, "cod_comuna": "13128"}, {"comuna": "SAN FELIPE", "region": "05. REGION DE VALPARAISO", "provincia": "San Felipe de Aconcagua", "totalapellido": 1, "totalcomuna": 60075, "prct_apellido": 0.0017, "Frecuencia provincia": 0.102948, "Frecuencia región": 0.029341, "cod_comuna": "05701"}], "provincias": [], "regiones": []}