{"apellido": "BIELENBERG", "slug": "bielenberg", "comunas": [{"comuna": "RIO IBAÑEZ", "region": "11. REGION DE AYSEN DEL GENERAL CARLOS IBAÑEZ DEL CAMPO", "provincia": "General Carrera", "totalapellido": 1, "totalcomuna": 2917, "prct_apellido": 0.0343, "Frecuencia provincia": 0.221914, "Frecuencia región": 0.077233, "cod_comuna": "11402"}, {"comuna": "VIÑA DEL MAR", "region": "05. REGION DE VALPARAISO", "provincia": "Valparaíso", "totalapellido": 14, "totalcomuna": 301370, "prct_apellido": 0.0046, "Frecuencia provincia": 0.017698, "Frecuencia región": 0.029341, "cod_comuna": "05109"}, {"comuna": "LAS CONDES", "region": "13. REGION METROPOLITANA DE SANTIAGO", "provincia": "Santiago", "totalapellido": 5, "totalcomuna": 269517, "prct_apellido": 0.0019, "Frecuencia provincia": 0.017023, "Frecuencia región": 0.018986, "cod_comuna": "13114"}], "provincias": [], "regiones": []}