{"apellido": "BIEN-AIME", "slug": "bien-aime", "comunas": [{"comuna": "LA LIGUA", "region": "05. REGION DE VALPARAISO", "provincia": "Petorca", "totalapellido": 1, "totalcomuna": 30181, "prct_apellido": 0.0033, "Frecuencia provincia": 0.160073, "Frecuencia región": 0.029341, "cod_comuna": "05401"}, {"comuna": "PEDRO AGUIRRE CERDA", "region": "13. REGION METROPOLITANA DE SANTIAGO", "provincia": "Santiago", "totalapellido": 3, "totalcomuna": 93161, "prct_apellido": 0.0032, "Frecuencia provincia": 0.017023, "Frecuencia región": 0.018986, "cod_comuna": "13121"}, {"comuna": "LAMPA", "region": "13. REGION METROPOLITANA DE SANTIAGO", "provincia": "Chacabuco", "totalapellido": 1, "totalcomuna": 59623, "prct_apellido": 0.0017, "Frecuencia provincia": 0.035407, "Frecuencia región": 0.018986, "cod_comuna": "13302"}, {"comuna": "QUILICURA", "region": "13. REGION METROPOLITANA DE SANTIAGO", "provincia": "Santiago", "totalapellido": 2, "totalcomuna": 139914, "prct_apellido": 0.0014, "Frecuencia provincia": 0.017023, "Frecuencia región": 0.018986, "cod_comuna": "13125"}, {"comuna": "INDEPENDENCIA", "region": "13. REGION METROPOLITANA DE SANTIAGO", "provincia": "Santiago", "totalapellido": 1, "totalcomuna": 82629, "prct_apellido": 0.0012, "Frecuencia provincia": 0.017023, "Frecuencia región": 0.018986, "cod_comuna": "13108"}, {"comuna": "SAN BERNARDO", "region": "13. REGION METROPOLITANA DE SANTIAGO", "provincia": "Maipo", "totalapellido": 2, "totalcomuna": 228196, "prct_apellido": 0.0009, "Frecuencia provincia": 0.033289, "Frecuencia región": 0.018986, "cod_comuna": "13401"}, {"comuna": "ESTACION CENTRAL", "region": "13. REGION METROPOLITANA DE SANTIAGO", "provincia": "Santiago", "totalapellido": 1, "totalcomuna": 127214, "prct_apellido": 0.0008, "Frecuencia provincia": 0.017023, "Frecuencia región": 0.018986, "cod_comuna": "13106"}, {"comuna": "PUDAHUEL", "region": "13. REGION METROPOLITANA DE SANTIAGO", "provincia": "Santiago", "totalapellido": 1, "totalcomuna": 168984, "prct_apellido": 0.0006, "Frecuencia provincia": 0.017023, "Frecuencia región": 0.018986, "cod_comuna": "13124"}, {"comuna": "PROVIDENCIA", "region": "13. REGION METROPOLITANA DE SANTIAGO", "provincia": "Santiago", "totalapellido": 1, "totalcomuna": 170255, "prct_apellido": 0.0006, "Frecuencia provincia": 0.017023, "Frecuencia región": 0.018986, "cod_comuna": "13123"}, {"comuna": "LA FLORIDA", "region": "13. REGION METROPOLITANA DE SANTIAGO", "provincia": "Santiago", "totalapellido": 1, "totalcomuna": 307414, "prct_apellido": 0.0003, "Frecuencia provincia": 0.017023, "Frecuencia región": 0.018986, "cod_comuna": "13110"}], "provincias": [], "regiones": []}