{"apellido": "BIGUERA", "slug": "biguera", "comunas": [{"comuna": "MULCHEN", "region": "08. REGION DEL BIOBIO", "provincia": "Biobío", "totalapellido": 50, "totalcomuna": 26828, "prct_apellido": 0.1864, "Frecuencia provincia": 0.077416, "Frecuencia región": 0.056049, "cod_comuna": "08305"}, {"comuna": "HUARA", "region": "01. REGION DE TARAPACA", "provincia": "Tamarugal", "totalapellido": 1, "totalcomuna": 9373, "prct_apellido": 0.0107, "Frecuencia provincia": 0.130887, "Frecuencia región": 0.02576, "cod_comuna": "01404"}, {"comuna": "BUIN", "region": "13. REGION METROPOLITANA DE SANTIAGO", "provincia": "Maipo", "totalapellido": 3, "totalcomuna": 75333, "prct_apellido": 0.004, "Frecuencia provincia": 0.033289, "Frecuencia región": 0.018986, "cod_comuna": "13402"}, {"comuna": "PUENTE ALTO", "region": "13. REGION METROPOLITANA DE SANTIAGO", "provincia": "Cordillera", "totalapellido": 7, "totalcomuna": 399739, "prct_apellido": 0.0018, "Frecuencia provincia": 0.019022, "Frecuencia región": 0.018986, "cod_comuna": "13201"}, {"comuna": "HUECHURABA", "region": "13. REGION METROPOLITANA DE SANTIAGO", "provincia": "Santiago", "totalapellido": 1, "totalcomuna": 73498, "prct_apellido": 0.0014, "Frecuencia provincia": 0.017023, "Frecuencia región": 0.018986, "cod_comuna": "13107"}, {"comuna": "SAN BERNARDO", "region": "13. REGION METROPOLITANA DE SANTIAGO", "provincia": "Maipo", "totalapellido": 3, "totalcomuna": 228196, "prct_apellido": 0.0013, "Frecuencia provincia": 0.033289, "Frecuencia región": 0.018986, "cod_comuna": "13401"}, {"comuna": "LOS ANGELES", "region": "08. REGION DEL BIOBIO", "provincia": "Biobío", "totalapellido": 5, "totalcomuna": 162845, "prct_apellido": 0.0031, "Frecuencia provincia": 0.077416, "Frecuencia región": 0.056049, "cod_comuna": "08301"}, {"comuna": "LA REINA", "region": "13. REGION METROPOLITANA DE SANTIAGO", "provincia": "Santiago", "totalapellido": 2, "totalcomuna": 91556, "prct_apellido": 0.0022, "Frecuencia provincia": 0.017023, "Frecuencia región": 0.018986, "cod_comuna": "13113"}, {"comuna": "LA GRANJA", "region": "13. REGION METROPOLITANA DE SANTIAGO", "provincia": "Santiago", "totalapellido": 3, "totalcomuna": 103905, "prct_apellido": 0.0029, "Frecuencia provincia": 0.017023, "Frecuencia región": 0.018986, "cod_comuna": "13111"}, {"comuna": "SAN MIGUEL", "region": "13. REGION METROPOLITANA DE SANTIAGO", "provincia": "Santiago", "totalapellido": 1, "totalcomuna": 105090, "prct_apellido": 0.001, "Frecuencia provincia": 0.017023, "Frecuencia región": 0.018986, "cod_comuna": "13130"}, {"comuna": "QUILICURA", "region": "13. REGION METROPOLITANA DE SANTIAGO", "provincia": "Santiago", "totalapellido": 4, "totalcomuna": 139914, "prct_apellido": 0.0029, "Frecuencia provincia": 0.017023, "Frecuencia región": 0.018986, "cod_comuna": "13125"}, {"comuna": "LA FLORIDA", "region": "13. REGION METROPOLITANA DE SANTIAGO", "provincia": "Santiago", "totalapellido": 1, "totalcomuna": 307414, "prct_apellido": 0.0003, "Frecuencia provincia": 0.017023, "Frecuencia región": 0.018986, "cod_comuna": "13110"}], "provincias": [], "regiones": []}