{"apellido": "BIKANDI", "slug": "bikandi", "comunas": [{"comuna": "PURRANQUE", "region": "10. REGION DE LOS LAGOS", "provincia": "Osorno", "totalapellido": 4, "totalcomuna": 19882, "prct_apellido": 0.0201, "Frecuencia provincia": 0.047856, "Frecuencia región": 0.052521, "cod_comuna": "10303"}, {"comuna": "RIO NEGRO", "region": "10. REGION DE LOS LAGOS", "provincia": "Osorno", "totalapellido": 1, "totalcomuna": 13459, "prct_apellido": 0.0074, "Frecuencia provincia": 0.047856, "Frecuencia región": 0.052521, "cod_comuna": "10305"}, {"comuna": "ANCUD", "region": "10. REGION DE LOS LAGOS", "provincia": "Chiloé", "totalapellido": 1, "totalcomuna": 38845, "prct_apellido": 0.0026, "Frecuencia provincia": 0.112043, "Frecuencia región": 0.052521, "cod_comuna": "10202"}], "provincias": [], "regiones": []}