{"apellido": "SAIRES", "slug": "saires", "comunas": [{"comuna": "CALAMA", "region": "02. REGION DE ANTOFAGASTA", "provincia": "El Loa", "totalapellido": 29, "totalcomuna": 132333, "prct_apellido": 0.000219, "Frecuencia provincia": 0.035053, "Frecuencia región": 0.025007, "cod_comuna": "02201"}, {"comuna": "ANTOFAGASTA", "region": "02. REGION DE ANTOFAGASTA", "provincia": "Antofagasta", "totalapellido": 5, "totalcomuna": 286950, "prct_apellido": 1.7e-05, "Frecuencia provincia": 0.020817, "Frecuencia región": 0.025007, "cod_comuna": "02101"}, {"comuna": "LA CISTERNA", "region": "13. REGION METROPOLITANA DE SANTIAGO", "provincia": "Santiago", "totalapellido": 1, "totalcomuna": 83246, "prct_apellido": 1.2e-05, "Frecuencia provincia": 0.017023, "Frecuencia región": 0.018986, "cod_comuna": "13109"}], "provincias": [], "regiones": []}