{"apellido": "SAITIS", "slug": "saitis", "comunas": [{"comuna": "LA REINA", "region": "13. REGION METROPOLITANA DE SANTIAGO", "provincia": "Santiago", "totalapellido": 2, "totalcomuna": 91556, "prct_apellido": 2.2e-05, "Frecuencia provincia": 0.017023, "Frecuencia región": 0.018986, "cod_comuna": "13113"}, {"comuna": "SANTIAGO", "region": "13. REGION METROPOLITANA DE SANTIAGO", "provincia": "Santiago", "totalapellido": 1, "totalcomuna": 340282, "prct_apellido": 3e-06, "Frecuencia provincia": 0.017023, "Frecuencia región": 0.018986, "cod_comuna": "13101"}], "provincias": [], "regiones": []}