{"apellido": "SALASHINA", "slug": "salashina", "comunas": [{"comuna": "VIÑA DEL MAR", "region": "05. REGION DE VALPARAISO", "provincia": "Valparaíso", "totalapellido": 1, "totalcomuna": 301370, "prct_apellido": 3e-06, "Frecuencia provincia": 0.017698, "Frecuencia región": 0.029341, "cod_comuna": "05109"}, {"comuna": "SANTIAGO", "region": "13. REGION METROPOLITANA DE SANTIAGO", "provincia": "Santiago", "totalapellido": 1, "totalcomuna": 340282, "prct_apellido": 3e-06, "Frecuencia provincia": 0.017023, "Frecuencia región": 0.018986, "cod_comuna": "13101"}], "provincias": [], "regiones": []}