{"apellido": "SALAMANCA", "slug": "salamanca", "comunas": [{"comuna": "SANTA BARBARA", "region": "08. REGION DEL BIOBIO", "provincia": "Biobío", "totalapellido": 541, "totalcomuna": 13318, "prct_apellido": 0.040622, "Frecuencia provincia": 0.077416, "Frecuencia región": 0.056049, "cod_comuna": "08311"}, {"comuna": "ANTUCO", "region": "08. REGION DEL BIOBIO", "provincia": "Biobío", "totalapellido": 84, "totalcomuna": 4718, "prct_apellido": 0.017804, "Frecuencia provincia": 0.077416, "Frecuencia región": 0.056049, "cod_comuna": "08302"}, {"comuna": "QUILACO", "region": "08. REGION DEL BIOBIO", "provincia": "Biobío", "totalapellido": 39, "totalcomuna": 4360, "prct_apellido": 0.008945, "Frecuencia provincia": 0.077416, "Frecuencia región": 0.056049, "cod_comuna": "08308"}, {"comuna": "TUCAPEL", "region": "08. REGION DEL BIOBIO", "provincia": "Biobío", "totalapellido": 129, "totalcomuna": 13071, "prct_apellido": 0.009869, "Frecuencia provincia": 0.077416, "Frecuencia región": 0.056049, "cod_comuna": "08312"}, {"comuna": "LOS ANGELES", "region": "08. REGION DEL BIOBIO", "provincia": "Biobío", "totalapellido": 1231, "totalcomuna": 162845, "prct_apellido": 0.007559, "Frecuencia provincia": 0.077416, "Frecuencia región": 0.056049, "cod_comuna": "08301"}, {"comuna": "NEGRETE", "region": "08. REGION DEL BIOBIO", "provincia": "Biobío", "totalapellido": 71, "totalcomuna": 9086, "prct_apellido": 0.007814, "Frecuencia provincia": 0.077416, "Frecuencia región": 0.056049, "cod_comuna": "08307"}, {"comuna": "SAN ROSENDO", "region": "08. REGION DEL BIOBIO", "provincia": "Biobío", "totalapellido": 44, "totalcomuna": 4424, "prct_apellido": 0.009946, "Frecuencia provincia": 0.077416, "Frecuencia región": 0.056049, "cod_comuna": "08310"}, {"comuna": "ALTO BIOBIO", "region": "08. REGION DEL BIOBIO", "provincia": "Biobío", "totalapellido": 31, "totalcomuna": 5557, "prct_apellido": 0.005579, "Frecuencia provincia": 0.077416, "Frecuencia región": 0.056049, "cod_comuna": "08314"}, {"comuna": "CUNCO", "region": "09. REGION DE LA ARAUCANIA", "provincia": "Cautín", "totalapellido": 98, "totalcomuna": 20001, "prct_apellido": 0.0049, "Frecuencia provincia": 0.043946, "Frecuencia región": 0.051873, "cod_comuna": "09103"}, {"comuna": "MULCHEN", "region": "08. REGION DEL BIOBIO", "provincia": "Biobío", "totalapellido": 168, "totalcomuna": 26828, "prct_apellido": 0.006262, "Frecuencia provincia": 0.077416, "Frecuencia región": 0.056049, "cod_comuna": "08305"}, {"comuna": "VILLARRICA", "region": "09. REGION DE LA ARAUCANIA", "provincia": "Cautín", "totalapellido": 216, "totalcomuna": 54948, "prct_apellido": 0.003931, "Frecuencia provincia": 0.043946, "Frecuencia región": 0.051873, "cod_comuna": "09120"}, {"comuna": "LA ESTRELLA", "region": "06. REGION DEL LIBERTADOR GENERAL BERNARDO O'HIGGINS", "provincia": "Cardenal Caro", "totalapellido": 11, "totalcomuna": 3738, "prct_apellido": 0.002943, "Frecuencia provincia": 0.199859, "Frecuencia región": 0.074338, "cod_comuna": "06202"}, {"comuna": "QUILLECO", "region": "08. REGION DEL BIOBIO", "provincia": "Biobío", "totalapellido": 36, "totalcomuna": 9648, "prct_apellido": 0.003731, "Frecuencia provincia": 0.077416, "Frecuencia región": 0.056049, "cod_comuna": "08309"}, {"comuna": "COLLIPULLI", "region": "09. REGION DE LA ARAUCANIA", "provincia": "Malleco", "totalapellido": 107, "totalcomuna": 22160, "prct_apellido": 0.004829, "Frecuencia provincia": 0.133465, "Frecuencia región": 0.051873, "cod_comuna": "09202"}, {"comuna": "CURACAUTIN", "region": "09. REGION DE LA ARAUCANIA", "provincia": "Malleco", "totalapellido": 51, "totalcomuna": 21202, "prct_apellido": 0.002405, "Frecuencia provincia": 0.133465, "Frecuencia región": 0.051873, "cod_comuna": "09203"}, {"comuna": "CABRERO", "region": "08. REGION DEL BIOBIO", "provincia": "Biobío", "totalapellido": 81, "totalcomuna": 25103, "prct_apellido": 0.003227, "Frecuencia provincia": 0.077416, "Frecuencia región": 0.056049, "cod_comuna": "08303"}, {"comuna": "CURARREHUE", "region": "09. REGION DE LA ARAUCANIA", "provincia": "Cautín", "totalapellido": 32, "totalcomuna": 8517, "prct_apellido": 0.003757, "Frecuencia provincia": 0.043946, "Frecuencia región": 0.051873, "cod_comuna": "09104"}, {"comuna": "ARAUCO", "region": "08. REGION DEL BIOBIO", "provincia": "Arauco", "totalapellido": 62, "totalcomuna": 31158, "prct_apellido": 0.00199, "Frecuencia provincia": 0.169853, "Frecuencia región": 0.056049, "cod_comuna": "08202"}, {"comuna": "RIO BUENO", "region": "14. REGION DE LOS RIOS", "provincia": "Ranco", "totalapellido": 75, "totalcomuna": 30793, "prct_apellido": 0.002436, "Frecuencia provincia": 0.112447, "Frecuencia región": 0.0544, "cod_comuna": "14204"}, {"comuna": "LONCOCHE", "region": "09. REGION DE LA ARAUCANIA", "provincia": "Cautín", "totalapellido": 36, "totalcomuna": 23193, "prct_apellido": 0.001552, "Frecuencia provincia": 0.043946, "Frecuencia región": 0.051873, "cod_comuna": "09109"}, {"comuna": "PADRE LAS CASAS", "region": "09. REGION DE LA ARAUCANIA", "provincia": "Cautín", "totalapellido": 108, "totalcomuna": 58858, "prct_apellido": 0.001835, "Frecuencia provincia": 0.043946, "Frecuencia región": 0.051873, "cod_comuna": "09112"}, {"comuna": "EL TABO", "region": "05. REGION DE VALPARAISO", "provincia": "San Antonio", "totalapellido": 22, "totalcomuna": 11931, "prct_apellido": 0.001844, "Frecuencia provincia": 0.076723, "Frecuencia región": 0.029341, "cod_comuna": "05605"}, {"comuna": "CORRAL", "region": "14. REGION DE LOS RIOS", "provincia": "Valdivia", "totalapellido": 11, "totalcomuna": 5565, "prct_apellido": 0.001977, "Frecuencia provincia": 0.046113, "Frecuencia región": 0.0544, "cod_comuna": "14102"}, {"comuna": "FREIRE", "region": "09. REGION DE LA ARAUCANIA", "provincia": "Cautín", "totalapellido": 81, "totalcomuna": 22845, "prct_apellido": 0.003546, "Frecuencia provincia": 0.043946, "Frecuencia región": 0.051873, "cod_comuna": "09105"}, {"comuna": "HUALPEN", "region": "08. REGION DEL BIOBIO", "provincia": "Concepción", "totalapellido": 137, "totalcomuna": 77561, "prct_apellido": 0.001766, "Frecuencia provincia": 0.045559, "Frecuencia región": 0.056049, "cod_comuna": "08112"}, {"comuna": "TILTIL", "region": "13. REGION METROPOLITANA DE SANTIAGO", "provincia": "Chacabuco", "totalapellido": 22, "totalcomuna": 14869, "prct_apellido": 0.00148, "Frecuencia provincia": 0.035407, "Frecuencia región": 0.018986, "cod_comuna": "13303"}, {"comuna": "SAN PEDRO DE LA PAZ", "region": "08. REGION DEL BIOBIO", "provincia": "Concepción", "totalapellido": 137, "totalcomuna": 89479, "prct_apellido": 0.001531, "Frecuencia provincia": 0.045559, "Frecuencia región": 0.056049, "cod_comuna": "08108"}, {"comuna": "TEMUCO", "region": "09. REGION DE LA ARAUCANIA", "provincia": "Cautín", "totalapellido": 430, "totalcomuna": 236909, "prct_apellido": 0.001815, "Frecuencia provincia": 0.043946, "Frecuencia región": 0.051873, "cod_comuna": "09101"}, {"comuna": "CHIGUAYANTE", "region": "08. REGION DEL BIOBIO", "provincia": "Concepción", "totalapellido": 96, "totalcomuna": 67398, "prct_apellido": 0.001424, "Frecuencia provincia": 0.045559, "Frecuencia región": 0.056049, "cod_comuna": "08103"}, {"comuna": "LAUTARO", "region": "09. REGION DE LA ARAUCANIA", "provincia": "Cautín", "totalapellido": 55, "totalcomuna": 34252, "prct_apellido": 0.001606, "Frecuencia provincia": 0.043946, "Frecuencia región": 0.051873, "cod_comuna": "09108"}, {"comuna": "PUCON", "region": "09. REGION DE LA ARAUCANIA", "provincia": "Cautín", "totalapellido": 51, "totalcomuna": 28338, "prct_apellido": 0.0018, "Frecuencia provincia": 0.043946, "Frecuencia región": 0.051873, "cod_comuna": "09115"}, {"comuna": "LOS ALAMOS", "region": "08. REGION DEL BIOBIO", "provincia": "Arauco", "totalapellido": 30, "totalcomuna": 18060, "prct_apellido": 0.001661, "Frecuencia provincia": 0.169853, "Frecuencia región": 0.056049, "cod_comuna": "08206"}, {"comuna": "MELIPEUCO", "region": "09. REGION DE LA ARAUCANIA", "provincia": "Cautín", "totalapellido": 16, "totalcomuna": 7836, "prct_apellido": 0.002042, "Frecuencia provincia": 0.043946, "Frecuencia región": 0.051873, "cod_comuna": "09110"}, {"comuna": "YUMBEL", "region": "08. REGION DEL BIOBIO", "provincia": "Biobío", "totalapellido": 36, "totalcomuna": 20144, "prct_apellido": 0.001787, "Frecuencia provincia": 0.077416, "Frecuencia región": 0.056049, "cod_comuna": "08313"}, {"comuna": "MARCHIHUE", "region": "06. REGION DEL LIBERTADOR GENERAL BERNARDO O'HIGGINS", "provincia": "Cardenal Caro", "totalapellido": 7, "totalcomuna": 7068, "prct_apellido": 0.00099, "Frecuencia provincia": 0.199859, "Frecuencia región": 0.074338, "cod_comuna": "06204"}, {"comuna": "CONCEPCION", "region": "08. REGION DEL BIOBIO", "provincia": "Concepción", "totalapellido": 289, "totalcomuna": 201066, "prct_apellido": 0.001437, "Frecuencia provincia": 0.045559, "Frecuencia región": 0.056049, "cod_comuna": "08101"}, {"comuna": "LO PRADO", "region": "13. REGION METROPOLITANA DE SANTIAGO", "provincia": "Santiago", "totalapellido": 134, "totalcomuna": 88885, "prct_apellido": 0.001508, "Frecuencia provincia": 0.017023, "Frecuencia región": 0.018986, "cod_comuna": "13117"}, {"comuna": "PITRUFQUEN", "region": "09. REGION DE LA ARAUCANIA", "provincia": "Cautín", "totalapellido": 48, "totalcomuna": 23103, "prct_apellido": 0.002078, "Frecuencia provincia": 0.043946, "Frecuencia región": 0.051873, "cod_comuna": "09114"}, {"comuna": "SAN RAMON", "region": "13. REGION METROPOLITANA DE SANTIAGO", "provincia": "Santiago", "totalapellido": 103, "totalcomuna": 81793, "prct_apellido": 0.001259, "Frecuencia provincia": 0.017023, "Frecuencia región": 0.018986, "cod_comuna": "13131"}, {"comuna": "NUEVA IMPERIAL", "region": "09. REGION DE LA ARAUCANIA", "provincia": "Cautín", "totalapellido": 47, "totalcomuna": 30689, "prct_apellido": 0.001531, "Frecuencia provincia": 0.043946, "Frecuencia región": 0.051873, "cod_comuna": "09111"}, {"comuna": "PIRQUE", "region": "13. REGION METROPOLITANA DE SANTIAGO", "provincia": "Cordillera", "totalapellido": 29, "totalcomuna": 22646, "prct_apellido": 0.001281, "Frecuencia provincia": 0.019022, "Frecuencia región": 0.018986, "cod_comuna": "13202"}, {"comuna": "TOLTEN", "region": "09. REGION DE LA ARAUCANIA", "provincia": "Cautín", "totalapellido": 16, "totalcomuna": 10591, "prct_apellido": 0.001511, "Frecuencia provincia": 0.043946, "Frecuencia región": 0.051873, "cod_comuna": "09118"}, {"comuna": "PANGUIPULLI", "region": "14. REGION DE LOS RIOS", "provincia": "Valdivia", "totalapellido": 42, "totalcomuna": 35236, "prct_apellido": 0.001192, "Frecuencia provincia": 0.046113, "Frecuencia región": 0.0544, "cod_comuna": "14108"}, {"comuna": "LAJA", "region": "08. REGION DEL BIOBIO", "provincia": "Biobío", "totalapellido": 31, "totalcomuna": 21610, "prct_apellido": 0.001435, "Frecuencia provincia": 0.077416, "Frecuencia región": 0.056049, "cod_comuna": "08304"}, {"comuna": "TEODORO SCHMIDT", "region": "09. REGION DE LA ARAUCANIA", "provincia": "Cautín", "totalapellido": 18, "totalcomuna": 14036, "prct_apellido": 0.001282, "Frecuencia provincia": 0.043946, "Frecuencia región": 0.051873, "cod_comuna": "09117"}, {"comuna": "GORBEA", "region": "09. REGION DE LA ARAUCANIA", "provincia": "Cautín", "totalapellido": 17, "totalcomuna": 15659, "prct_apellido": 0.001086, "Frecuencia provincia": 0.043946, "Frecuencia región": 0.051873, "cod_comuna": "09107"}, {"comuna": "TOCOPILLA", "region": "02. REGION DE ANTOFAGASTA", "provincia": "Tocopilla", "totalapellido": 30, "totalcomuna": 22335, "prct_apellido": 0.001343, "Frecuencia provincia": 0.11764, "Frecuencia región": 0.025007, "cod_comuna": "02301"}, {"comuna": "LLANQUIHUE", "region": "10. REGION DE LOS LAGOS", "provincia": "Llanquihue", "totalapellido": 10, "totalcomuna": 16179, "prct_apellido": 0.000618, "Frecuencia provincia": 0.042563, "Frecuencia región": 0.052521, "cod_comuna": "10107"}, {"comuna": "OLMUE", "region": "05. REGION DE VALPARAISO", "provincia": "Marga Marga", "totalapellido": 12, "totalcomuna": 16406, "prct_apellido": 0.000731, "Frecuencia provincia": 0.034753, "Frecuencia región": 0.029341, "cod_comuna": "05803"}, {"comuna": "SAN RAFAEL", "region": "07. REGION DEL MAULE", "provincia": "Talca", "totalapellido": 13, "totalcomuna": 8500, "prct_apellido": 0.001529, "Frecuencia provincia": 0.062885, "Frecuencia región": 0.082553, "cod_comuna": "07110"}, {"comuna": "CUREPTO", "region": "07. REGION DEL MAULE", "provincia": "Talca", "totalapellido": 8, "totalcomuna": 10310, "prct_apellido": 0.000776, "Frecuencia provincia": 0.062885, "Frecuencia región": 0.082553, "cod_comuna": "07103"}, {"comuna": "CORONEL", "region": "08. REGION DEL BIOBIO", "provincia": "Concepción", "totalapellido": 117, "totalcomuna": 89810, "prct_apellido": 0.001303, "Frecuencia provincia": 0.045559, "Frecuencia región": 0.056049, "cod_comuna": "08102"}, {"comuna": "LA GRANJA", "region": "13. REGION METROPOLITANA DE SANTIAGO", "provincia": "Santiago", "totalapellido": 134, "totalcomuna": 103905, "prct_apellido": 0.00129, "Frecuencia provincia": 0.017023, "Frecuencia región": 0.018986, "cod_comuna": "13111"}, {"comuna": "PEÑALOLEN", "region": "13. REGION METROPOLITANA DE SANTIAGO", "provincia": "Santiago", "totalapellido": 201, "totalcomuna": 191707, "prct_apellido": 0.001048, "Frecuencia provincia": 0.017023, "Frecuencia región": 0.018986, "cod_comuna": "13122"}, {"comuna": "CURANILAHUE", "region": "08. REGION DEL BIOBIO", "provincia": "Arauco", "totalapellido": 58, "totalcomuna": 30624, "prct_apellido": 0.001894, "Frecuencia provincia": 0.169853, "Frecuencia región": 0.056049, "cod_comuna": "08205"}, {"comuna": "CODEGUA", "region": "06. REGION DEL LIBERTADOR GENERAL BERNARDO O'HIGGINS", "provincia": "Cachapoal", "totalapellido": 9, "totalcomuna": 11680, "prct_apellido": 0.000771, "Frecuencia provincia": 0.061427, "Frecuencia región": 0.074338, "cod_comuna": "06102"}, {"comuna": "QUILICURA", "region": "13. REGION METROPOLITANA DE SANTIAGO", "provincia": "Santiago", "totalapellido": 127, "totalcomuna": 139914, "prct_apellido": 0.000908, "Frecuencia provincia": 0.017023, "Frecuencia región": 0.018986, "cod_comuna": "13125"}, {"comuna": "RENAICO", "region": "09. REGION DE LA ARAUCANIA", "provincia": "Malleco", "totalapellido": 12, "totalcomuna": 9886, "prct_apellido": 0.001214, "Frecuencia provincia": 0.133465, "Frecuencia región": 0.051873, "cod_comuna": "09209"}, {"comuna": "CHAÑARAL", "region": "03. REGION DE ATACAMA", "provincia": "Chañaral", "totalapellido": 10, "totalcomuna": 12045, "prct_apellido": 0.00083, "Frecuencia provincia": 0.158476, "Frecuencia región": 0.058317, "cod_comuna": "03201"}, {"comuna": "PUDAHUEL", "region": "13. REGION METROPOLITANA DE SANTIAGO", "provincia": "Santiago", "totalapellido": 176, "totalcomuna": 168984, "prct_apellido": 0.001042, "Frecuencia provincia": 0.017023, "Frecuencia región": 0.018986, "cod_comuna": "13124"}, {"comuna": "GALVARINO", "region": "09. REGION DE LA ARAUCANIA", "provincia": "Cautín", "totalapellido": 12, "totalcomuna": 12157, "prct_apellido": 0.000987, "Frecuencia provincia": 0.043946, "Frecuencia región": 0.051873, "cod_comuna": "09106"}, {"comuna": "MAULE", "region": "07. REGION DEL MAULE", "provincia": "Talca", "totalapellido": 16, "totalcomuna": 24526, "prct_apellido": 0.000652, "Frecuencia provincia": 0.062885, "Frecuencia región": 0.082553, "cod_comuna": "07105"}, {"comuna": "SAN IGNACIO", "region": "16. REGION DE ÑUBLE", "provincia": "Diguillín", "totalapellido": 9, "totalcomuna": 14632, "prct_apellido": 0.000615, "Frecuencia provincia": 0.065041, "Frecuencia región": 0.0859, "cod_comuna": "16108"}, {"comuna": "CALDERA", "region": "03. REGION DE ATACAMA", "provincia": "Copiapó", "totalapellido": 12, "totalcomuna": 15024, "prct_apellido": 0.000799, "Frecuencia provincia": 0.043922, "Frecuencia región": 0.058317, "cod_comuna": "03102"}, {"comuna": "SANTA JUANA", "region": "08. REGION DEL BIOBIO", "provincia": "Concepción", "totalapellido": 9, "totalcomuna": 13026, "prct_apellido": 0.000691, "Frecuencia provincia": 0.045559, "Frecuencia región": 0.056049, "cod_comuna": "08109"}, {"comuna": "LOTA", "region": "08. REGION DEL BIOBIO", "provincia": "Concepción", "totalapellido": 57, "totalcomuna": 47936, "prct_apellido": 0.001189, "Frecuencia provincia": 0.045559, "Frecuencia región": 0.056049, "cod_comuna": "08106"}, {"comuna": "COQUIMBO", "region": "04. REGION DE COQUIMBO", "provincia": "Elqui", "totalapellido": 141, "totalcomuna": 167854, "prct_apellido": 0.00084, "Frecuencia provincia": 0.034381, "Frecuencia región": 0.046565, "cod_comuna": "04102"}, {"comuna": "VICTORIA", "region": "09. REGION DE LA ARAUCANIA", "provincia": "Malleco", "totalapellido": 41, "totalcomuna": 32716, "prct_apellido": 0.001253, "Frecuencia provincia": 0.133465, "Frecuencia región": 0.051873, "cod_comuna": "09211"}, {"comuna": "MACUL", "region": "13. REGION METROPOLITANA DE SANTIAGO", "provincia": "Santiago", "totalapellido": 87, "totalcomuna": 101340, "prct_apellido": 0.000858, "Frecuencia provincia": 0.017023, "Frecuencia región": 0.018986, "cod_comuna": "13118"}, {"comuna": "ANGOL", "region": "09. REGION DE LA ARAUCANIA", "provincia": "Malleco", "totalapellido": 52, "totalcomuna": 47137, "prct_apellido": 0.001103, "Frecuencia provincia": 0.133465, "Frecuencia región": 0.051873, "cod_comuna": "09201"}, {"comuna": "PERQUENCO", "region": "09. REGION DE LA ARAUCANIA", "provincia": "Cautín", "totalapellido": 3, "totalcomuna": 6821, "prct_apellido": 0.00044, "Frecuencia provincia": 0.043946, "Frecuencia región": 0.051873, "cod_comuna": "09113"}, {"comuna": "CARTAGENA", "region": "05. REGION DE VALPARAISO", "provincia": "San Antonio", "totalapellido": 15, "totalcomuna": 18227, "prct_apellido": 0.000823, "Frecuencia provincia": 0.076723, "Frecuencia región": 0.029341, "cod_comuna": "05603"}, {"comuna": "LA PINTANA", "region": "13. REGION METROPOLITANA DE SANTIAGO", "provincia": "Santiago", "totalapellido": 122, "totalcomuna": 139100, "prct_apellido": 0.000877, "Frecuencia provincia": 0.017023, "Frecuencia región": 0.018986, "cod_comuna": "13112"}, {"comuna": "HUALQUI", "region": "08. REGION DEL BIOBIO", "provincia": "Concepción", "totalapellido": 20, "totalcomuna": 20524, "prct_apellido": 0.000974, "Frecuencia provincia": 0.045559, "Frecuencia región": 0.056049, "cod_comuna": "08105"}, {"comuna": "HUECHURABA", "region": "13. REGION METROPOLITANA DE SANTIAGO", "provincia": "Santiago", "totalapellido": 71, "totalcomuna": 73498, "prct_apellido": 0.000966, "Frecuencia provincia": 0.017023, "Frecuencia región": 0.018986, "cod_comuna": "13107"}, {"comuna": "LO ESPEJO", "region": "13. REGION METROPOLITANA DE SANTIAGO", "provincia": "Santiago", "totalapellido": 72, "totalcomuna": 90849, "prct_apellido": 0.000793, "Frecuencia provincia": 0.017023, "Frecuencia región": 0.018986, "cod_comuna": "13116"}, {"comuna": "PUENTE ALTO", "region": "13. REGION METROPOLITANA DE SANTIAGO", "provincia": "Cordillera", "totalapellido": 353, "totalcomuna": 399739, "prct_apellido": 0.000883, "Frecuencia provincia": 0.019022, "Frecuencia región": 0.018986, "cod_comuna": "13201"}, {"comuna": "MARIQUINA", "region": "14. REGION DE LOS RIOS", "provincia": "Valdivia", "totalapellido": 16, "totalcomuna": 18993, "prct_apellido": 0.000842, "Frecuencia provincia": 0.046113, "Frecuencia región": 0.0544, "cod_comuna": "14106"}, {"comuna": "TOME", "region": "08. REGION DEL BIOBIO", "provincia": "Concepción", "totalapellido": 38, "totalcomuna": 49849, "prct_apellido": 0.000762, "Frecuencia provincia": 0.045559, "Frecuencia región": 0.056049, "cod_comuna": "08111"}, {"comuna": "CONSTITUCION", "region": "07. REGION DEL MAULE", "provincia": "Talca", "totalapellido": 29, "totalcomuna": 40000, "prct_apellido": 0.000725, "Frecuencia provincia": 0.062885, "Frecuencia región": 0.082553, "cod_comuna": "07102"}, {"comuna": "TALCAHUANO", "region": "08. REGION DEL BIOBIO", "provincia": "Concepción", "totalapellido": 118, "totalcomuna": 132327, "prct_apellido": 0.000892, "Frecuencia provincia": 0.045559, "Frecuencia región": 0.056049, "cod_comuna": "08110"}, {"comuna": "LA UNION", "region": "14. REGION DE LOS RIOS", "provincia": "Ranco", "totalapellido": 37, "totalcomuna": 35754, "prct_apellido": 0.001035, "Frecuencia provincia": 0.112447, "Frecuencia región": 0.0544, "cod_comuna": "14201"}, {"comuna": "CERRO NAVIA", "region": "13. REGION METROPOLITANA DE SANTIAGO", "provincia": "Santiago", "totalapellido": 96, "totalcomuna": 115479, "prct_apellido": 0.000831, "Frecuencia provincia": 0.017023, "Frecuencia región": 0.018986, "cod_comuna": "13103"}, {"comuna": "SAN BERNARDO", "region": "13. REGION METROPOLITANA DE SANTIAGO", "provincia": "Maipo", "totalapellido": 158, "totalcomuna": 228196, "prct_apellido": 0.000692, "Frecuencia provincia": 0.033289, "Frecuencia región": 0.018986, "cod_comuna": "13401"}, {"comuna": "LA REINA", "region": "13. REGION METROPOLITANA DE SANTIAGO", "provincia": "Santiago", "totalapellido": 47, "totalcomuna": 91556, "prct_apellido": 0.000513, "Frecuencia provincia": 0.017023, "Frecuencia región": 0.018986, "cod_comuna": "13113"}, {"comuna": "QUINTA NORMAL", "region": "13. REGION METROPOLITANA DE SANTIAGO", "provincia": "Santiago", "totalapellido": 75, "totalcomuna": 102529, "prct_apellido": 0.000732, "Frecuencia provincia": 0.017023, "Frecuencia región": 0.018986, "cod_comuna": "13126"}, {"comuna": "CHONCHI", "region": "10. REGION DE LOS LAGOS", "provincia": "Chiloé", "totalapellido": 5, "totalcomuna": 13190, "prct_apellido": 0.000379, "Frecuencia provincia": 0.112043, "Frecuencia región": 0.052521, "cod_comuna": "10203"}, {"comuna": "OSORNO", "region": "10. REGION DE LOS LAGOS", "provincia": "Osorno", "totalapellido": 86, "totalcomuna": 143162, "prct_apellido": 0.000601, "Frecuencia provincia": 0.047856, "Frecuencia región": 0.052521, "cod_comuna": "10301"}, {"comuna": "MAIPU", "region": "13. REGION METROPOLITANA DE SANTIAGO", "provincia": "Santiago", "totalapellido": 305, "totalcomuna": 389758, "prct_apellido": 0.000783, "Frecuencia provincia": 0.017023, "Frecuencia región": 0.018986, "cod_comuna": "13119"}, {"comuna": "LA FLORIDA", "region": "13. REGION METROPOLITANA DE SANTIAGO", "provincia": "Santiago", "totalapellido": 268, "totalcomuna": 307414, "prct_apellido": 0.000872, "Frecuencia provincia": 0.017023, "Frecuencia región": 0.018986, "cod_comuna": "13110"}, {"comuna": "RIO NEGRO", "region": "10. REGION DE LOS LAGOS", "provincia": "Osorno", "totalapellido": 7, "totalcomuna": 13459, "prct_apellido": 0.00052, "Frecuencia provincia": 0.047856, "Frecuencia región": 0.052521, "cod_comuna": "10305"}, {"comuna": "LOS LAGOS", "region": "14. REGION DE LOS RIOS", "provincia": "Valdivia", "totalapellido": 15, "totalcomuna": 19069, "prct_apellido": 0.000787, "Frecuencia provincia": 0.046113, "Frecuencia región": 0.0544, "cod_comuna": "14104"}, {"comuna": "SAN JOAQUIN", "region": "13. REGION METROPOLITANA DE SANTIAGO", "provincia": "Santiago", "totalapellido": 75, "totalcomuna": 82325, "prct_apellido": 0.000911, "Frecuencia provincia": 0.017023, "Frecuencia región": 0.018986, "cod_comuna": "13129"}, {"comuna": "EL QUISCO", "region": "05. REGION DE VALPARAISO", "provincia": "San Antonio", "totalapellido": 8, "totalcomuna": 13781, "prct_apellido": 0.000581, "Frecuencia provincia": 0.076723, "Frecuencia región": 0.029341, "cod_comuna": "05604"}, {"comuna": "ESTACION CENTRAL", "region": "13. REGION METROPOLITANA DE SANTIAGO", "provincia": "Santiago", "totalapellido": 82, "totalcomuna": 127214, "prct_apellido": 0.000645, "Frecuencia provincia": 0.017023, "Frecuencia región": 0.018986, "cod_comuna": "13106"}, {"comuna": "HUASCO", "region": "03. REGION DE ATACAMA", "provincia": "Huasco", "totalapellido": 3, "totalcomuna": 8409, "prct_apellido": 0.000357, "Frecuencia provincia": 0.121458, "Frecuencia región": 0.058317, "cod_comuna": "03304"}, {"comuna": "COLINA", "region": "13. REGION METROPOLITANA DE SANTIAGO", "provincia": "Chacabuco", "totalapellido": 63, "totalcomuna": 90446, "prct_apellido": 0.000697, "Frecuencia provincia": 0.035407, "Frecuencia región": 0.018986, "cod_comuna": "13301"}, {"comuna": "NATALES", "region": "12. REGION DE MAGALLANES Y DE LA ANTARTICA CHILENA", "provincia": "Última Esperanza", "totalapellido": 9, "totalcomuna": 22709, "prct_apellido": 0.000396, "Frecuencia provincia": 0.096903, "Frecuencia región": 0.037004, "cod_comuna": "12401"}, {"comuna": "COPIAPO", "region": "03. REGION DE ATACAMA", "provincia": "Copiapó", "totalapellido": 66, "totalcomuna": 123973, "prct_apellido": 0.000532, "Frecuencia provincia": 0.043922, "Frecuencia región": 0.058317, "cod_comuna": "03101"}, {"comuna": "PICA", "region": "01. REGION DE TARAPACA", "provincia": "Tamarugal", "totalapellido": 3, "totalcomuna": 5779, "prct_apellido": 0.000519, "Frecuencia provincia": 0.130887, "Frecuencia región": 0.02576, "cod_comuna": "01405"}, {"comuna": "RIO IBAÑEZ", "region": "11. REGION DE AYSEN DEL GENERAL CARLOS IBAÑEZ DEL CAMPO", "provincia": "General Carrera", "totalapellido": 1, "totalcomuna": 2917, "prct_apellido": 0.000343, "Frecuencia provincia": 0.221914, "Frecuencia región": 0.077233, "cod_comuna": "11402"}, {"comuna": "COBQUECURA", "region": "16. REGION DE ÑUBLE", "provincia": "Itata", "totalapellido": 4, "totalcomuna": 5884, "prct_apellido": 0.00068, "Frecuencia provincia": 0.295621, "Frecuencia región": 0.0859, "cod_comuna": "16202"}, {"comuna": "PEDRO AGUIRRE CERDA", "region": "13. REGION METROPOLITANA DE SANTIAGO", "provincia": "Santiago", "totalapellido": 63, "totalcomuna": 93161, "prct_apellido": 0.000676, "Frecuencia provincia": 0.017023, "Frecuencia región": 0.018986, "cod_comuna": "13121"}, {"comuna": "VILCUN", "region": "09. REGION DE LA ARAUCANIA", "provincia": "Cautín", "totalapellido": 29, "totalcomuna": 24470, "prct_apellido": 0.001185, "Frecuencia provincia": 0.043946, "Frecuencia región": 0.051873, "cod_comuna": "09119"}, {"comuna": "PORVENIR", "region": "12. REGION DE MAGALLANES Y DE LA ANTARTICA CHILENA", "provincia": "Tierra del Fuego", "totalapellido": 4, "totalcomuna": 6159, "prct_apellido": 0.000649, "Frecuencia provincia": 0.192861, "Frecuencia región": 0.037004, "cod_comuna": "12301"}, {"comuna": "NACIMIENTO", "region": "08. REGION DEL BIOBIO", "provincia": "Biobío", "totalapellido": 16, "totalcomuna": 24671, "prct_apellido": 0.000649, "Frecuencia provincia": 0.077416, "Frecuencia región": 0.056049, "cod_comuna": "08306"}, {"comuna": "RENCA", "region": "13. REGION METROPOLITANA DE SANTIAGO", "provincia": "Santiago", "totalapellido": 103, "totalcomuna": 116730, "prct_apellido": 0.000882, "Frecuencia provincia": 0.017023, "Frecuencia región": 0.018986, "cod_comuna": "13128"}, {"comuna": "SAN JOSE DE MAIPO", "region": "13. REGION METROPOLITANA DE SANTIAGO", "provincia": "Cordillera", "totalapellido": 6, "totalcomuna": 15853, "prct_apellido": 0.000378, "Frecuencia provincia": 0.019022, "Frecuencia región": 0.018986, "cod_comuna": "13203"}, {"comuna": "MARIA ELENA", "region": "02. REGION DE ANTOFAGASTA", "provincia": "Tocopilla", "totalapellido": 2, "totalcomuna": 6370, "prct_apellido": 0.000314, "Frecuencia provincia": 0.11764, "Frecuencia región": 0.025007, "cod_comuna": "02302"}, {"comuna": "PADRE HURTADO", "region": "13. REGION METROPOLITANA DE SANTIAGO", "provincia": "Talagante", "totalapellido": 29, "totalcomuna": 44714, "prct_apellido": 0.000649, "Frecuencia provincia": 0.065142, "Frecuencia región": 0.018986, "cod_comuna": "13604"}, {"comuna": "RECOLETA", "region": "13. REGION METROPOLITANA DE SANTIAGO", "provincia": "Santiago", "totalapellido": 93, "totalcomuna": 142696, "prct_apellido": 0.000652, "Frecuencia provincia": 0.017023, "Frecuencia región": 0.018986, "cod_comuna": "13127"}, {"comuna": "LIMACHE", "region": "05. REGION DE VALPARAISO", "provincia": "Marga Marga", "totalapellido": 22, "totalcomuna": 39423, "prct_apellido": 0.000558, "Frecuencia provincia": 0.034753, "Frecuencia región": 0.029341, "cod_comuna": "05802"}, {"comuna": "MOLINA", "region": "07. REGION DEL MAULE", "provincia": "Curicó", "totalapellido": 20, "totalcomuna": 39426, "prct_apellido": 0.000507, "Frecuencia provincia": 0.081137, "Frecuencia región": 0.082553, "cod_comuna": "07304"}, {"comuna": "COCHRANE", "region": "11. REGION DE AYSEN DEL GENERAL CARLOS IBAÑEZ DEL CAMPO", "provincia": "Capitán Prat", "totalapellido": 1, "totalcomuna": 3384, "prct_apellido": 0.000296, "Frecuencia provincia": 0.340154, "Frecuencia región": 0.077233, "cod_comuna": "11301"}, {"comuna": "CAMARONES", "region": "15. REGION DE ARICA Y PARINACOTA", "provincia": "Arica", "totalapellido": 1, "totalcomuna": 3392, "prct_apellido": 0.000295, "Frecuencia provincia": 0.025797, "Frecuencia región": 0.026725, "cod_comuna": "15102"}, {"comuna": "CHILLAN", "region": "16. REGION DE ÑUBLE", "provincia": "Diguillín", "totalapellido": 98, "totalcomuna": 152723, "prct_apellido": 0.000642, "Frecuencia provincia": 0.065041, "Frecuencia región": 0.0859, "cod_comuna": "16101"}, {"comuna": "SANTIAGO", "region": "13. REGION METROPOLITANA DE SANTIAGO", "provincia": "Santiago", "totalapellido": 176, "totalcomuna": 340282, "prct_apellido": 0.000517, "Frecuencia provincia": 0.017023, "Frecuencia región": 0.018986, "cod_comuna": "13101"}, {"comuna": "PEÑAFLOR", "region": "13. REGION METROPOLITANA DE SANTIAGO", "provincia": "Talagante", "totalapellido": 46, "totalcomuna": 72543, "prct_apellido": 0.000634, "Frecuencia provincia": 0.065142, "Frecuencia región": 0.018986, "cod_comuna": "13605"}, {"comuna": "CALERA", "region": "05. REGION DE VALPARAISO", "provincia": "Quillota", "totalapellido": 39, "totalcomuna": 44980, "prct_apellido": 0.000867, "Frecuencia provincia": 0.079787, "Frecuencia región": 0.029341, "cod_comuna": "05502"}, {"comuna": "MOSTAZAL", "region": "06. REGION DEL LIBERTADOR GENERAL BERNARDO O'HIGGINS", "provincia": "Cachapoal", "totalapellido": 16, "totalcomuna": 20983, "prct_apellido": 0.000763, "Frecuencia provincia": 0.061427, "Frecuencia región": 0.074338, "cod_comuna": "06110"}, {"comuna": "SAN MIGUEL", "region": "13. REGION METROPOLITANA DE SANTIAGO", "provincia": "Santiago", "totalapellido": 64, "totalcomuna": 105090, "prct_apellido": 0.000609, "Frecuencia provincia": 0.017023, "Frecuencia región": 0.018986, "cod_comuna": "13130"}, {"comuna": "PENCO", "region": "08. REGION DEL BIOBIO", "provincia": "Concepción", "totalapellido": 40, "totalcomuna": 42200, "prct_apellido": 0.000948, "Frecuencia provincia": 0.045559, "Frecuencia región": 0.056049, "cod_comuna": "08107"}, {"comuna": "VILLA ALEMANA", "region": "05. REGION DE VALPARAISO", "provincia": "Marga Marga", "totalapellido": 54, "totalcomuna": 98544, "prct_apellido": 0.000548, "Frecuencia provincia": 0.034753, "Frecuencia región": 0.029341, "cod_comuna": "05804"}, {"comuna": "EL BOSQUE", "region": "13. REGION METROPOLITANA DE SANTIAGO", "provincia": "Santiago", "totalapellido": 67, "totalcomuna": 137677, "prct_apellido": 0.000487, "Frecuencia provincia": 0.017023, "Frecuencia región": 0.018986, "cod_comuna": "13105"}, {"comuna": "VALDIVIA", "region": "14. REGION DE LOS RIOS", "provincia": "Valdivia", "totalapellido": 93, "totalcomuna": 138619, "prct_apellido": 0.000671, "Frecuencia provincia": 0.046113, "Frecuencia región": 0.0544, "cod_comuna": "14101"}, {"comuna": "CERRILLOS", "region": "13. REGION METROPOLITANA DE SANTIAGO", "provincia": "Santiago", "totalapellido": 37, "totalcomuna": 67537, "prct_apellido": 0.000548, "Frecuencia provincia": 0.017023, "Frecuencia región": 0.018986, "cod_comuna": "13102"}, {"comuna": "CAÑETE", "region": "08. REGION DEL BIOBIO", "provincia": "Arauco", "totalapellido": 34, "totalcomuna": 29478, "prct_apellido": 0.001153, "Frecuencia provincia": 0.169853, "Frecuencia región": 0.056049, "cod_comuna": "08203"}, {"comuna": "CHILLAN VIEJO", "region": "16. REGION DE ÑUBLE", "provincia": "Diguillín", "totalapellido": 22, "totalcomuna": 22462, "prct_apellido": 0.000979, "Frecuencia provincia": 0.065041, "Frecuencia región": 0.0859, "cod_comuna": "16103"}, {"comuna": "CURACO DE VELEZ", "region": "10. REGION DE LOS LAGOS", "provincia": "Chiloé", "totalapellido": 1, "totalcomuna": 3797, "prct_apellido": 0.000263, "Frecuencia provincia": 0.112043, "Frecuencia región": 0.052521, "cod_comuna": "10204"}, {"comuna": "FUTALEUFU", "region": "10. REGION DE LOS LAGOS", "provincia": "Palena", "totalapellido": 6, "totalcomuna": 3856, "prct_apellido": 0.001556, "Frecuencia provincia": 0.256614, "Frecuencia región": 0.052521, "cod_comuna": "10402"}, {"comuna": "TALAGANTE", "region": "13. REGION METROPOLITANA DE SANTIAGO", "provincia": "Talagante", "totalapellido": 26, "totalcomuna": 58141, "prct_apellido": 0.000447, "Frecuencia provincia": 0.065142, "Frecuencia región": 0.018986, "cod_comuna": "13601"}, {"comuna": "ARICA", "region": "15. REGION DE ARICA Y PARINACOTA", "provincia": "Arica", "totalapellido": 101, "totalcomuna": 180060, "prct_apellido": 0.000561, "Frecuencia provincia": 0.025797, "Frecuencia región": 0.026725, "cod_comuna": "15101"}, {"comuna": "ERCILLA", "region": "09. REGION DE LA ARAUCANIA", "provincia": "Malleco", "totalapellido": 4, "totalcomuna": 8142, "prct_apellido": 0.000491, "Frecuencia provincia": 0.133465, "Frecuencia región": 0.051873, "cod_comuna": "09204"}, {"comuna": "LA CRUZ", "region": "05. REGION DE VALPARAISO", "provincia": "Quillota", "totalapellido": 9, "totalcomuna": 16329, "prct_apellido": 0.000551, "Frecuencia provincia": 0.079787, "Frecuencia región": 0.029341, "cod_comuna": "05504"}, {"comuna": "TENO", "region": "07. REGION DEL MAULE", "provincia": "Curicó", "totalapellido": 7, "totalcomuna": 24958, "prct_apellido": 0.00028, "Frecuencia provincia": 0.081137, "Frecuencia región": 0.082553, "cod_comuna": "07308"}, {"comuna": "PEMUCO", "region": "16. REGION DE ÑUBLE", "provincia": "Diguillín", "totalapellido": 3, "totalcomuna": 8351, "prct_apellido": 0.000359, "Frecuencia provincia": 0.065041, "Frecuencia región": 0.0859, "cod_comuna": "16105"}, {"comuna": "FRUTILLAR", "region": "10. REGION DE LOS LAGOS", "provincia": "Llanquihue", "totalapellido": 4, "totalcomuna": 16778, "prct_apellido": 0.000238, "Frecuencia provincia": 0.042563, "Frecuencia región": 0.052521, "cod_comuna": "10105"}, {"comuna": "SAN PEDRO", "region": "13. REGION METROPOLITANA DE SANTIAGO", "provincia": "Melipilla", "totalapellido": 5, "totalcomuna": 8486, "prct_apellido": 0.000589, "Frecuencia provincia": 0.072308, "Frecuencia región": 0.018986, "cod_comuna": "13505"}, {"comuna": "PROVIDENCIA", "region": "13. REGION METROPOLITANA DE SANTIAGO", "provincia": "Santiago", "totalapellido": 92, "totalcomuna": 170255, "prct_apellido": 0.00054, "Frecuencia provincia": 0.017023, "Frecuencia región": 0.018986, "cod_comuna": "13123"}, {"comuna": "MELIPILLA", "region": "13. REGION METROPOLITANA DE SANTIAGO", "provincia": "Melipilla", "totalapellido": 26, "totalcomuna": 97217, "prct_apellido": 0.000267, "Frecuencia provincia": 0.072308, "Frecuencia región": 0.018986, "cod_comuna": "13501"}, {"comuna": "ALTO HOSPICIO", "region": "01. REGION DE TARAPACA", "provincia": "Iquique", "totalapellido": 28, "totalcomuna": 58683, "prct_apellido": 0.000477, "Frecuencia provincia": 0.023146, "Frecuencia región": 0.02576, "cod_comuna": "01107"}, {"comuna": "AISEN", "region": "11. REGION DE AYSEN DEL GENERAL CARLOS IBAÑEZ DEL CAMPO", "provincia": NaN, "totalapellido": 11, "totalcomuna": 22587, "prct_apellido": 0.000487, "Frecuencia provincia": NaN, "Frecuencia región": 0.077233, "cod_comuna": null}, {"comuna": "CISNES", "region": "11. REGION DE AYSEN DEL GENERAL CARLOS IBAÑEZ DEL CAMPO", "provincia": "Aysén", "totalapellido": 8, "totalcomuna": 4569, "prct_apellido": 0.001751, "Frecuencia provincia": 0.259791, "Frecuencia región": 0.077233, "cod_comuna": "11202"}, {"comuna": "ALGARROBO", "region": "05. REGION DE VALPARAISO", "provincia": "San Antonio", "totalapellido": 9, "totalcomuna": 13779, "prct_apellido": 0.000653, "Frecuencia provincia": 0.076723, "Frecuencia región": 0.029341, "cod_comuna": "05602"}, {"comuna": "TALCA", "region": "07. REGION DEL MAULE", "provincia": "Talca", "totalapellido": 98, "totalcomuna": 179640, "prct_apellido": 0.000546, "Frecuencia provincia": 0.062885, "Frecuencia región": 0.082553, "cod_comuna": "07101"}, {"comuna": "LUMACO", "region": "09. REGION DE LA ARAUCANIA", "provincia": "Malleco", "totalapellido": 7, "totalcomuna": 9284, "prct_apellido": 0.000754, "Frecuencia provincia": 0.133465, "Frecuencia región": 0.051873, "cod_comuna": "09207"}, {"comuna": "ÑUÑOA", "region": "13. REGION METROPOLITANA DE SANTIAGO", "provincia": "Santiago", "totalapellido": 86, "totalcomuna": 197198, "prct_apellido": 0.000436, "Frecuencia provincia": 0.017023, "Frecuencia región": 0.018986, "cod_comuna": "13120"}, {"comuna": "LAGO RANCO", "region": "14. REGION DE LOS RIOS", "provincia": "Ranco", "totalapellido": 5, "totalcomuna": 9453, "prct_apellido": 0.000529, "Frecuencia provincia": 0.112447, "Frecuencia región": 0.0544, "cod_comuna": "14203"}, {"comuna": "INDEPENDENCIA", "region": "13. REGION METROPOLITANA DE SANTIAGO", "provincia": "Santiago", "totalapellido": 38, "totalcomuna": 82629, "prct_apellido": 0.00046, "Frecuencia provincia": 0.017023, "Frecuencia región": 0.018986, "cod_comuna": "13108"}, {"comuna": "FUTRONO", "region": "14. REGION DE LOS RIOS", "provincia": "Ranco", "totalapellido": 10, "totalcomuna": 14637, "prct_apellido": 0.000683, "Frecuencia provincia": 0.112447, "Frecuencia región": 0.0544, "cod_comuna": "14202"}, {"comuna": "HUALAÑE", "region": "07. REGION DEL MAULE", "provincia": "Curicó", "totalapellido": 5, "totalcomuna": 9784, "prct_apellido": 0.000511, "Frecuencia provincia": 0.081137, "Frecuencia región": 0.082553, "cod_comuna": "07302"}, {"comuna": "ANTOFAGASTA", "region": "02. REGION DE ANTOFAGASTA", "provincia": "Antofagasta", "totalapellido": 96, "totalcomuna": 286950, "prct_apellido": 0.000335, "Frecuencia provincia": 0.020817, "Frecuencia región": 0.025007, "cod_comuna": "02101"}, {"comuna": "PURRANQUE", "region": "10. REGION DE LOS LAGOS", "provincia": "Osorno", "totalapellido": 6, "totalcomuna": 19882, "prct_apellido": 0.000302, "Frecuencia provincia": 0.047856, "Frecuencia región": 0.052521, "cod_comuna": "10303"}, {"comuna": "RAUCO", "region": "07. REGION DEL MAULE", "provincia": "Curicó", "totalapellido": 2, "totalcomuna": 9956, "prct_apellido": 0.000201, "Frecuencia provincia": 0.081137, "Frecuencia región": 0.082553, "cod_comuna": "07305"}, {"comuna": "LO BARNECHEA", "region": "13. REGION METROPOLITANA DE SANTIAGO", "provincia": "Santiago", "totalapellido": 39, "totalcomuna": 82669, "prct_apellido": 0.000472, "Frecuencia provincia": 0.017023, "Frecuencia región": 0.018986, "cod_comuna": "13115"}, {"comuna": "ALTO DEL CARMEN", "region": "03. REGION DE ATACAMA", "provincia": "Huasco", "totalapellido": 3, "totalcomuna": 5202, "prct_apellido": 0.000577, "Frecuencia provincia": 0.121458, "Frecuencia región": 0.058317, "cod_comuna": "03302"}, {"comuna": "FLORIDA", "region": "08. REGION DEL BIOBIO", "provincia": "Concepción", "totalapellido": 3, "totalcomuna": 10451, "prct_apellido": 0.000287, "Frecuencia provincia": 0.045559, "Frecuencia región": 0.056049, "cod_comuna": "08104"}, {"comuna": "PAINE", "region": "13. REGION METROPOLITANA DE SANTIAGO", "provincia": "Maipo", "totalapellido": 27, "totalcomuna": 53793, "prct_apellido": 0.000502, "Frecuencia provincia": 0.033289, "Frecuencia región": 0.018986, "cod_comuna": "13404"}, {"comuna": "LAMPA", "region": "13. REGION METROPOLITANA DE SANTIAGO", "provincia": "Chacabuco", "totalapellido": 24, "totalcomuna": 59623, "prct_apellido": 0.000403, "Frecuencia provincia": 0.035407, "Frecuencia región": 0.018986, "cod_comuna": "13302"}, {"comuna": "YUNGAY", "region": "16. REGION DE ÑUBLE", "provincia": "Diguillín", "totalapellido": 7, "totalcomuna": 16320, "prct_apellido": 0.000429, "Frecuencia provincia": 0.065041, "Frecuencia región": 0.0859, "cod_comuna": "16109"}, {"comuna": "MARIA PINTO", "region": "13. REGION METROPOLITANA DE SANTIAGO", "provincia": "Melipilla", "totalapellido": 3, "totalcomuna": 11495, "prct_apellido": 0.000261, "Frecuencia provincia": 0.072308, "Frecuencia región": 0.018986, "cod_comuna": "13504"}, {"comuna": "LAS CONDES", "region": "13. REGION METROPOLITANA DE SANTIAGO", "provincia": "Santiago", "totalapellido": 108, "totalcomuna": 269517, "prct_apellido": 0.000401, "Frecuencia provincia": 0.017023, "Frecuencia región": 0.018986, "cod_comuna": "13114"}, {"comuna": "SAN NICOLAS", "region": "16. REGION DE ÑUBLE", "provincia": "Punilla", "totalapellido": 4, "totalcomuna": 11730, "prct_apellido": 0.000341, "Frecuencia provincia": 0.169589, "Frecuencia región": 0.0859, "cod_comuna": "16305"}, {"comuna": "CURICO", "region": "07. REGION DEL MAULE", "provincia": "Curicó", "totalapellido": 46, "totalcomuna": 117810, "prct_apellido": 0.00039, "Frecuencia provincia": 0.081137, "Frecuencia región": 0.082553, "cod_comuna": "07301"}, {"comuna": "PUERTO VARAS", "region": "10. REGION DE LOS LAGOS", "provincia": "Llanquihue", "totalapellido": 13, "totalcomuna": 42326, "prct_apellido": 0.000307, "Frecuencia provincia": 0.042563, "Frecuencia región": 0.052521, "cod_comuna": "10109"}, {"comuna": "PUTRE", "region": "15. REGION DE ARICA Y PARINACOTA", "provincia": "Parinacota", "totalapellido": 4, "totalcomuna": 6059, "prct_apellido": 0.00066, "Frecuencia provincia": 0.189111, "Frecuencia región": 0.026725, "cod_comuna": "15201"}, {"comuna": "LONQUIMAY", "region": "09. REGION DE LA ARAUCANIA", "provincia": "Malleco", "totalapellido": 9, "totalcomuna": 12215, "prct_apellido": 0.000737, "Frecuencia provincia": 0.133465, "Frecuencia región": 0.051873, "cod_comuna": "09205"}, {"comuna": "DOÑIHUE", "region": "06. REGION DEL LIBERTADOR GENERAL BERNARDO O'HIGGINS", "provincia": "Cachapoal", "totalapellido": 4, "totalcomuna": 18424, "prct_apellido": 0.000217, "Frecuencia provincia": 0.061427, "Frecuencia región": 0.074338, "cod_comuna": "06105"}, {"comuna": "ALHUE", "region": "13. REGION METROPOLITANA DE SANTIAGO", "provincia": "Melipilla", "totalapellido": 2, "totalcomuna": 6153, "prct_apellido": 0.000325, "Frecuencia provincia": 0.072308, "Frecuencia región": 0.018986, "cod_comuna": "13502"}, {"comuna": "TIERRA AMARILLA", "region": "03. REGION DE ATACAMA", "provincia": "Copiapó", "totalapellido": 4, "totalcomuna": 12798, "prct_apellido": 0.000313, "Frecuencia provincia": 0.043922, "Frecuencia región": 0.058317, "cod_comuna": "03103"}, {"comuna": "VIÑA DEL MAR", "region": "05. REGION DE VALPARAISO", "provincia": "Valparaíso", "totalapellido": 95, "totalcomuna": 301370, "prct_apellido": 0.000315, "Frecuencia provincia": 0.017698, "Frecuencia región": 0.029341, "cod_comuna": "05109"}, {"comuna": "LITUECHE", "region": "06. REGION DEL LIBERTADOR GENERAL BERNARDO O'HIGGINS", "provincia": "Cardenal Caro", "totalapellido": 2, "totalcomuna": 6511, "prct_apellido": 0.000307, "Frecuencia provincia": 0.199859, "Frecuencia región": 0.074338, "cod_comuna": "06203"}, {"comuna": "CONCON", "region": "05. REGION DE VALPARAISO", "provincia": "Valparaíso", "totalapellido": 13, "totalcomuna": 39439, "prct_apellido": 0.00033, "Frecuencia provincia": 0.017698, "Frecuencia región": 0.029341, "cod_comuna": "05103"}, {"comuna": "DIEGO DE ALMAGRO", "region": "03. REGION DE ATACAMA", "provincia": "Chañaral", "totalapellido": 5, "totalcomuna": 13390, "prct_apellido": 0.000373, "Frecuencia provincia": 0.158476, "Frecuencia región": 0.058317, "cod_comuna": "03202"}, {"comuna": "RANCAGUA", "region": "06. REGION DEL LIBERTADOR GENERAL BERNARDO O'HIGGINS", "provincia": "Cachapoal", "totalapellido": 72, "totalcomuna": 194487, "prct_apellido": 0.00037, "Frecuencia provincia": 0.061427, "Frecuencia región": 0.074338, "cod_comuna": "06101"}, {"comuna": "GRANEROS", "region": "06. REGION DEL LIBERTADOR GENERAL BERNARDO O'HIGGINS", "provincia": "Cachapoal", "totalapellido": 7, "totalcomuna": 26877, "prct_apellido": 0.00026, "Frecuencia provincia": 0.061427, "Frecuencia región": 0.074338, "cod_comuna": "06106"}, {"comuna": "PUNTA ARENAS", "region": "12. REGION DE MAGALLANES Y DE LA ANTARTICA CHILENA", "provincia": "Magallanes", "totalapellido": 34, "totalcomuna": 122525, "prct_apellido": 0.000277, "Frecuencia provincia": 0.031287, "Frecuencia región": 0.037004, "cod_comuna": "12101"}, {"comuna": "LINARES", "region": "07. REGION DEL MAULE", "provincia": "Linares", "totalapellido": 23, "totalcomuna": 81744, "prct_apellido": 0.000281, "Frecuencia provincia": 0.120949, "Frecuencia región": 0.082553, "cod_comuna": "07401"}, {"comuna": "LICANTEN", "region": "07. REGION DEL MAULE", "provincia": "Curicó", "totalapellido": 3, "totalcomuna": 6863, "prct_apellido": 0.000437, "Frecuencia provincia": 0.081137, "Frecuencia región": 0.082553, "cod_comuna": "07303"}, {"comuna": "CHEPICA", "region": "06. REGION DEL LIBERTADOR GENERAL BERNARDO O'HIGGINS", "provincia": "Colchagua", "totalapellido": 2, "totalcomuna": 13750, "prct_apellido": 0.000145, "Frecuencia provincia": 0.12967, "Frecuencia región": 0.074338, "cod_comuna": "06302"}, {"comuna": "CASTRO", "region": "10. REGION DE LOS LAGOS", "provincia": "Chiloé", "totalapellido": 10, "totalcomuna": 41394, "prct_apellido": 0.000242, "Frecuencia provincia": 0.112043, "Frecuencia región": 0.052521, "cod_comuna": "10201"}, {"comuna": "VILLA ALEGRE", "region": "07. REGION DEL MAULE", "provincia": "Linares", "totalapellido": 5, "totalcomuna": 13869, "prct_apellido": 0.000361, "Frecuencia provincia": 0.120949, "Frecuencia región": 0.082553, "cod_comuna": "07407"}, {"comuna": "CALAMA", "region": "02. REGION DE ANTOFAGASTA", "provincia": "El Loa", "totalapellido": 33, "totalcomuna": 132333, "prct_apellido": 0.000249, "Frecuencia provincia": 0.035053, "Frecuencia región": 0.025007, "cod_comuna": "02201"}, {"comuna": "SAN FERNANDO", "region": "06. REGION DEL LIBERTADOR GENERAL BERNARDO O'HIGGINS", "provincia": "Colchagua", "totalapellido": 21, "totalcomuna": 62989, "prct_apellido": 0.000333, "Frecuencia provincia": 0.12967, "Frecuencia región": 0.074338, "cod_comuna": "06301"}, {"comuna": "PAREDONES", "region": "06. REGION DEL LIBERTADOR GENERAL BERNARDO O'HIGGINS", "provincia": "Cardenal Caro", "totalapellido": 2, "totalcomuna": 7074, "prct_apellido": 0.000283, "Frecuencia provincia": 0.199859, "Frecuencia región": 0.074338, "cod_comuna": "06206"}, {"comuna": "COINCO", "region": "06. REGION DEL LIBERTADOR GENERAL BERNARDO O'HIGGINS", "provincia": "Cachapoal", "totalapellido": 4, "totalcomuna": 7240, "prct_apellido": 0.000552, "Frecuencia provincia": 0.061427, "Frecuencia región": 0.074338, "cod_comuna": "06103"}, {"comuna": "COIHUECO", "region": "16. REGION DE ÑUBLE", "provincia": "Punilla", "totalapellido": 11, "totalcomuna": 22169, "prct_apellido": 0.000496, "Frecuencia provincia": 0.169589, "Frecuencia región": 0.0859, "cod_comuna": "16302"}, {"comuna": "MACHALI", "region": "06. REGION DEL LIBERTADOR GENERAL BERNARDO O'HIGGINS", "provincia": "Cachapoal", "totalapellido": 13, "totalcomuna": 37103, "prct_apellido": 0.00035, "Frecuencia provincia": 0.061427, "Frecuencia región": 0.074338, "cod_comuna": "06108"}, {"comuna": "LOS SAUCES", "region": "09. REGION DE LA ARAUCANIA", "provincia": "Malleco", "totalapellido": 1, "totalcomuna": 7531, "prct_apellido": 0.000133, "Frecuencia provincia": 0.133465, "Frecuencia región": 0.051873, "cod_comuna": "09206"}, {"comuna": "LA CISTERNA", "region": "13. REGION METROPOLITANA DE SANTIAGO", "provincia": "Santiago", "totalapellido": 29, "totalcomuna": 83246, "prct_apellido": 0.000348, "Frecuencia provincia": 0.017023, "Frecuencia región": 0.018986, "cod_comuna": "13109"}, {"comuna": "SANTA CRUZ", "region": "06. REGION DEL LIBERTADOR GENERAL BERNARDO O'HIGGINS", "provincia": "Colchagua", "totalapellido": 10, "totalcomuna": 31217, "prct_apellido": 0.00032, "Frecuencia provincia": 0.12967, "Frecuencia región": 0.074338, "cod_comuna": "06310"}, {"comuna": "VALPARAISO", "region": "05. REGION DE VALPARAISO", "provincia": "Valparaíso", "totalapellido": 83, "totalcomuna": 290125, "prct_apellido": 0.000286, "Frecuencia provincia": 0.017698, "Frecuencia región": 0.029341, "cod_comuna": "05101"}, {"comuna": "PELLUHUE", "region": "07. REGION DEL MAULE", "provincia": "Cauquenes", "totalapellido": 2, "totalcomuna": 7848, "prct_apellido": 0.000255, "Frecuencia provincia": 0.18103, "Frecuencia región": 0.082553, "cod_comuna": "07203"}, {"comuna": "CONCHALI", "region": "13. REGION METROPOLITANA DE SANTIAGO", "provincia": "Santiago", "totalapellido": 45, "totalcomuna": 118624, "prct_apellido": 0.000379, "Frecuencia provincia": 0.017023, "Frecuencia región": 0.018986, "cod_comuna": "13104"}, {"comuna": "PUCHUNCAVI", "region": "05. REGION DE VALPARAISO", "provincia": "Valparaíso", "totalapellido": 3, "totalcomuna": 16007, "prct_apellido": 0.000187, "Frecuencia provincia": 0.017698, "Frecuencia región": 0.029341, "cod_comuna": "05105"}, {"comuna": "RENGO", "region": "06. REGION DEL LIBERTADOR GENERAL BERNARDO O'HIGGINS", "provincia": "Cachapoal", "totalapellido": 15, "totalcomuna": 48595, "prct_apellido": 0.000309, "Frecuencia provincia": 0.061427, "Frecuencia región": 0.074338, "cod_comuna": "06115"}, {"comuna": "SAN JUAN DE LA COSTA", "region": "10. REGION DE LOS LAGOS", "provincia": "Osorno", "totalapellido": 1, "totalcomuna": 8197, "prct_apellido": 0.000122, "Frecuencia provincia": 0.047856, "Frecuencia región": 0.052521, "cod_comuna": "10306"}, {"comuna": "QUILLOTA", "region": "05. REGION DE VALPARAISO", "provincia": "Quillota", "totalapellido": 21, "totalcomuna": 75479, "prct_apellido": 0.000278, "Frecuencia provincia": 0.079787, "Frecuencia región": 0.029341, "cod_comuna": "05501"}, {"comuna": "PELARCO", "region": "07. REGION DEL MAULE", "provincia": "Talca", "totalapellido": 1, "totalcomuna": 8540, "prct_apellido": 0.000117, "Frecuencia provincia": 0.062885, "Frecuencia región": 0.082553, "cod_comuna": "07106"}, {"comuna": "HUALAIHUE", "region": "10. REGION DE LOS LAGOS", "provincia": "Palena", "totalapellido": 1, "totalcomuna": 8692, "prct_apellido": 0.000115, "Frecuencia provincia": 0.256614, "Frecuencia región": 0.052521, "cod_comuna": "10403"}, {"comuna": "ZAPALLAR", "region": "05. REGION DE VALPARAISO", "provincia": "Petorca", "totalapellido": 1, "totalcomuna": 8709, "prct_apellido": 0.000115, "Frecuencia provincia": 0.160073, "Frecuencia región": 0.029341, "cod_comuna": "05405"}, {"comuna": "LA SERENA", "region": "04. REGION DE COQUIMBO", "provincia": "Elqui", "totalapellido": 37, "totalcomuna": 174853, "prct_apellido": 0.000212, "Frecuencia provincia": 0.034381, "Frecuencia región": 0.046565, "cod_comuna": "04101"}, {"comuna": "CURACAVI", "region": "13. REGION METROPOLITANA DE SANTIAGO", "provincia": "Melipilla", "totalapellido": 6, "totalcomuna": 26345, "prct_apellido": 0.000228, "Frecuencia provincia": 0.072308, "Frecuencia región": 0.018986, "cod_comuna": "13503"}, {"comuna": "IQUIQUE", "region": "01. REGION DE TARAPACA", "provincia": "Iquique", "totalapellido": 51, "totalcomuna": 167553, "prct_apellido": 0.000304, "Frecuencia provincia": 0.023146, "Frecuencia región": 0.02576, "cod_comuna": "01101"}, {"comuna": "VITACURA", "region": "13. REGION METROPOLITANA DE SANTIAGO", "provincia": "Santiago", "totalapellido": 24, "totalcomuna": 89311, "prct_apellido": 0.000269, "Frecuencia provincia": 0.017023, "Frecuencia región": 0.018986, "cod_comuna": "13132"}, {"comuna": "PUERTO OCTAY", "region": "10. REGION DE LOS LAGOS", "provincia": "Osorno", "totalapellido": 1, "totalcomuna": 9024, "prct_apellido": 0.000111, "Frecuencia provincia": 0.047856, "Frecuencia región": 0.052521, "cod_comuna": "10302"}, {"comuna": "ISLA DE MAIPO", "region": "13. REGION METROPOLITANA DE SANTIAGO", "provincia": "Talagante", "totalapellido": 15, "totalcomuna": 27965, "prct_apellido": 0.000536, "Frecuencia provincia": 0.065142, "Frecuencia región": 0.018986, "cod_comuna": "13603"}, {"comuna": "CAUQUENES", "region": "07. REGION DEL MAULE", "provincia": "Cauquenes", "totalapellido": 5, "totalcomuna": 37610, "prct_apellido": 0.000133, "Frecuencia provincia": 0.18103, "Frecuencia región": 0.082553, "cod_comuna": "07201"}, {"comuna": "RINCONADA", "region": "05. REGION DE VALPARAISO", "provincia": "Los Andes", "totalapellido": 1, "totalcomuna": 9470, "prct_apellido": 0.000106, "Frecuencia provincia": 0.083664, "Frecuencia región": 0.029341, "cod_comuna": "05303"}, {"comuna": "CHANCO", "region": "07. REGION DEL MAULE", "provincia": "Cauquenes", "totalapellido": 2, "totalcomuna": 9488, "prct_apellido": 0.000211, "Frecuencia provincia": 0.18103, "Frecuencia región": 0.082553, "cod_comuna": "07202"}, {"comuna": "QUILPUE", "region": "05. REGION DE VALPARAISO", "provincia": "Marga Marga", "totalapellido": 27, "totalcomuna": 134448, "prct_apellido": 0.000201, "Frecuencia provincia": 0.034753, "Frecuencia región": 0.029341, "cod_comuna": "05801"}, {"comuna": "PAILLACO", "region": "14. REGION DE LOS RIOS", "provincia": "Valdivia", "totalapellido": 4, "totalcomuna": 19259, "prct_apellido": 0.000208, "Frecuencia provincia": 0.046113, "Frecuencia región": 0.0544, "cod_comuna": "14107"}, {"comuna": "PUERTO MONTT", "region": "10. REGION DE LOS LAGOS", "provincia": "Llanquihue", "totalapellido": 36, "totalcomuna": 186565, "prct_apellido": 0.000193, "Frecuencia provincia": 0.042563, "Frecuencia región": 0.052521, "cod_comuna": "10101"}, {"comuna": "OVALLE", "region": "04. REGION DE COQUIMBO", "provincia": "Limarí", "totalapellido": 10, "totalcomuna": 91832, "prct_apellido": 0.000109, "Frecuencia provincia": 0.102708, "Frecuencia región": 0.046565, "cod_comuna": "04301"}, {"comuna": "PALMILLA", "region": "06. REGION DEL LIBERTADOR GENERAL BERNARDO O'HIGGINS", "provincia": "Colchagua", "totalapellido": 1, "totalcomuna": 10428, "prct_apellido": 9.6e-05, "Frecuencia provincia": 0.12967, "Frecuencia región": 0.074338, "cod_comuna": "06306"}, {"comuna": "PENCAHUE", "region": "07. REGION DEL MAULE", "provincia": "Talca", "totalapellido": 1, "totalcomuna": 10505, "prct_apellido": 9.5e-05, "Frecuencia provincia": 0.062885, "Frecuencia región": 0.082553, "cod_comuna": "07107"}, {"comuna": "ÑIQUEN", "region": "16. REGION DE ÑUBLE", "provincia": "Punilla", "totalapellido": 2, "totalcomuna": 10642, "prct_apellido": 0.000188, "Frecuencia provincia": 0.169589, "Frecuencia región": 0.0859, "cod_comuna": "16303"}, {"comuna": "BUIN", "region": "13. REGION METROPOLITANA DE SANTIAGO", "provincia": "Maipo", "totalapellido": 30, "totalcomuna": 75333, "prct_apellido": 0.000398, "Frecuencia provincia": 0.033289, "Frecuencia región": 0.018986, "cod_comuna": "13402"}, {"comuna": "PUNITAQUI", "region": "04. REGION DE COQUIMBO", "provincia": "Limarí", "totalapellido": 1, "totalcomuna": 10763, "prct_apellido": 9.3e-05, "Frecuencia provincia": 0.102708, "Frecuencia región": 0.046565, "cod_comuna": "04304"}, {"comuna": "CHOLCHOL", "region": "09. REGION DE LA ARAUCANIA", "provincia": "Cautín", "totalapellido": 4, "totalcomuna": 11095, "prct_apellido": 0.000361, "Frecuencia provincia": 0.043946, "Frecuencia región": 0.051873, "cod_comuna": "09121"}, {"comuna": "SAN ANTONIO", "region": "05. REGION DE VALPARAISO", "provincia": "San Antonio", "totalapellido": 24, "totalcomuna": 78443, "prct_apellido": 0.000306, "Frecuencia provincia": 0.076723, "Frecuencia región": 0.029341, "cod_comuna": "05601"}, {"comuna": "ANDACOLLO", "region": "04. REGION DE COQUIMBO", "provincia": "Elqui", "totalapellido": 2, "totalcomuna": 11296, "prct_apellido": 0.000177, "Frecuencia provincia": 0.034381, "Frecuencia región": 0.046565, "cod_comuna": "04103"}, {"comuna": "CALLE LARGA", "region": "05. REGION DE VALPARAISO", "provincia": "Los Andes", "totalapellido": 1, "totalcomuna": 11445, "prct_apellido": 8.7e-05, "Frecuencia provincia": 0.083664, "Frecuencia región": 0.029341, "cod_comuna": "05302"}, {"comuna": "REQUINOA", "region": "06. REGION DEL LIBERTADOR GENERAL BERNARDO O'HIGGINS", "provincia": "Cachapoal", "totalapellido": 8, "totalcomuna": 23028, "prct_apellido": 0.000347, "Frecuencia provincia": 0.061427, "Frecuencia región": 0.074338, "cod_comuna": "06116"}, {"comuna": "SANTO DOMINGO", "region": "05. REGION DE VALPARAISO", "provincia": "San Antonio", "totalapellido": 1, "totalcomuna": 11535, "prct_apellido": 8.7e-05, "Frecuencia provincia": 0.076723, "Frecuencia región": 0.029341, "cod_comuna": "05606"}, {"comuna": "PUYEHUE", "region": "10. REGION DE LOS LAGOS", "provincia": "Osorno", "totalapellido": 2, "totalcomuna": 11597, "prct_apellido": 0.000172, "Frecuencia provincia": 0.047856, "Frecuencia región": 0.052521, "cod_comuna": "10304"}, {"comuna": "CARAHUE", "region": "09. REGION DE LA ARAUCANIA", "provincia": "Cautín", "totalapellido": 9, "totalcomuna": 24697, "prct_apellido": 0.000364, "Frecuencia provincia": 0.043946, "Frecuencia región": 0.051873, "cod_comuna": "09102"}, {"comuna": "OLIVAR", "region": "06. REGION DEL LIBERTADOR GENERAL BERNARDO O'HIGGINS", "provincia": "Cachapoal", "totalapellido": 3, "totalcomuna": 12496, "prct_apellido": 0.00024, "Frecuencia provincia": 0.061427, "Frecuencia región": 0.074338, "cod_comuna": "06111"}, {"comuna": "EL CARMEN", "region": "16. REGION DE ÑUBLE", "provincia": "Diguillín", "totalapellido": 1, "totalcomuna": 12500, "prct_apellido": 8e-05, "Frecuencia provincia": 0.065041, "Frecuencia región": 0.0859, "cod_comuna": "16104"}, {"comuna": "PARRAL", "region": "07. REGION DEL MAULE", "provincia": "Linares", "totalapellido": 5, "totalcomuna": 37860, "prct_apellido": 0.000132, "Frecuencia provincia": 0.120949, "Frecuencia región": 0.082553, "cod_comuna": "07404"}, {"comuna": "SAAVEDRA", "region": "09. REGION DE LA ARAUCANIA", "provincia": "Cautín", "totalapellido": 2, "totalcomuna": 13270, "prct_apellido": 0.000151, "Frecuencia provincia": 0.043946, "Frecuencia región": 0.051873, "cod_comuna": "09116"}, {"comuna": "ROMERAL", "region": "07. REGION DEL MAULE", "provincia": "Curicó", "totalapellido": 2, "totalcomuna": 13823, "prct_apellido": 0.000145, "Frecuencia provincia": 0.081137, "Frecuencia región": 0.082553, "cod_comuna": "07306"}, {"comuna": "VALLENAR", "region": "03. REGION DE ATACAMA", "provincia": "Huasco", "totalapellido": 15, "totalcomuna": 45529, "prct_apellido": 0.000329, "Frecuencia provincia": 0.121458, "Frecuencia región": 0.058317, "cod_comuna": "03301"}, {"comuna": "PICHIDEGUA", "region": "06. REGION DEL LIBERTADOR GENERAL BERNARDO O'HIGGINS", "provincia": "Cachapoal", "totalapellido": 2, "totalcomuna": 16858, "prct_apellido": 0.000119, "Frecuencia provincia": 0.061427, "Frecuencia región": 0.074338, "cod_comuna": "06113"}, {"comuna": "RETIRO", "region": "07. REGION DEL MAULE", "provincia": "Linares", "totalapellido": 1, "totalcomuna": 17602, "prct_apellido": 5.7e-05, "Frecuencia provincia": 0.120949, "Frecuencia región": 0.082553, "cod_comuna": "07405"}, {"comuna": "CABILDO", "region": "05. REGION DE VALPARAISO", "provincia": "Petorca", "totalapellido": 2, "totalcomuna": 18038, "prct_apellido": 0.000111, "Frecuencia provincia": 0.160073, "Frecuencia región": 0.029341, "cod_comuna": "05402"}, {"comuna": "COIHAIQUE", "region": "11. REGION DE AYSEN DEL GENERAL CARLOS IBAÑEZ DEL CAMPO", "provincia": NaN, "totalapellido": 10, "totalcomuna": 54229, "prct_apellido": 0.000184, "Frecuencia provincia": NaN, "Frecuencia región": 0.077233, "cod_comuna": null}, {"comuna": "TRAIGUEN", "region": "09. REGION DE LA ARAUCANIA", "provincia": "Malleco", "totalapellido": 9, "totalcomuna": 18639, "prct_apellido": 0.000483, "Frecuencia provincia": 0.133465, "Frecuencia región": 0.051873, "cod_comuna": "09210"}, {"comuna": "LOS ANDES", "region": "05. REGION DE VALPARAISO", "provincia": "Los Andes", "totalapellido": 7, "totalcomuna": 55969, "prct_apellido": 0.000125, "Frecuencia provincia": 0.083664, "Frecuencia región": 0.029341, "cod_comuna": "05301"}, {"comuna": "ANCUD", "region": "10. REGION DE LOS LAGOS", "provincia": "Chiloé", "totalapellido": 5, "totalcomuna": 38845, "prct_apellido": 0.000129, "Frecuencia provincia": 0.112043, "Frecuencia región": 0.052521, "cod_comuna": "10202"}, {"comuna": "NOGALES", "region": "05. REGION DE VALPARAISO", "provincia": "Quillota", "totalapellido": 4, "totalcomuna": 19698, "prct_apellido": 0.000203, "Frecuencia provincia": 0.079787, "Frecuencia región": 0.029341, "cod_comuna": "05506"}, {"comuna": "LLAILLAY", "region": "05. REGION DE VALPARAISO", "provincia": "San Felipe de Aconcagua", "totalapellido": 1, "totalcomuna": 20915, "prct_apellido": 4.8e-05, "Frecuencia provincia": 0.102948, "Frecuencia región": 0.029341, "cod_comuna": "05703"}, {"comuna": "CALERA DE TANGO", "region": "13. REGION METROPOLITANA DE SANTIAGO", "provincia": "Maipo", "totalapellido": 5, "totalcomuna": 22305, "prct_apellido": 0.000224, "Frecuencia provincia": 0.033289, "Frecuencia región": 0.018986, "cod_comuna": "13403"}, {"comuna": "VICUÑA", "region": "04. REGION DE COQUIMBO", "provincia": "Elqui", "totalapellido": 3, "totalcomuna": 23678, "prct_apellido": 0.000127, "Frecuencia provincia": 0.034381, "Frecuencia región": 0.046565, "cod_comuna": "04106"}, {"comuna": "SAN CARLOS", "region": "16. REGION DE ÑUBLE", "provincia": "Punilla", "totalapellido": 5, "totalcomuna": 47717, "prct_apellido": 0.000105, "Frecuencia provincia": 0.169589, "Frecuencia región": 0.0859, "cod_comuna": "16301"}, {"comuna": "EL MONTE", "region": "13. REGION METROPOLITANA DE SANTIAGO", "provincia": "Talagante", "totalapellido": 4, "totalcomuna": 27822, "prct_apellido": 0.000144, "Frecuencia provincia": 0.065142, "Frecuencia región": 0.018986, "cod_comuna": "13602"}, {"comuna": "SAN FELIPE", "region": "05. REGION DE VALPARAISO", "provincia": "San Felipe de Aconcagua", "totalapellido": 14, "totalcomuna": 60075, "prct_apellido": 0.000233, "Frecuencia provincia": 0.102948, "Frecuencia región": 0.029341, "cod_comuna": "05701"}, {"comuna": "LA LIGUA", "region": "05. REGION DE VALPARAISO", "provincia": "Petorca", "totalapellido": 2, "totalcomuna": 30181, "prct_apellido": 6.6e-05, "Frecuencia provincia": 0.160073, "Frecuencia región": 0.029341, "cod_comuna": "05401"}, {"comuna": "CALBUCO", "region": "10. REGION DE LOS LAGOS", "provincia": "Llanquihue", "totalapellido": 3, "totalcomuna": 32409, "prct_apellido": 9.3e-05, "Frecuencia provincia": 0.042563, "Frecuencia región": 0.052521, "cod_comuna": "10102"}, {"comuna": "SAN CLEMENTE", "region": "07. REGION DEL MAULE", "provincia": "Talca", "totalapellido": 4, "totalcomuna": 37168, "prct_apellido": 0.000108, "Frecuencia provincia": 0.062885, "Frecuencia región": 0.082553, "cod_comuna": "07109"}, {"comuna": "SAN JAVIER", "region": "07. REGION DEL MAULE", "provincia": "Linares", "totalapellido": 5, "totalcomuna": 39254, "prct_apellido": 0.000127, "Frecuencia provincia": 0.120949, "Frecuencia región": 0.082553, "cod_comuna": "07406"}, {"comuna": "SAN VICENTE", "region": "06. REGION DEL LIBERTADOR GENERAL BERNARDO O'HIGGINS", "provincia": "Cachapoal", "totalapellido": 2, "totalcomuna": 40523, "prct_apellido": 4.9e-05, "Frecuencia provincia": 0.061427, "Frecuencia región": 0.074338, "cod_comuna": "06117"}], "provincias": [], "regiones": []}