{"apellido": "SALDAÑO", "slug": "saldano", "comunas": [{"comuna": "SAN ANTONIO", "region": "05. REGION DE VALPARAISO", "provincia": "San Antonio", "totalapellido": 77, "totalcomuna": 78443, "prct_apellido": 0.000982, "Frecuencia provincia": 0.076723, "Frecuencia región": 0.029341, "cod_comuna": "05601"}, {"comuna": "PLACILLA", "region": "06. REGION DEL LIBERTADOR GENERAL BERNARDO O'HIGGINS", "provincia": "Colchagua", "totalapellido": 14, "totalcomuna": 8240, "prct_apellido": 0.001699, "Frecuencia provincia": 0.12967, "Frecuencia región": 0.074338, "cod_comuna": "06308"}, {"comuna": "EL MONTE", "region": "13. REGION METROPOLITANA DE SANTIAGO", "provincia": "Talagante", "totalapellido": 19, "totalcomuna": 27822, "prct_apellido": 0.000683, "Frecuencia provincia": 0.065142, "Frecuencia región": 0.018986, "cod_comuna": "13602"}, {"comuna": "LAMPA", "region": "13. REGION METROPOLITANA DE SANTIAGO", "provincia": "Chacabuco", "totalapellido": 43, "totalcomuna": 59623, "prct_apellido": 0.000721, "Frecuencia provincia": 0.035407, "Frecuencia región": 0.018986, "cod_comuna": "13302"}, {"comuna": "CALERA", "region": "05. REGION DE VALPARAISO", "provincia": "Quillota", "totalapellido": 28, "totalcomuna": 44980, "prct_apellido": 0.000622, "Frecuencia provincia": 0.079787, "Frecuencia región": 0.029341, "cod_comuna": "05502"}, {"comuna": "PEÑAFLOR", "region": "13. REGION METROPOLITANA DE SANTIAGO", "provincia": "Talagante", "totalapellido": 43, "totalcomuna": 72543, "prct_apellido": 0.000593, "Frecuencia provincia": 0.065142, "Frecuencia región": 0.018986, "cod_comuna": "13605"}, {"comuna": "ISLA DE MAIPO", "region": "13. REGION METROPOLITANA DE SANTIAGO", "provincia": "Talagante", "totalapellido": 16, "totalcomuna": 27965, "prct_apellido": 0.000572, "Frecuencia provincia": 0.065142, "Frecuencia región": 0.018986, "cod_comuna": "13603"}, {"comuna": "QUINTA NORMAL", "region": "13. REGION METROPOLITANA DE SANTIAGO", "provincia": "Santiago", "totalapellido": 65, "totalcomuna": 102529, "prct_apellido": 0.000634, "Frecuencia provincia": 0.017023, "Frecuencia región": 0.018986, "cod_comuna": "13126"}, {"comuna": "PADRE HURTADO", "region": "13. REGION METROPOLITANA DE SANTIAGO", "provincia": "Talagante", "totalapellido": 29, "totalcomuna": 44714, "prct_apellido": 0.000649, "Frecuencia provincia": 0.065142, "Frecuencia región": 0.018986, "cod_comuna": "13604"}, {"comuna": "VALLENAR", "region": "03. REGION DE ATACAMA", "provincia": "Huasco", "totalapellido": 25, "totalcomuna": 45529, "prct_apellido": 0.000549, "Frecuencia provincia": 0.121458, "Frecuencia región": 0.058317, "cod_comuna": "03301"}, {"comuna": "LINARES", "region": "07. REGION DEL MAULE", "provincia": "Linares", "totalapellido": 29, "totalcomuna": 81744, "prct_apellido": 0.000355, "Frecuencia provincia": 0.120949, "Frecuencia región": 0.082553, "cod_comuna": "07401"}, {"comuna": "MARIA PINTO", "region": "13. REGION METROPOLITANA DE SANTIAGO", "provincia": "Melipilla", "totalapellido": 13, "totalcomuna": 11495, "prct_apellido": 0.001131, "Frecuencia provincia": 0.072308, "Frecuencia región": 0.018986, "cod_comuna": "13504"}, {"comuna": "CATEMU", "region": "05. REGION DE VALPARAISO", "provincia": "San Felipe de Aconcagua", "totalapellido": 3, "totalcomuna": 12182, "prct_apellido": 0.000246, "Frecuencia provincia": 0.102948, "Frecuencia región": 0.029341, "cod_comuna": "05702"}, {"comuna": "QUINCHAO", "region": "10. REGION DE LOS LAGOS", "provincia": "Chiloé", "totalapellido": 2, "totalcomuna": 9410, "prct_apellido": 0.000213, "Frecuencia provincia": 0.112043, "Frecuencia región": 0.052521, "cod_comuna": "10210"}, {"comuna": "CERRILLOS", "region": "13. REGION METROPOLITANA DE SANTIAGO", "provincia": "Santiago", "totalapellido": 20, "totalcomuna": 67537, "prct_apellido": 0.000296, "Frecuencia provincia": 0.017023, "Frecuencia región": 0.018986, "cod_comuna": "13102"}, {"comuna": "VALPARAISO", "region": "05. REGION DE VALPARAISO", "provincia": "Valparaíso", "totalapellido": 106, "totalcomuna": 290125, "prct_apellido": 0.000365, "Frecuencia provincia": 0.017698, "Frecuencia región": 0.029341, "cod_comuna": "05101"}, {"comuna": "PICHILEMU", "region": "06. REGION DEL LIBERTADOR GENERAL BERNARDO O'HIGGINS", "provincia": "Cardenal Caro", "totalapellido": 3, "totalcomuna": 15875, "prct_apellido": 0.000189, "Frecuencia provincia": 0.199859, "Frecuencia región": 0.074338, "cod_comuna": "06201"}, {"comuna": "CERRO NAVIA", "region": "13. REGION METROPOLITANA DE SANTIAGO", "provincia": "Santiago", "totalapellido": 43, "totalcomuna": 115479, "prct_apellido": 0.000372, "Frecuencia provincia": 0.017023, "Frecuencia región": 0.018986, "cod_comuna": "13103"}, {"comuna": "RENCA", "region": "13. REGION METROPOLITANA DE SANTIAGO", "provincia": "Santiago", "totalapellido": 36, "totalcomuna": 116730, "prct_apellido": 0.000308, "Frecuencia provincia": 0.017023, "Frecuencia región": 0.018986, "cod_comuna": "13128"}, {"comuna": "LA REINA", "region": "13. REGION METROPOLITANA DE SANTIAGO", "provincia": "Santiago", "totalapellido": 28, "totalcomuna": 91556, "prct_apellido": 0.000306, "Frecuencia provincia": 0.017023, "Frecuencia región": 0.018986, "cod_comuna": "13113"}, {"comuna": "MAIPU", "region": "13. REGION METROPOLITANA DE SANTIAGO", "provincia": "Santiago", "totalapellido": 123, "totalcomuna": 389758, "prct_apellido": 0.000316, "Frecuencia provincia": 0.017023, "Frecuencia región": 0.018986, "cod_comuna": "13119"}, {"comuna": "SAN VICENTE", "region": "06. REGION DEL LIBERTADOR GENERAL BERNARDO O'HIGGINS", "provincia": "Cachapoal", "totalapellido": 14, "totalcomuna": 40523, "prct_apellido": 0.000345, "Frecuencia provincia": 0.061427, "Frecuencia región": 0.074338, "cod_comuna": "06117"}, {"comuna": "SAN JOAQUIN", "region": "13. REGION METROPOLITANA DE SANTIAGO", "provincia": "Santiago", "totalapellido": 25, "totalcomuna": 82325, "prct_apellido": 0.000304, "Frecuencia provincia": 0.017023, "Frecuencia región": 0.018986, "cod_comuna": "13129"}, {"comuna": "EL QUISCO", "region": "05. REGION DE VALPARAISO", "provincia": "San Antonio", "totalapellido": 3, "totalcomuna": 13781, "prct_apellido": 0.000218, "Frecuencia provincia": 0.076723, "Frecuencia región": 0.029341, "cod_comuna": "05604"}, {"comuna": "LA CISTERNA", "region": "13. REGION METROPOLITANA DE SANTIAGO", "provincia": "Santiago", "totalapellido": 34, "totalcomuna": 83246, "prct_apellido": 0.000408, "Frecuencia provincia": 0.017023, "Frecuencia región": 0.018986, "cod_comuna": "13109"}, {"comuna": "PUTAENDO", "region": "05. REGION DE VALPARAISO", "provincia": "San Felipe de Aconcagua", "totalapellido": 2, "totalcomuna": 14044, "prct_apellido": 0.000142, "Frecuencia provincia": 0.102948, "Frecuencia región": 0.029341, "cod_comuna": "05705"}, {"comuna": "MARCHIHUE", "region": "06. REGION DEL LIBERTADOR GENERAL BERNARDO O'HIGGINS", "provincia": "Cardenal Caro", "totalapellido": 1, "totalcomuna": 7068, "prct_apellido": 0.000141, "Frecuencia provincia": 0.199859, "Frecuencia región": 0.074338, "cod_comuna": "06204"}, {"comuna": "RECOLETA", "region": "13. REGION METROPOLITANA DE SANTIAGO", "provincia": "Santiago", "totalapellido": 38, "totalcomuna": 142696, "prct_apellido": 0.000266, "Frecuencia provincia": 0.017023, "Frecuencia región": 0.018986, "cod_comuna": "13127"}, {"comuna": "SAN JOSE DE MAIPO", "region": "13. REGION METROPOLITANA DE SANTIAGO", "provincia": "Cordillera", "totalapellido": 3, "totalcomuna": 15853, "prct_apellido": 0.000189, "Frecuencia provincia": 0.019022, "Frecuencia región": 0.018986, "cod_comuna": "13203"}, {"comuna": "ALTO HOSPICIO", "region": "01. REGION DE TARAPACA", "provincia": "Iquique", "totalapellido": 11, "totalcomuna": 58683, "prct_apellido": 0.000187, "Frecuencia provincia": 0.023146, "Frecuencia región": 0.02576, "cod_comuna": "01107"}, {"comuna": "PUENTE ALTO", "region": "13. REGION METROPOLITANA DE SANTIAGO", "provincia": "Cordillera", "totalapellido": 92, "totalcomuna": 399739, "prct_apellido": 0.00023, "Frecuencia provincia": 0.019022, "Frecuencia región": 0.018986, "cod_comuna": "13201"}, {"comuna": "CALAMA", "region": "02. REGION DE ANTOFAGASTA", "provincia": "El Loa", "totalapellido": 25, "totalcomuna": 132333, "prct_apellido": 0.000189, "Frecuencia provincia": 0.035053, "Frecuencia región": 0.025007, "cod_comuna": "02201"}, {"comuna": "COPIAPO", "region": "03. REGION DE ATACAMA", "provincia": "Copiapó", "totalapellido": 22, "totalcomuna": 123973, "prct_apellido": 0.000177, "Frecuencia provincia": 0.043922, "Frecuencia región": 0.058317, "cod_comuna": "03101"}, {"comuna": "PUDAHUEL", "region": "13. REGION METROPOLITANA DE SANTIAGO", "provincia": "Santiago", "totalapellido": 42, "totalcomuna": 168984, "prct_apellido": 0.000249, "Frecuencia provincia": 0.017023, "Frecuencia región": 0.018986, "cod_comuna": "13124"}, {"comuna": "PUERTO OCTAY", "region": "10. REGION DE LOS LAGOS", "provincia": "Osorno", "totalapellido": 1, "totalcomuna": 9024, "prct_apellido": 0.000111, "Frecuencia provincia": 0.047856, "Frecuencia región": 0.052521, "cod_comuna": "10302"}, {"comuna": "PUCON", "region": "09. REGION DE LA ARAUCANIA", "provincia": "Cautín", "totalapellido": 3, "totalcomuna": 28338, "prct_apellido": 0.000106, "Frecuencia provincia": 0.043946, "Frecuencia región": 0.051873, "cod_comuna": "09115"}, {"comuna": "RINCONADA", "region": "05. REGION DE VALPARAISO", "provincia": "Los Andes", "totalapellido": 2, "totalcomuna": 9470, "prct_apellido": 0.000211, "Frecuencia provincia": 0.083664, "Frecuencia región": 0.029341, "cod_comuna": "05303"}, {"comuna": "LOS LAGOS", "region": "14. REGION DE LOS RIOS", "provincia": "Valdivia", "totalapellido": 2, "totalcomuna": 19069, "prct_apellido": 0.000105, "Frecuencia provincia": 0.046113, "Frecuencia región": 0.0544, "cod_comuna": "14104"}, {"comuna": "EL BOSQUE", "region": "13. REGION METROPOLITANA DE SANTIAGO", "provincia": "Santiago", "totalapellido": 27, "totalcomuna": 137677, "prct_apellido": 0.000196, "Frecuencia provincia": 0.017023, "Frecuencia región": 0.018986, "cod_comuna": "13105"}, {"comuna": "MEJILLONES", "region": "02. REGION DE ANTOFAGASTA", "provincia": "Antofagasta", "totalapellido": 1, "totalcomuna": 10035, "prct_apellido": 0.0001, "Frecuencia provincia": 0.020817, "Frecuencia región": 0.025007, "cod_comuna": "02102"}, {"comuna": "CHIMBARONGO", "region": "06. REGION DEL LIBERTADOR GENERAL BERNARDO O'HIGGINS", "provincia": "Colchagua", "totalapellido": 4, "totalcomuna": 30510, "prct_apellido": 0.000131, "Frecuencia provincia": 0.12967, "Frecuencia región": 0.074338, "cod_comuna": "06303"}, {"comuna": "PALMILLA", "region": "06. REGION DEL LIBERTADOR GENERAL BERNARDO O'HIGGINS", "provincia": "Colchagua", "totalapellido": 3, "totalcomuna": 10428, "prct_apellido": 0.000288, "Frecuencia provincia": 0.12967, "Frecuencia región": 0.074338, "cod_comuna": "06306"}, {"comuna": "CALERA DE TANGO", "region": "13. REGION METROPOLITANA DE SANTIAGO", "provincia": "Maipo", "totalapellido": 6, "totalcomuna": 22305, "prct_apellido": 0.000269, "Frecuencia provincia": 0.033289, "Frecuencia región": 0.018986, "cod_comuna": "13403"}, {"comuna": "SANTO DOMINGO", "region": "05. REGION DE VALPARAISO", "provincia": "San Antonio", "totalapellido": 1, "totalcomuna": 11535, "prct_apellido": 8.7e-05, "Frecuencia provincia": 0.076723, "Frecuencia región": 0.029341, "cod_comuna": "05606"}, {"comuna": "PEDRO AGUIRRE CERDA", "region": "13. REGION METROPOLITANA DE SANTIAGO", "provincia": "Santiago", "totalapellido": 12, "totalcomuna": 93161, "prct_apellido": 0.000129, "Frecuencia provincia": 0.017023, "Frecuencia región": 0.018986, "cod_comuna": "13121"}, {"comuna": "POZO ALMONTE", "region": "01. REGION DE TARAPACA", "provincia": "Tamarugal", "totalapellido": 2, "totalcomuna": 11898, "prct_apellido": 0.000168, "Frecuencia provincia": 0.130887, "Frecuencia región": 0.02576, "cod_comuna": "01401"}, {"comuna": "QUILPUE", "region": "05. REGION DE VALPARAISO", "provincia": "Marga Marga", "totalapellido": 18, "totalcomuna": 134448, "prct_apellido": 0.000134, "Frecuencia provincia": 0.034753, "Frecuencia región": 0.029341, "cod_comuna": "05801"}, {"comuna": "QUINTERO", "region": "05. REGION DE VALPARAISO", "provincia": "Valparaíso", "totalapellido": 4, "totalcomuna": 24756, "prct_apellido": 0.000162, "Frecuencia provincia": 0.017698, "Frecuencia región": 0.029341, "cod_comuna": "05107"}, {"comuna": "BUIN", "region": "13. REGION METROPOLITANA DE SANTIAGO", "provincia": "Maipo", "totalapellido": 10, "totalcomuna": 75333, "prct_apellido": 0.000133, "Frecuencia provincia": 0.033289, "Frecuencia región": 0.018986, "cod_comuna": "13402"}, {"comuna": "MACUL", "region": "13. REGION METROPOLITANA DE SANTIAGO", "provincia": "Santiago", "totalapellido": 21, "totalcomuna": 101340, "prct_apellido": 0.000207, "Frecuencia provincia": 0.017023, "Frecuencia región": 0.018986, "cod_comuna": "13118"}, {"comuna": "PEUMO", "region": "06. REGION DEL LIBERTADOR GENERAL BERNARDO O'HIGGINS", "provincia": "Cachapoal", "totalapellido": 1, "totalcomuna": 12828, "prct_apellido": 7.8e-05, "Frecuencia provincia": 0.061427, "Frecuencia región": 0.074338, "cod_comuna": "06112"}, {"comuna": "COLINA", "region": "13. REGION METROPOLITANA DE SANTIAGO", "provincia": "Chacabuco", "totalapellido": 10, "totalcomuna": 90446, "prct_apellido": 0.000111, "Frecuencia provincia": 0.035407, "Frecuencia región": 0.018986, "cod_comuna": "13301"}, {"comuna": "VIÑA DEL MAR", "region": "05. REGION DE VALPARAISO", "provincia": "Valparaíso", "totalapellido": 44, "totalcomuna": 301370, "prct_apellido": 0.000146, "Frecuencia provincia": 0.017698, "Frecuencia región": 0.029341, "cod_comuna": "05109"}, {"comuna": "SANTA BARBARA", "region": "08. REGION DEL BIOBIO", "provincia": "Biobío", "totalapellido": 1, "totalcomuna": 13318, "prct_apellido": 7.5e-05, "Frecuencia provincia": 0.077416, "Frecuencia región": 0.056049, "cod_comuna": "08311"}, {"comuna": "RIO NEGRO", "region": "10. REGION DE LOS LAGOS", "provincia": "Osorno", "totalapellido": 1, "totalcomuna": 13459, "prct_apellido": 7.4e-05, "Frecuencia provincia": 0.047856, "Frecuencia región": 0.052521, "cod_comuna": "10305"}, {"comuna": "ALGARROBO", "region": "05. REGION DE VALPARAISO", "provincia": "San Antonio", "totalapellido": 2, "totalcomuna": 13779, "prct_apellido": 0.000145, "Frecuencia provincia": 0.076723, "Frecuencia región": 0.029341, "cod_comuna": "05602"}, {"comuna": "YERBAS BUENAS", "region": "07. REGION DEL MAULE", "provincia": "Linares", "totalapellido": 1, "totalcomuna": 14836, "prct_apellido": 6.7e-05, "Frecuencia provincia": 0.120949, "Frecuencia región": 0.082553, "cod_comuna": "07408"}, {"comuna": "LO ESPEJO", "region": "13. REGION METROPOLITANA DE SANTIAGO", "provincia": "Santiago", "totalapellido": 13, "totalcomuna": 90849, "prct_apellido": 0.000143, "Frecuencia provincia": 0.017023, "Frecuencia región": 0.018986, "cod_comuna": "13116"}, {"comuna": "NANCAGUA", "region": "06. REGION DEL LIBERTADOR GENERAL BERNARDO O'HIGGINS", "provincia": "Colchagua", "totalapellido": 12, "totalcomuna": 15241, "prct_apellido": 0.000787, "Frecuencia provincia": 0.12967, "Frecuencia región": 0.074338, "cod_comuna": "06305"}, {"comuna": "SAN ESTEBAN", "region": "05. REGION DE VALPARAISO", "provincia": "Los Andes", "totalapellido": 3, "totalcomuna": 15281, "prct_apellido": 0.000196, "Frecuencia provincia": 0.083664, "Frecuencia región": 0.029341, "cod_comuna": "05304"}, {"comuna": "PUCHUNCAVI", "region": "05. REGION DE VALPARAISO", "provincia": "Valparaíso", "totalapellido": 3, "totalcomuna": 16007, "prct_apellido": 0.000187, "Frecuencia provincia": 0.017698, "Frecuencia región": 0.029341, "cod_comuna": "05105"}, {"comuna": "LLANQUIHUE", "region": "10. REGION DE LOS LAGOS", "provincia": "Llanquihue", "totalapellido": 3, "totalcomuna": 16179, "prct_apellido": 0.000185, "Frecuencia provincia": 0.042563, "Frecuencia región": 0.052521, "cod_comuna": "10107"}, {"comuna": "LA FLORIDA", "region": "13. REGION METROPOLITANA DE SANTIAGO", "provincia": "Santiago", "totalapellido": 35, "totalcomuna": 307414, "prct_apellido": 0.000114, "Frecuencia provincia": 0.017023, "Frecuencia región": 0.018986, "cod_comuna": "13110"}, {"comuna": "RANCAGUA", "region": "06. REGION DEL LIBERTADOR GENERAL BERNARDO O'HIGGINS", "provincia": "Cachapoal", "totalapellido": 34, "totalcomuna": 194487, "prct_apellido": 0.000175, "Frecuencia provincia": 0.061427, "Frecuencia región": 0.074338, "cod_comuna": "06101"}, {"comuna": "LA CRUZ", "region": "05. REGION DE VALPARAISO", "provincia": "Quillota", "totalapellido": 3, "totalcomuna": 16329, "prct_apellido": 0.000184, "Frecuencia provincia": 0.079787, "Frecuencia región": 0.029341, "cod_comuna": "05504"}, {"comuna": "LO BARNECHEA", "region": "13. REGION METROPOLITANA DE SANTIAGO", "provincia": "Santiago", "totalapellido": 6, "totalcomuna": 82669, "prct_apellido": 7.3e-05, "Frecuencia provincia": 0.017023, "Frecuencia región": 0.018986, "cod_comuna": "13115"}, {"comuna": "SAN MIGUEL", "region": "13. REGION METROPOLITANA DE SANTIAGO", "provincia": "Santiago", "totalapellido": 15, "totalcomuna": 105090, "prct_apellido": 0.000143, "Frecuencia provincia": 0.017023, "Frecuencia región": 0.018986, "cod_comuna": "13130"}, {"comuna": "LO PRADO", "region": "13. REGION METROPOLITANA DE SANTIAGO", "provincia": "Santiago", "totalapellido": 17, "totalcomuna": 88885, "prct_apellido": 0.000191, "Frecuencia provincia": 0.017023, "Frecuencia región": 0.018986, "cod_comuna": "13117"}, {"comuna": "CARTAGENA", "region": "05. REGION DE VALPARAISO", "provincia": "San Antonio", "totalapellido": 3, "totalcomuna": 18227, "prct_apellido": 0.000165, "Frecuencia provincia": 0.076723, "Frecuencia región": 0.029341, "cod_comuna": "05603"}, {"comuna": "LOS VILOS", "region": "04. REGION DE COQUIMBO", "provincia": "Choapa", "totalapellido": 2, "totalcomuna": 18266, "prct_apellido": 0.000109, "Frecuencia provincia": 0.165554, "Frecuencia región": 0.046565, "cod_comuna": "04203"}, {"comuna": "MARIQUINA", "region": "14. REGION DE LOS RIOS", "provincia": "Valdivia", "totalapellido": 1, "totalcomuna": 18993, "prct_apellido": 5.3e-05, "Frecuencia provincia": 0.046113, "Frecuencia región": 0.0544, "cod_comuna": "14106"}, {"comuna": "ANTOFAGASTA", "region": "02. REGION DE ANTOFAGASTA", "provincia": "Antofagasta", "totalapellido": 30, "totalcomuna": 286950, "prct_apellido": 0.000105, "Frecuencia provincia": 0.020817, "Frecuencia región": 0.025007, "cod_comuna": "02101"}, {"comuna": "LIMACHE", "region": "05. REGION DE VALPARAISO", "provincia": "Marga Marga", "totalapellido": 4, "totalcomuna": 39423, "prct_apellido": 0.000101, "Frecuencia provincia": 0.034753, "Frecuencia región": 0.029341, "cod_comuna": "05802"}, {"comuna": "TALCA", "region": "07. REGION DEL MAULE", "provincia": "Talca", "totalapellido": 13, "totalcomuna": 179640, "prct_apellido": 7.2e-05, "Frecuencia provincia": 0.062885, "Frecuencia región": 0.082553, "cod_comuna": "07101"}, {"comuna": "INDEPENDENCIA", "region": "13. REGION METROPOLITANA DE SANTIAGO", "provincia": "Santiago", "totalapellido": 14, "totalcomuna": 82629, "prct_apellido": 0.000169, "Frecuencia provincia": 0.017023, "Frecuencia región": 0.018986, "cod_comuna": "13108"}, {"comuna": "COIHUECO", "region": "16. REGION DE ÑUBLE", "provincia": "Punilla", "totalapellido": 1, "totalcomuna": 22169, "prct_apellido": 4.5e-05, "Frecuencia provincia": 0.169589, "Frecuencia región": 0.0859, "cod_comuna": "16302"}, {"comuna": "QUELLON", "region": "10. REGION DE LOS LAGOS", "provincia": "Chiloé", "totalapellido": 1, "totalcomuna": 22826, "prct_apellido": 4.4e-05, "Frecuencia provincia": 0.112043, "Frecuencia región": 0.052521, "cod_comuna": "10208"}, {"comuna": "VICUÑA", "region": "04. REGION DE COQUIMBO", "provincia": "Elqui", "totalapellido": 1, "totalcomuna": 23678, "prct_apellido": 4.2e-05, "Frecuencia provincia": 0.034381, "Frecuencia región": 0.046565, "cod_comuna": "04106"}, {"comuna": "MELIPILLA", "region": "13. REGION METROPOLITANA DE SANTIAGO", "provincia": "Melipilla", "totalapellido": 26, "totalcomuna": 97217, "prct_apellido": 0.000267, "Frecuencia provincia": 0.072308, "Frecuencia región": 0.018986, "cod_comuna": "13501"}, {"comuna": "VILLA ALEMANA", "region": "05. REGION DE VALPARAISO", "provincia": "Marga Marga", "totalapellido": 10, "totalcomuna": 98544, "prct_apellido": 0.000101, "Frecuencia provincia": 0.034753, "Frecuencia región": 0.029341, "cod_comuna": "05804"}, {"comuna": "ARICA", "region": "15. REGION DE ARICA Y PARINACOTA", "provincia": "Arica", "totalapellido": 9, "totalcomuna": 180060, "prct_apellido": 5e-05, "Frecuencia provincia": 0.025797, "Frecuencia región": 0.026725, "cod_comuna": "15101"}, {"comuna": "VILLARRICA", "region": "09. REGION DE LA ARAUCANIA", "provincia": "Cautín", "totalapellido": 2, "totalcomuna": 54948, "prct_apellido": 3.6e-05, "Frecuencia provincia": 0.043946, "Frecuencia región": 0.051873, "cod_comuna": "09120"}, {"comuna": "LA PINTANA", "region": "13. REGION METROPOLITANA DE SANTIAGO", "provincia": "Santiago", "totalapellido": 12, "totalcomuna": 139100, "prct_apellido": 8.6e-05, "Frecuencia provincia": 0.017023, "Frecuencia región": 0.018986, "cod_comuna": "13112"}, {"comuna": "ILLAPEL", "region": "04. REGION DE COQUIMBO", "provincia": "Choapa", "totalapellido": 3, "totalcomuna": 27921, "prct_apellido": 0.000107, "Frecuencia provincia": 0.165554, "Frecuencia región": 0.046565, "cod_comuna": "04201"}, {"comuna": "LOS ANDES", "region": "05. REGION DE VALPARAISO", "provincia": "Los Andes", "totalapellido": 3, "totalcomuna": 55969, "prct_apellido": 5.4e-05, "Frecuencia provincia": 0.083664, "Frecuencia región": 0.029341, "cod_comuna": "05301"}, {"comuna": "LA SERENA", "region": "04. REGION DE COQUIMBO", "provincia": "Elqui", "totalapellido": 11, "totalcomuna": 174853, "prct_apellido": 6.3e-05, "Frecuencia provincia": 0.034381, "Frecuencia región": 0.046565, "cod_comuna": "04101"}, {"comuna": "SANTA CRUZ", "region": "06. REGION DEL LIBERTADOR GENERAL BERNARDO O'HIGGINS", "provincia": "Colchagua", "totalapellido": 4, "totalcomuna": 31217, "prct_apellido": 0.000128, "Frecuencia provincia": 0.12967, "Frecuencia región": 0.074338, "cod_comuna": "06310"}, {"comuna": "PEÑALOLEN", "region": "13. REGION METROPOLITANA DE SANTIAGO", "provincia": "Santiago", "totalapellido": 19, "totalcomuna": 191707, "prct_apellido": 9.9e-05, "Frecuencia provincia": 0.017023, "Frecuencia región": 0.018986, "cod_comuna": "13122"}, {"comuna": "TALCAHUANO", "region": "08. REGION DEL BIOBIO", "provincia": "Concepción", "totalapellido": 4, "totalcomuna": 132327, "prct_apellido": 3e-05, "Frecuencia provincia": 0.045559, "Frecuencia región": 0.056049, "cod_comuna": "08110"}, {"comuna": "SANTIAGO", "region": "13. REGION METROPOLITANA DE SANTIAGO", "provincia": "Santiago", "totalapellido": 19, "totalcomuna": 340282, "prct_apellido": 5.6e-05, "Frecuencia provincia": 0.017023, "Frecuencia región": 0.018986, "cod_comuna": "13101"}, {"comuna": "PROVIDENCIA", "region": "13. REGION METROPOLITANA DE SANTIAGO", "provincia": "Santiago", "totalapellido": 8, "totalcomuna": 170255, "prct_apellido": 4.7e-05, "Frecuencia provincia": 0.017023, "Frecuencia región": 0.018986, "cod_comuna": "13123"}, {"comuna": "HUECHURABA", "region": "13. REGION METROPOLITANA DE SANTIAGO", "provincia": "Santiago", "totalapellido": 2, "totalcomuna": 73498, "prct_apellido": 2.7e-05, "Frecuencia provincia": 0.017023, "Frecuencia región": 0.018986, "cod_comuna": "13107"}, {"comuna": "CONCON", "region": "05. REGION DE VALPARAISO", "provincia": "Valparaíso", "totalapellido": 3, "totalcomuna": 39439, "prct_apellido": 7.6e-05, "Frecuencia provincia": 0.017698, "Frecuencia región": 0.029341, "cod_comuna": "05103"}, {"comuna": "PUERTO VARAS", "region": "10. REGION DE LOS LAGOS", "provincia": "Llanquihue", "totalapellido": 1, "totalcomuna": 42326, "prct_apellido": 2.4e-05, "Frecuencia provincia": 0.042563, "Frecuencia región": 0.052521, "cod_comuna": "10109"}, {"comuna": "ESTACION CENTRAL", "region": "13. REGION METROPOLITANA DE SANTIAGO", "provincia": "Santiago", "totalapellido": 13, "totalcomuna": 127214, "prct_apellido": 0.000102, "Frecuencia provincia": 0.017023, "Frecuencia región": 0.018986, "cod_comuna": "13106"}, {"comuna": "SAN BERNARDO", "region": "13. REGION METROPOLITANA DE SANTIAGO", "provincia": "Maipo", "totalapellido": 20, "totalcomuna": 228196, "prct_apellido": 8.8e-05, "Frecuencia provincia": 0.033289, "Frecuencia región": 0.018986, "cod_comuna": "13401"}, {"comuna": "PAINE", "region": "13. REGION METROPOLITANA DE SANTIAGO", "provincia": "Maipo", "totalapellido": 5, "totalcomuna": 53793, "prct_apellido": 9.3e-05, "Frecuencia provincia": 0.033289, "Frecuencia región": 0.018986, "cod_comuna": "13404"}, {"comuna": "LAS CONDES", "region": "13. REGION METROPOLITANA DE SANTIAGO", "provincia": "Santiago", "totalapellido": 16, "totalcomuna": 269517, "prct_apellido": 5.9e-05, "Frecuencia provincia": 0.017023, "Frecuencia región": 0.018986, "cod_comuna": "13114"}, {"comuna": "COQUIMBO", "region": "04. REGION DE COQUIMBO", "provincia": "Elqui", "totalapellido": 10, "totalcomuna": 167854, "prct_apellido": 6e-05, "Frecuencia provincia": 0.034381, "Frecuencia región": 0.046565, "cod_comuna": "04102"}, {"comuna": "SAN FERNANDO", "region": "06. REGION DEL LIBERTADOR GENERAL BERNARDO O'HIGGINS", "provincia": "Colchagua", "totalapellido": 2, "totalcomuna": 62989, "prct_apellido": 3.2e-05, "Frecuencia provincia": 0.12967, "Frecuencia región": 0.074338, "cod_comuna": "06301"}, {"comuna": "ÑUÑOA", "region": "13. REGION METROPOLITANA DE SANTIAGO", "provincia": "Santiago", "totalapellido": 10, "totalcomuna": 197198, "prct_apellido": 5.1e-05, "Frecuencia provincia": 0.017023, "Frecuencia región": 0.018986, "cod_comuna": "13120"}, {"comuna": "QUILICURA", "region": "13. REGION METROPOLITANA DE SANTIAGO", "provincia": "Santiago", "totalapellido": 8, "totalcomuna": 139914, "prct_apellido": 5.7e-05, "Frecuencia provincia": 0.017023, "Frecuencia región": 0.018986, "cod_comuna": "13125"}, {"comuna": "CHILLAN", "region": "16. REGION DE ÑUBLE", "provincia": "Diguillín", "totalapellido": 5, "totalcomuna": 152723, "prct_apellido": 3.3e-05, "Frecuencia provincia": 0.065041, "Frecuencia región": 0.0859, "cod_comuna": "16101"}, {"comuna": "SAN RAMON", "region": "13. REGION METROPOLITANA DE SANTIAGO", "provincia": "Santiago", "totalapellido": 9, "totalcomuna": 81793, "prct_apellido": 0.00011, "Frecuencia provincia": 0.017023, "Frecuencia región": 0.018986, "cod_comuna": "13131"}, {"comuna": "TEMUCO", "region": "09. REGION DE LA ARAUCANIA", "provincia": "Cautín", "totalapellido": 4, "totalcomuna": 236909, "prct_apellido": 1.7e-05, "Frecuencia provincia": 0.043946, "Frecuencia región": 0.051873, "cod_comuna": "09101"}, {"comuna": "CONCHALI", "region": "13. REGION METROPOLITANA DE SANTIAGO", "provincia": "Santiago", "totalapellido": 6, "totalcomuna": 118624, "prct_apellido": 5.1e-05, "Frecuencia provincia": 0.017023, "Frecuencia región": 0.018986, "cod_comuna": "13104"}, {"comuna": "PUNTA ARENAS", "region": "12. REGION DE MAGALLANES Y DE LA ANTARTICA CHILENA", "provincia": "Magallanes", "totalapellido": 2, "totalcomuna": 122525, "prct_apellido": 1.6e-05, "Frecuencia provincia": 0.031287, "Frecuencia región": 0.037004, "cod_comuna": "12101"}, {"comuna": "IQUIQUE", "region": "01. REGION DE TARAPACA", "provincia": "Iquique", "totalapellido": 6, "totalcomuna": 167553, "prct_apellido": 3.6e-05, "Frecuencia provincia": 0.023146, "Frecuencia región": 0.02576, "cod_comuna": "01101"}], "provincias": [], "regiones": []}