{"apellido": "SALEWSKY", "slug": "salewsky", "comunas": [{"comuna": "SAN GREGORIO", "region": "12. REGION DE MAGALLANES Y DE LA ANTARTICA CHILENA", "provincia": "Magallanes", "totalapellido": 2, "totalcomuna": 971, "prct_apellido": 0.00206, "Frecuencia provincia": 0.031287, "Frecuencia región": 0.037004, "cod_comuna": "12104"}, {"comuna": "PRIMAVERA", "region": "12. REGION DE MAGALLANES Y DE LA ANTARTICA CHILENA", "provincia": "Tierra del Fuego", "totalapellido": 1, "totalcomuna": 1341, "prct_apellido": 0.000746, "Frecuencia provincia": 0.192861, "Frecuencia región": 0.037004, "cod_comuna": "12302"}, {"comuna": "PUCON", "region": "09. REGION DE LA ARAUCANIA", "provincia": "Cautín", "totalapellido": 11, "totalcomuna": 28338, "prct_apellido": 0.000388, "Frecuencia provincia": 0.043946, "Frecuencia región": 0.051873, "cod_comuna": "09115"}, {"comuna": "PEÑALOLEN", "region": "13. REGION METROPOLITANA DE SANTIAGO", "provincia": "Santiago", "totalapellido": 1, "totalcomuna": 191707, "prct_apellido": 5e-06, "Frecuencia provincia": 0.017023, "Frecuencia región": 0.018986, "cod_comuna": "13122"}], "provincias": [], "regiones": []}