{"apellido": "SALFATTIS", "slug": "salfattis", "comunas": [{"comuna": "IQUIQUE", "region": "01. REGION DE TARAPACA", "provincia": "Iquique", "totalapellido": 8, "totalcomuna": 167553, "prct_apellido": 4.8e-05, "Frecuencia provincia": 0.023146, "Frecuencia región": 0.02576, "cod_comuna": "01101"}, {"comuna": "VALPARAISO", "region": "05. REGION DE VALPARAISO", "provincia": "Valparaíso", "totalapellido": 2, "totalcomuna": 290125, "prct_apellido": 7e-06, "Frecuencia provincia": 0.017698, "Frecuencia región": 0.029341, "cod_comuna": "05101"}], "provincias": [], "regiones": []}