{"apellido": "SALINAS", "slug": "salinas", "comunas": [{"comuna": "CALLE LARGA", "region": "05. REGION DE VALPARAISO", "provincia": "Los Andes", "totalapellido": 391, "totalcomuna": 11445, "prct_apellido": 0.034163, "Frecuencia provincia": 0.083664, "Frecuencia región": 0.029341, "cod_comuna": "05302"}, {"comuna": "PUTAENDO", "region": "05. REGION DE VALPARAISO", "provincia": "San Felipe de Aconcagua", "totalapellido": 398, "totalcomuna": 14044, "prct_apellido": 0.02834, "Frecuencia provincia": 0.102948, "Frecuencia región": 0.029341, "cod_comuna": "05705"}, {"comuna": "LOS ANDES", "region": "05. REGION DE VALPARAISO", "provincia": "Los Andes", "totalapellido": 1190, "totalcomuna": 55969, "prct_apellido": 0.021262, "Frecuencia provincia": 0.083664, "Frecuencia región": 0.029341, "cod_comuna": "05301"}, {"comuna": "CHEPICA", "region": "06. REGION DEL LIBERTADOR GENERAL BERNARDO O'HIGGINS", "provincia": "Colchagua", "totalapellido": 259, "totalcomuna": 13750, "prct_apellido": 0.018836, "Frecuencia provincia": 0.12967, "Frecuencia región": 0.074338, "cod_comuna": "06302"}, {"comuna": "TILTIL", "region": "13. REGION METROPOLITANA DE SANTIAGO", "provincia": "Chacabuco", "totalapellido": 270, "totalcomuna": 14869, "prct_apellido": 0.018159, "Frecuencia provincia": 0.035407, "Frecuencia región": 0.018986, "cod_comuna": "13303"}, {"comuna": "ROMERAL", "region": "07. REGION DEL MAULE", "provincia": "Curicó", "totalapellido": 247, "totalcomuna": 13823, "prct_apellido": 0.017869, "Frecuencia provincia": 0.081137, "Frecuencia región": 0.082553, "cod_comuna": "07306"}, {"comuna": "SAN FELIPE", "region": "05. REGION DE VALPARAISO", "provincia": "San Felipe de Aconcagua", "totalapellido": 1124, "totalcomuna": 60075, "prct_apellido": 0.01871, "Frecuencia provincia": 0.102948, "Frecuencia región": 0.029341, "cod_comuna": "05701"}, {"comuna": "ANTUCO", "region": "08. REGION DEL BIOBIO", "provincia": "Biobío", "totalapellido": 64, "totalcomuna": 4718, "prct_apellido": 0.013565, "Frecuencia provincia": 0.077416, "Frecuencia región": 0.056049, "cod_comuna": "08302"}, {"comuna": "SAN ESTEBAN", "region": "05. REGION DE VALPARAISO", "provincia": "Los Andes", "totalapellido": 263, "totalcomuna": 15281, "prct_apellido": 0.017211, "Frecuencia provincia": 0.083664, "Frecuencia región": 0.029341, "cod_comuna": "05304"}, {"comuna": "SAN CARLOS", "region": "16. REGION DE ÑUBLE", "provincia": "Punilla", "totalapellido": 817, "totalcomuna": 47717, "prct_apellido": 0.017122, "Frecuencia provincia": 0.169589, "Frecuencia región": 0.0859, "cod_comuna": "16301"}, {"comuna": "CHIMBARONGO", "region": "06. REGION DEL LIBERTADOR GENERAL BERNARDO O'HIGGINS", "provincia": "Colchagua", "totalapellido": 495, "totalcomuna": 30510, "prct_apellido": 0.016224, "Frecuencia provincia": 0.12967, "Frecuencia región": 0.074338, "cod_comuna": "06303"}, {"comuna": "TENO", "region": "07. REGION DEL MAULE", "provincia": "Curicó", "totalapellido": 333, "totalcomuna": 24958, "prct_apellido": 0.013342, "Frecuencia provincia": 0.081137, "Frecuencia región": 0.082553, "cod_comuna": "07308"}, {"comuna": "PUNITAQUI", "region": "04. REGION DE COQUIMBO", "provincia": "Limarí", "totalapellido": 147, "totalcomuna": 10763, "prct_apellido": 0.013658, "Frecuencia provincia": 0.102708, "Frecuencia región": 0.046565, "cod_comuna": "04304"}, {"comuna": "CALERA", "region": "05. REGION DE VALPARAISO", "provincia": "Quillota", "totalapellido": 549, "totalcomuna": 44980, "prct_apellido": 0.012205, "Frecuencia provincia": 0.079787, "Frecuencia región": 0.029341, "cod_comuna": "05502"}, {"comuna": "LOS VILOS", "region": "04. REGION DE COQUIMBO", "provincia": "Choapa", "totalapellido": 241, "totalcomuna": 18266, "prct_apellido": 0.013194, "Frecuencia provincia": 0.165554, "Frecuencia región": 0.046565, "cod_comuna": "04203"}, {"comuna": "NOGALES", "region": "05. REGION DE VALPARAISO", "provincia": "Quillota", "totalapellido": 270, "totalcomuna": 19698, "prct_apellido": 0.013707, "Frecuencia provincia": 0.079787, "Frecuencia región": 0.029341, "cod_comuna": "05506"}, {"comuna": "PAPUDO", "region": "05. REGION DE VALPARAISO", "provincia": "Petorca", "totalapellido": 54, "totalcomuna": 6102, "prct_apellido": 0.00885, "Frecuencia provincia": 0.160073, "Frecuencia región": 0.029341, "cod_comuna": "05403"}, {"comuna": "SANTA MARIA", "region": "05. REGION DE VALPARAISO", "provincia": "San Felipe de Aconcagua", "totalapellido": 141, "totalcomuna": 12123, "prct_apellido": 0.011631, "Frecuencia provincia": 0.102948, "Frecuencia región": 0.029341, "cod_comuna": "05706"}, {"comuna": "PEMUCO", "region": "16. REGION DE ÑUBLE", "provincia": "Diguillín", "totalapellido": 92, "totalcomuna": 8351, "prct_apellido": 0.011017, "Frecuencia provincia": 0.065041, "Frecuencia región": 0.0859, "cod_comuna": "16105"}, {"comuna": "MARIA PINTO", "region": "13. REGION METROPOLITANA DE SANTIAGO", "provincia": "Melipilla", "totalapellido": 115, "totalcomuna": 11495, "prct_apellido": 0.010004, "Frecuencia provincia": 0.072308, "Frecuencia región": 0.018986, "cod_comuna": "13504"}, {"comuna": "NANCAGUA", "region": "06. REGION DEL LIBERTADOR GENERAL BERNARDO O'HIGGINS", "provincia": "Colchagua", "totalapellido": 178, "totalcomuna": 15241, "prct_apellido": 0.011679, "Frecuencia provincia": 0.12967, "Frecuencia región": 0.074338, "cod_comuna": "06305"}, {"comuna": "PLACILLA", "region": "06. REGION DEL LIBERTADOR GENERAL BERNARDO O'HIGGINS", "provincia": "Colchagua", "totalapellido": 102, "totalcomuna": 8240, "prct_apellido": 0.012379, "Frecuencia provincia": 0.12967, "Frecuencia región": 0.074338, "cod_comuna": "06308"}, {"comuna": "OLLAGUE", "region": "02. REGION DE ANTOFAGASTA", "provincia": "El Loa", "totalapellido": 19, "totalcomuna": 1694, "prct_apellido": 0.011216, "Frecuencia provincia": 0.035053, "Frecuencia región": 0.025007, "cod_comuna": "02202"}, {"comuna": "SALAMANCA", "region": "04. REGION DE COQUIMBO", "provincia": "Choapa", "totalapellido": 244, "totalcomuna": 23431, "prct_apellido": 0.010414, "Frecuencia provincia": 0.165554, "Frecuencia región": 0.046565, "cod_comuna": "04204"}, {"comuna": "LLAILLAY", "region": "05. REGION DE VALPARAISO", "provincia": "San Felipe de Aconcagua", "totalapellido": 244, "totalcomuna": 20915, "prct_apellido": 0.011666, "Frecuencia provincia": 0.102948, "Frecuencia región": 0.029341, "cod_comuna": "05703"}, {"comuna": "ILLAPEL", "region": "04. REGION DE COQUIMBO", "provincia": "Choapa", "totalapellido": 314, "totalcomuna": 27921, "prct_apellido": 0.011246, "Frecuencia provincia": 0.165554, "Frecuencia región": 0.046565, "cod_comuna": "04201"}, {"comuna": "SAN GREGORIO", "region": "12. REGION DE MAGALLANES Y DE LA ANTARTICA CHILENA", "provincia": "Magallanes", "totalapellido": 7, "totalcomuna": 971, "prct_apellido": 0.007209, "Frecuencia provincia": 0.031287, "Frecuencia región": 0.037004, "cod_comuna": "12104"}, {"comuna": "PAINE", "region": "13. REGION METROPOLITANA DE SANTIAGO", "provincia": "Maipo", "totalapellido": 478, "totalcomuna": 53793, "prct_apellido": 0.008886, "Frecuencia provincia": 0.033289, "Frecuencia región": 0.018986, "cod_comuna": "13404"}, {"comuna": "MALLOA", "region": "06. REGION DEL LIBERTADOR GENERAL BERNARDO O'HIGGINS", "provincia": "Cachapoal", "totalapellido": 103, "totalcomuna": 12310, "prct_apellido": 0.008367, "Frecuencia provincia": 0.061427, "Frecuencia región": 0.074338, "cod_comuna": "06109"}, {"comuna": "PANQUEHUE", "region": "05. REGION DE VALPARAISO", "provincia": "San Felipe de Aconcagua", "totalapellido": 64, "totalcomuna": 6599, "prct_apellido": 0.009698, "Frecuencia provincia": 0.102948, "Frecuencia región": 0.029341, "cod_comuna": "05704"}, {"comuna": "LO ESPEJO", "region": "13. REGION METROPOLITANA DE SANTIAGO", "provincia": "Santiago", "totalapellido": 810, "totalcomuna": 90849, "prct_apellido": 0.008916, "Frecuencia provincia": 0.017023, "Frecuencia región": 0.018986, "cod_comuna": "13116"}, {"comuna": "HIJUELAS", "region": "05. REGION DE VALPARAISO", "provincia": "Quillota", "totalapellido": 174, "totalcomuna": 15609, "prct_apellido": 0.011147, "Frecuencia provincia": 0.079787, "Frecuencia región": 0.029341, "cod_comuna": "05503"}, {"comuna": "ISLA DE MAIPO", "region": "13. REGION METROPOLITANA DE SANTIAGO", "provincia": "Talagante", "totalapellido": 255, "totalcomuna": 27965, "prct_apellido": 0.009119, "Frecuencia provincia": 0.065142, "Frecuencia región": 0.018986, "cod_comuna": "13603"}, {"comuna": "RINCONADA", "region": "05. REGION DE VALPARAISO", "provincia": "Los Andes", "totalapellido": 118, "totalcomuna": 9470, "prct_apellido": 0.01246, "Frecuencia provincia": 0.083664, "Frecuencia región": 0.029341, "cod_comuna": "05303"}, {"comuna": "SAN FABIAN", "region": "16. REGION DE ÑUBLE", "provincia": "Punilla", "totalapellido": 30, "totalcomuna": 5112, "prct_apellido": 0.005869, "Frecuencia provincia": 0.169589, "Frecuencia región": 0.0859, "cod_comuna": "16304"}, {"comuna": "LA CRUZ", "region": "05. REGION DE VALPARAISO", "provincia": "Quillota", "totalapellido": 149, "totalcomuna": 16329, "prct_apellido": 0.009125, "Frecuencia provincia": 0.079787, "Frecuencia región": 0.029341, "cod_comuna": "05504"}, {"comuna": "FUTRONO", "region": "14. REGION DE LOS RIOS", "provincia": "Ranco", "totalapellido": 100, "totalcomuna": 14637, "prct_apellido": 0.006832, "Frecuencia provincia": 0.112447, "Frecuencia región": 0.0544, "cod_comuna": "14202"}, {"comuna": "MEJILLONES", "region": "02. REGION DE ANTOFAGASTA", "provincia": "Antofagasta", "totalapellido": 85, "totalcomuna": 10035, "prct_apellido": 0.00847, "Frecuencia provincia": 0.020817, "Frecuencia región": 0.025007, "cod_comuna": "02102"}, {"comuna": "PAREDONES", "region": "06. REGION DEL LIBERTADOR GENERAL BERNARDO O'HIGGINS", "provincia": "Cardenal Caro", "totalapellido": 87, "totalcomuna": 7074, "prct_apellido": 0.012299, "Frecuencia provincia": 0.199859, "Frecuencia región": 0.074338, "cod_comuna": "06206"}, {"comuna": "CABILDO", "region": "05. REGION DE VALPARAISO", "provincia": "Petorca", "totalapellido": 154, "totalcomuna": 18038, "prct_apellido": 0.008538, "Frecuencia provincia": 0.160073, "Frecuencia región": 0.029341, "cod_comuna": "05402"}, {"comuna": "PETORCA", "region": "05. REGION DE VALPARAISO", "provincia": "Petorca", "totalapellido": 80, "totalcomuna": 9462, "prct_apellido": 0.008455, "Frecuencia provincia": 0.160073, "Frecuencia región": 0.029341, "cod_comuna": "05404"}, {"comuna": "VICUÑA", "region": "04. REGION DE COQUIMBO", "provincia": "Elqui", "totalapellido": 183, "totalcomuna": 23678, "prct_apellido": 0.007729, "Frecuencia provincia": 0.034381, "Frecuencia región": 0.046565, "cod_comuna": "04106"}, {"comuna": "QUILLOTA", "region": "05. REGION DE VALPARAISO", "provincia": "Quillota", "totalapellido": 628, "totalcomuna": 75479, "prct_apellido": 0.00832, "Frecuencia provincia": 0.079787, "Frecuencia región": 0.029341, "cod_comuna": "05501"}, {"comuna": "BUIN", "region": "13. REGION METROPOLITANA DE SANTIAGO", "provincia": "Maipo", "totalapellido": 668, "totalcomuna": 75333, "prct_apellido": 0.008867, "Frecuencia provincia": 0.033289, "Frecuencia región": 0.018986, "cod_comuna": "13402"}, {"comuna": "LA HIGUERA", "region": "04. REGION DE COQUIMBO", "provincia": "Elqui", "totalapellido": 28, "totalcomuna": 4505, "prct_apellido": 0.006215, "Frecuencia provincia": 0.034381, "Frecuencia región": 0.046565, "cod_comuna": "04104"}, {"comuna": "SAN JOAQUIN", "region": "13. REGION METROPOLITANA DE SANTIAGO", "provincia": "Santiago", "totalapellido": 662, "totalcomuna": 82325, "prct_apellido": 0.008041, "Frecuencia provincia": 0.017023, "Frecuencia región": 0.018986, "cod_comuna": "13129"}, {"comuna": "PUCHUNCAVI", "region": "05. REGION DE VALPARAISO", "provincia": "Valparaíso", "totalapellido": 161, "totalcomuna": 16007, "prct_apellido": 0.010058, "Frecuencia provincia": 0.017698, "Frecuencia región": 0.029341, "cod_comuna": "05105"}, {"comuna": "SANTA BARBARA", "region": "08. REGION DEL BIOBIO", "provincia": "Biobío", "totalapellido": 113, "totalcomuna": 13318, "prct_apellido": 0.008485, "Frecuencia provincia": 0.077416, "Frecuencia región": 0.056049, "cod_comuna": "08311"}, {"comuna": "SANTA CRUZ", "region": "06. REGION DEL LIBERTADOR GENERAL BERNARDO O'HIGGINS", "provincia": "Colchagua", "totalapellido": 245, "totalcomuna": 31217, "prct_apellido": 0.007848, "Frecuencia provincia": 0.12967, "Frecuencia región": 0.074338, "cod_comuna": "06310"}, {"comuna": "CATEMU", "region": "05. REGION DE VALPARAISO", "provincia": "San Felipe de Aconcagua", "totalapellido": 126, "totalcomuna": 12182, "prct_apellido": 0.010343, "Frecuencia provincia": 0.102948, "Frecuencia región": 0.029341, "cod_comuna": "05702"}, {"comuna": "CALDERA", "region": "03. REGION DE ATACAMA", "provincia": "Copiapó", "totalapellido": 99, "totalcomuna": 15024, "prct_apellido": 0.006589, "Frecuencia provincia": 0.043922, "Frecuencia región": 0.058317, "cod_comuna": "03102"}, {"comuna": "QUILICURA", "region": "13. REGION METROPOLITANA DE SANTIAGO", "provincia": "Santiago", "totalapellido": 1075, "totalcomuna": 139914, "prct_apellido": 0.007683, "Frecuencia provincia": 0.017023, "Frecuencia región": 0.018986, "cod_comuna": "13125"}, {"comuna": "SAN FERNANDO", "region": "06. REGION DEL LIBERTADOR GENERAL BERNARDO O'HIGGINS", "provincia": "Colchagua", "totalapellido": 488, "totalcomuna": 62989, "prct_apellido": 0.007747, "Frecuencia provincia": 0.12967, "Frecuencia región": 0.074338, "cod_comuna": "06301"}, {"comuna": "MOSTAZAL", "region": "06. REGION DEL LIBERTADOR GENERAL BERNARDO O'HIGGINS", "provincia": "Cachapoal", "totalapellido": 153, "totalcomuna": 20983, "prct_apellido": 0.007292, "Frecuencia provincia": 0.061427, "Frecuencia región": 0.074338, "cod_comuna": "06110"}, {"comuna": "LO PRADO", "region": "13. REGION METROPOLITANA DE SANTIAGO", "provincia": "Santiago", "totalapellido": 640, "totalcomuna": 88885, "prct_apellido": 0.0072, "Frecuencia provincia": 0.017023, "Frecuencia región": 0.018986, "cod_comuna": "13117"}, {"comuna": "COBQUECURA", "region": "16. REGION DE ÑUBLE", "provincia": "Itata", "totalapellido": 36, "totalcomuna": 5884, "prct_apellido": 0.006118, "Frecuencia provincia": 0.295621, "Frecuencia región": 0.0859, "cod_comuna": "16202"}, {"comuna": "CARTAGENA", "region": "05. REGION DE VALPARAISO", "provincia": "San Antonio", "totalapellido": 130, "totalcomuna": 18227, "prct_apellido": 0.007132, "Frecuencia provincia": 0.076723, "Frecuencia región": 0.029341, "cod_comuna": "05603"}, {"comuna": "CURACAVI", "region": "13. REGION METROPOLITANA DE SANTIAGO", "provincia": "Melipilla", "totalapellido": 203, "totalcomuna": 26345, "prct_apellido": 0.007705, "Frecuencia provincia": 0.072308, "Frecuencia región": 0.018986, "cod_comuna": "13503"}, {"comuna": "HUASCO", "region": "03. REGION DE ATACAMA", "provincia": "Huasco", "totalapellido": 52, "totalcomuna": 8409, "prct_apellido": 0.006184, "Frecuencia provincia": 0.121458, "Frecuencia región": 0.058317, "cod_comuna": "03304"}, {"comuna": "LAMPA", "region": "13. REGION METROPOLITANA DE SANTIAGO", "provincia": "Chacabuco", "totalapellido": 431, "totalcomuna": 59623, "prct_apellido": 0.007229, "Frecuencia provincia": 0.035407, "Frecuencia región": 0.018986, "cod_comuna": "13302"}, {"comuna": "COLINA", "region": "13. REGION METROPOLITANA DE SANTIAGO", "provincia": "Chacabuco", "totalapellido": 631, "totalcomuna": 90446, "prct_apellido": 0.006977, "Frecuencia provincia": 0.035407, "Frecuencia región": 0.018986, "cod_comuna": "13301"}, {"comuna": "LA CISTERNA", "region": "13. REGION METROPOLITANA DE SANTIAGO", "provincia": "Santiago", "totalapellido": 626, "totalcomuna": 83246, "prct_apellido": 0.00752, "Frecuencia provincia": 0.017023, "Frecuencia región": 0.018986, "cod_comuna": "13109"}, {"comuna": "QUINTA NORMAL", "region": "13. REGION METROPOLITANA DE SANTIAGO", "provincia": "Santiago", "totalapellido": 713, "totalcomuna": 102529, "prct_apellido": 0.006954, "Frecuencia provincia": 0.017023, "Frecuencia región": 0.018986, "cod_comuna": "13126"}, {"comuna": "VALPARAISO", "region": "05. REGION DE VALPARAISO", "provincia": "Valparaíso", "totalapellido": 2157, "totalcomuna": 290125, "prct_apellido": 0.007435, "Frecuencia provincia": 0.017698, "Frecuencia región": 0.029341, "cod_comuna": "05101"}, {"comuna": "PEDRO AGUIRRE CERDA", "region": "13. REGION METROPOLITANA DE SANTIAGO", "provincia": "Santiago", "totalapellido": 707, "totalcomuna": 93161, "prct_apellido": 0.007589, "Frecuencia provincia": 0.017023, "Frecuencia región": 0.018986, "cod_comuna": "13121"}, {"comuna": "VIÑA DEL MAR", "region": "05. REGION DE VALPARAISO", "provincia": "Valparaíso", "totalapellido": 2151, "totalcomuna": 301370, "prct_apellido": 0.007137, "Frecuencia provincia": 0.017698, "Frecuencia región": 0.029341, "cod_comuna": "05109"}, {"comuna": "HUARA", "region": "01. REGION DE TARAPACA", "provincia": "Tamarugal", "totalapellido": 49, "totalcomuna": 9373, "prct_apellido": 0.005228, "Frecuencia provincia": 0.130887, "Frecuencia región": 0.02576, "cod_comuna": "01404"}, {"comuna": "COQUIMBO", "region": "04. REGION DE COQUIMBO", "provincia": "Elqui", "totalapellido": 1183, "totalcomuna": 167854, "prct_apellido": 0.007048, "Frecuencia provincia": 0.034381, "Frecuencia región": 0.046565, "cod_comuna": "04102"}, {"comuna": "RECOLETA", "region": "13. REGION METROPOLITANA DE SANTIAGO", "provincia": "Santiago", "totalapellido": 1001, "totalcomuna": 142696, "prct_apellido": 0.007015, "Frecuencia provincia": 0.017023, "Frecuencia región": 0.018986, "cod_comuna": "13127"}, {"comuna": "SAN MIGUEL", "region": "13. REGION METROPOLITANA DE SANTIAGO", "provincia": "Santiago", "totalapellido": 727, "totalcomuna": 105090, "prct_apellido": 0.006918, "Frecuencia provincia": 0.017023, "Frecuencia región": 0.018986, "cod_comuna": "13130"}, {"comuna": "RENCA", "region": "13. REGION METROPOLITANA DE SANTIAGO", "provincia": "Santiago", "totalapellido": 860, "totalcomuna": 116730, "prct_apellido": 0.007367, "Frecuencia provincia": 0.017023, "Frecuencia región": 0.018986, "cod_comuna": "13128"}, {"comuna": "COIHUECO", "region": "16. REGION DE ÑUBLE", "provincia": "Punilla", "totalapellido": 107, "totalcomuna": 22169, "prct_apellido": 0.004827, "Frecuencia provincia": 0.169589, "Frecuencia región": 0.0859, "cod_comuna": "16302"}, {"comuna": "QUILPUE", "region": "05. REGION DE VALPARAISO", "provincia": "Marga Marga", "totalapellido": 871, "totalcomuna": 134448, "prct_apellido": 0.006478, "Frecuencia provincia": 0.034753, "Frecuencia región": 0.029341, "cod_comuna": "05801"}, {"comuna": "CASABLANCA", "region": "05. REGION DE VALPARAISO", "provincia": "Valparaíso", "totalapellido": 120, "totalcomuna": 22469, "prct_apellido": 0.005341, "Frecuencia provincia": 0.017698, "Frecuencia región": 0.029341, "cod_comuna": "05102"}, {"comuna": "NAVIDAD", "region": "06. REGION DEL LIBERTADOR GENERAL BERNARDO O'HIGGINS", "provincia": "Cardenal Caro", "totalapellido": 32, "totalcomuna": 7008, "prct_apellido": 0.004566, "Frecuencia provincia": 0.199859, "Frecuencia región": 0.074338, "cod_comuna": "06205"}, {"comuna": "MAIPU", "region": "13. REGION METROPOLITANA DE SANTIAGO", "provincia": "Santiago", "totalapellido": 2542, "totalcomuna": 389758, "prct_apellido": 0.006522, "Frecuencia provincia": 0.017023, "Frecuencia región": 0.018986, "cod_comuna": "13119"}, {"comuna": "INDEPENDENCIA", "region": "13. REGION METROPOLITANA DE SANTIAGO", "provincia": "Santiago", "totalapellido": 552, "totalcomuna": 82629, "prct_apellido": 0.00668, "Frecuencia provincia": 0.017023, "Frecuencia región": 0.018986, "cod_comuna": "13108"}, {"comuna": "LA SERENA", "region": "04. REGION DE COQUIMBO", "provincia": "Elqui", "totalapellido": 1090, "totalcomuna": 174853, "prct_apellido": 0.006234, "Frecuencia provincia": 0.034381, "Frecuencia región": 0.046565, "cod_comuna": "04101"}, {"comuna": "PUENTE ALTO", "region": "13. REGION METROPOLITANA DE SANTIAGO", "provincia": "Cordillera", "totalapellido": 2554, "totalcomuna": 399739, "prct_apellido": 0.006389, "Frecuencia provincia": 0.019022, "Frecuencia región": 0.018986, "cod_comuna": "13201"}, {"comuna": "PADRE HURTADO", "region": "13. REGION METROPOLITANA DE SANTIAGO", "provincia": "Talagante", "totalapellido": 255, "totalcomuna": 44714, "prct_apellido": 0.005703, "Frecuencia provincia": 0.065142, "Frecuencia región": 0.018986, "cod_comuna": "13604"}, {"comuna": "CONCHALI", "region": "13. REGION METROPOLITANA DE SANTIAGO", "provincia": "Santiago", "totalapellido": 812, "totalcomuna": 118624, "prct_apellido": 0.006845, "Frecuencia provincia": 0.017023, "Frecuencia región": 0.018986, "cod_comuna": "13104"}, {"comuna": "CURICO", "region": "07. REGION DEL MAULE", "provincia": "Curicó", "totalapellido": 721, "totalcomuna": 117810, "prct_apellido": 0.00612, "Frecuencia provincia": 0.081137, "Frecuencia región": 0.082553, "cod_comuna": "07301"}, {"comuna": "QUINTERO", "region": "05. REGION DE VALPARAISO", "provincia": "Valparaíso", "totalapellido": 142, "totalcomuna": 24756, "prct_apellido": 0.005736, "Frecuencia provincia": 0.017698, "Frecuencia región": 0.029341, "cod_comuna": "05107"}, {"comuna": "COINCO", "region": "06. REGION DEL LIBERTADOR GENERAL BERNARDO O'HIGGINS", "provincia": "Cachapoal", "totalapellido": 47, "totalcomuna": 7240, "prct_apellido": 0.006492, "Frecuencia provincia": 0.061427, "Frecuencia región": 0.074338, "cod_comuna": "06103"}, {"comuna": "MOLINA", "region": "07. REGION DEL MAULE", "provincia": "Curicó", "totalapellido": 235, "totalcomuna": 39426, "prct_apellido": 0.005961, "Frecuencia provincia": 0.081137, "Frecuencia región": 0.082553, "cod_comuna": "07304"}, {"comuna": "HUECHURABA", "region": "13. REGION METROPOLITANA DE SANTIAGO", "provincia": "Santiago", "totalapellido": 505, "totalcomuna": 73498, "prct_apellido": 0.006871, "Frecuencia provincia": 0.017023, "Frecuencia región": 0.018986, "cod_comuna": "13107"}, {"comuna": "LA FLORIDA", "region": "13. REGION METROPOLITANA DE SANTIAGO", "provincia": "Santiago", "totalapellido": 1868, "totalcomuna": 307414, "prct_apellido": 0.006076, "Frecuencia provincia": 0.017023, "Frecuencia región": 0.018986, "cod_comuna": "13110"}, {"comuna": "LA GRANJA", "region": "13. REGION METROPOLITANA DE SANTIAGO", "provincia": "Santiago", "totalapellido": 643, "totalcomuna": 103905, "prct_apellido": 0.006188, "Frecuencia provincia": 0.017023, "Frecuencia región": 0.018986, "cod_comuna": "13111"}, {"comuna": "SAN BERNARDO", "region": "13. REGION METROPOLITANA DE SANTIAGO", "provincia": "Maipo", "totalapellido": 1411, "totalcomuna": 228196, "prct_apellido": 0.006183, "Frecuencia provincia": 0.033289, "Frecuencia región": 0.018986, "cod_comuna": "13401"}, {"comuna": "PUDAHUEL", "region": "13. REGION METROPOLITANA DE SANTIAGO", "provincia": "Santiago", "totalapellido": 1116, "totalcomuna": 168984, "prct_apellido": 0.006604, "Frecuencia provincia": 0.017023, "Frecuencia región": 0.018986, "cod_comuna": "13124"}, {"comuna": "EL BOSQUE", "region": "13. REGION METROPOLITANA DE SANTIAGO", "provincia": "Santiago", "totalapellido": 857, "totalcomuna": 137677, "prct_apellido": 0.006225, "Frecuencia provincia": 0.017023, "Frecuencia región": 0.018986, "cod_comuna": "13105"}, {"comuna": "VALLENAR", "region": "03. REGION DE ATACAMA", "provincia": "Huasco", "totalapellido": 237, "totalcomuna": 45529, "prct_apellido": 0.005205, "Frecuencia provincia": 0.121458, "Frecuencia región": 0.058317, "cod_comuna": "03301"}, {"comuna": "IQUIQUE", "region": "01. REGION DE TARAPACA", "provincia": "Iquique", "totalapellido": 992, "totalcomuna": 167553, "prct_apellido": 0.005921, "Frecuencia provincia": 0.023146, "Frecuencia región": 0.02576, "cod_comuna": "01101"}, {"comuna": "LA REINA", "region": "13. REGION METROPOLITANA DE SANTIAGO", "provincia": "Santiago", "totalapellido": 530, "totalcomuna": 91556, "prct_apellido": 0.005789, "Frecuencia provincia": 0.017023, "Frecuencia región": 0.018986, "cod_comuna": "13113"}, {"comuna": "TALAGANTE", "region": "13. REGION METROPOLITANA DE SANTIAGO", "provincia": "Talagante", "totalapellido": 391, "totalcomuna": 58141, "prct_apellido": 0.006725, "Frecuencia provincia": 0.065142, "Frecuencia región": 0.018986, "cod_comuna": "13601"}, {"comuna": "ESTACION CENTRAL", "region": "13. REGION METROPOLITANA DE SANTIAGO", "provincia": "Santiago", "totalapellido": 776, "totalcomuna": 127214, "prct_apellido": 0.0061, "Frecuencia provincia": 0.017023, "Frecuencia región": 0.018986, "cod_comuna": "13106"}, {"comuna": "OLMUE", "region": "05. REGION DE VALPARAISO", "provincia": "Marga Marga", "totalapellido": 102, "totalcomuna": 16406, "prct_apellido": 0.006217, "Frecuencia provincia": 0.034753, "Frecuencia región": 0.029341, "cod_comuna": "05803"}, {"comuna": "CERRILLOS", "region": "13. REGION METROPOLITANA DE SANTIAGO", "provincia": "Santiago", "totalapellido": 393, "totalcomuna": 67537, "prct_apellido": 0.005819, "Frecuencia provincia": 0.017023, "Frecuencia región": 0.018986, "cod_comuna": "13102"}, {"comuna": "CALERA DE TANGO", "region": "13. REGION METROPOLITANA DE SANTIAGO", "provincia": "Maipo", "totalapellido": 134, "totalcomuna": 22305, "prct_apellido": 0.006008, "Frecuencia provincia": 0.033289, "Frecuencia región": 0.018986, "cod_comuna": "13403"}, {"comuna": "LA PINTANA", "region": "13. REGION METROPOLITANA DE SANTIAGO", "provincia": "Santiago", "totalapellido": 790, "totalcomuna": 139100, "prct_apellido": 0.005679, "Frecuencia provincia": 0.017023, "Frecuencia región": 0.018986, "cod_comuna": "13112"}, {"comuna": "MACUL", "region": "13. REGION METROPOLITANA DE SANTIAGO", "provincia": "Santiago", "totalapellido": 583, "totalcomuna": 101340, "prct_apellido": 0.005753, "Frecuencia provincia": 0.017023, "Frecuencia región": 0.018986, "cod_comuna": "13118"}, {"comuna": "ZAPALLAR", "region": "05. REGION DE VALPARAISO", "provincia": "Petorca", "totalapellido": 65, "totalcomuna": 8709, "prct_apellido": 0.007464, "Frecuencia provincia": 0.160073, "Frecuencia región": 0.029341, "cod_comuna": "05405"}, {"comuna": "TOCOPILLA", "region": "02. REGION DE ANTOFAGASTA", "provincia": "Tocopilla", "totalapellido": 158, "totalcomuna": 22335, "prct_apellido": 0.007074, "Frecuencia provincia": 0.11764, "Frecuencia región": 0.025007, "cod_comuna": "02301"}, {"comuna": "SAN JOSE DE MAIPO", "region": "13. REGION METROPOLITANA DE SANTIAGO", "provincia": "Cordillera", "totalapellido": 99, "totalcomuna": 15853, "prct_apellido": 0.006245, "Frecuencia provincia": 0.019022, "Frecuencia región": 0.018986, "cod_comuna": "13203"}, {"comuna": "SAN ANTONIO", "region": "05. REGION DE VALPARAISO", "provincia": "San Antonio", "totalapellido": 417, "totalcomuna": 78443, "prct_apellido": 0.005316, "Frecuencia provincia": 0.076723, "Frecuencia región": 0.029341, "cod_comuna": "05601"}, {"comuna": "SANTIAGO", "region": "13. REGION METROPOLITANA DE SANTIAGO", "provincia": "Santiago", "totalapellido": 1880, "totalcomuna": 340282, "prct_apellido": 0.005525, "Frecuencia provincia": 0.017023, "Frecuencia región": 0.018986, "cod_comuna": "13101"}, {"comuna": "MACHALI", "region": "06. REGION DEL LIBERTADOR GENERAL BERNARDO O'HIGGINS", "provincia": "Cachapoal", "totalapellido": 173, "totalcomuna": 37103, "prct_apellido": 0.004663, "Frecuencia provincia": 0.061427, "Frecuencia región": 0.074338, "cod_comuna": "06108"}, {"comuna": "RANCAGUA", "region": "06. REGION DEL LIBERTADOR GENERAL BERNARDO O'HIGGINS", "provincia": "Cachapoal", "totalapellido": 1139, "totalcomuna": 194487, "prct_apellido": 0.005856, "Frecuencia provincia": 0.061427, "Frecuencia región": 0.074338, "cod_comuna": "06101"}, {"comuna": "FREIRE", "region": "09. REGION DE LA ARAUCANIA", "provincia": "Cautín", "totalapellido": 97, "totalcomuna": 22845, "prct_apellido": 0.004246, "Frecuencia provincia": 0.043946, "Frecuencia región": 0.051873, "cod_comuna": "09105"}, {"comuna": "ÑUÑOA", "region": "13. REGION METROPOLITANA DE SANTIAGO", "provincia": "Santiago", "totalapellido": 1074, "totalcomuna": 197198, "prct_apellido": 0.005446, "Frecuencia provincia": 0.017023, "Frecuencia región": 0.018986, "cod_comuna": "13120"}, {"comuna": "PEÑAFLOR", "region": "13. REGION METROPOLITANA DE SANTIAGO", "provincia": "Talagante", "totalapellido": 387, "totalcomuna": 72543, "prct_apellido": 0.005335, "Frecuencia provincia": 0.065142, "Frecuencia región": 0.018986, "cod_comuna": "13605"}, {"comuna": "VILLA ALEMANA", "region": "05. REGION DE VALPARAISO", "provincia": "Marga Marga", "totalapellido": 608, "totalcomuna": 98544, "prct_apellido": 0.00617, "Frecuencia provincia": 0.034753, "Frecuencia región": 0.029341, "cod_comuna": "05804"}, {"comuna": "PEÑALOLEN", "region": "13. REGION METROPOLITANA DE SANTIAGO", "provincia": "Santiago", "totalapellido": 1034, "totalcomuna": 191707, "prct_apellido": 0.005394, "Frecuencia provincia": 0.017023, "Frecuencia región": 0.018986, "cod_comuna": "13122"}, {"comuna": "ÑIQUEN", "region": "16. REGION DE ÑUBLE", "provincia": "Punilla", "totalapellido": 74, "totalcomuna": 10642, "prct_apellido": 0.006954, "Frecuencia provincia": 0.169589, "Frecuencia región": 0.0859, "cod_comuna": "16303"}, {"comuna": "COPIAPO", "region": "03. REGION DE ATACAMA", "provincia": "Copiapó", "totalapellido": 657, "totalcomuna": 123973, "prct_apellido": 0.0053, "Frecuencia provincia": 0.043922, "Frecuencia región": 0.058317, "cod_comuna": "03101"}, {"comuna": "MELIPILLA", "region": "13. REGION METROPOLITANA DE SANTIAGO", "provincia": "Melipilla", "totalapellido": 433, "totalcomuna": 97217, "prct_apellido": 0.004454, "Frecuencia provincia": 0.072308, "Frecuencia región": 0.018986, "cod_comuna": "13501"}, {"comuna": "TALTAL", "region": "02. REGION DE ANTOFAGASTA", "provincia": "Antofagasta", "totalapellido": 48, "totalcomuna": 10511, "prct_apellido": 0.004567, "Frecuencia provincia": 0.020817, "Frecuencia región": 0.025007, "cod_comuna": "02104"}, {"comuna": "PIRQUE", "region": "13. REGION METROPOLITANA DE SANTIAGO", "provincia": "Cordillera", "totalapellido": 126, "totalcomuna": 22646, "prct_apellido": 0.005564, "Frecuencia provincia": 0.019022, "Frecuencia región": 0.018986, "cod_comuna": "13202"}, {"comuna": "SAN RAMON", "region": "13. REGION METROPOLITANA DE SANTIAGO", "provincia": "Santiago", "totalapellido": 449, "totalcomuna": 81793, "prct_apellido": 0.005489, "Frecuencia provincia": 0.017023, "Frecuencia región": 0.018986, "cod_comuna": "13131"}, {"comuna": "PICHILEMU", "region": "06. REGION DEL LIBERTADOR GENERAL BERNARDO O'HIGGINS", "provincia": "Cardenal Caro", "totalapellido": 70, "totalcomuna": 15875, "prct_apellido": 0.004409, "Frecuencia provincia": 0.199859, "Frecuencia región": 0.074338, "cod_comuna": "06201"}, {"comuna": "LA LIGUA", "region": "05. REGION DE VALPARAISO", "provincia": "Petorca", "totalapellido": 146, "totalcomuna": 30181, "prct_apellido": 0.004837, "Frecuencia provincia": 0.160073, "Frecuencia región": 0.029341, "cod_comuna": "05401"}, {"comuna": "RENGO", "region": "06. REGION DEL LIBERTADOR GENERAL BERNARDO O'HIGGINS", "provincia": "Cachapoal", "totalapellido": 249, "totalcomuna": 48595, "prct_apellido": 0.005124, "Frecuencia provincia": 0.061427, "Frecuencia región": 0.074338, "cod_comuna": "06115"}, {"comuna": "MAULE", "region": "07. REGION DEL MAULE", "provincia": "Talca", "totalapellido": 122, "totalcomuna": 24526, "prct_apellido": 0.004974, "Frecuencia provincia": 0.062885, "Frecuencia región": 0.082553, "cod_comuna": "07105"}, {"comuna": "LONCOCHE", "region": "09. REGION DE LA ARAUCANIA", "provincia": "Cautín", "totalapellido": 104, "totalcomuna": 23193, "prct_apellido": 0.004484, "Frecuencia provincia": 0.043946, "Frecuencia región": 0.051873, "cod_comuna": "09109"}, {"comuna": "COLTAUCO", "region": "06. REGION DEL LIBERTADOR GENERAL BERNARDO O'HIGGINS", "provincia": "Cachapoal", "totalapellido": 80, "totalcomuna": 16168, "prct_apellido": 0.004948, "Frecuencia provincia": 0.061427, "Frecuencia región": 0.074338, "cod_comuna": "06104"}, {"comuna": "ALTO HOSPICIO", "region": "01. REGION DE TARAPACA", "provincia": "Iquique", "totalapellido": 313, "totalcomuna": 58683, "prct_apellido": 0.005334, "Frecuencia provincia": 0.023146, "Frecuencia región": 0.02576, "cod_comuna": "01107"}, {"comuna": "EL QUISCO", "region": "05. REGION DE VALPARAISO", "provincia": "San Antonio", "totalapellido": 65, "totalcomuna": 13781, "prct_apellido": 0.004717, "Frecuencia provincia": 0.076723, "Frecuencia región": 0.029341, "cod_comuna": "05604"}, {"comuna": "ARICA", "region": "15. REGION DE ARICA Y PARINACOTA", "provincia": "Arica", "totalapellido": 822, "totalcomuna": 180060, "prct_apellido": 0.004565, "Frecuencia provincia": 0.025797, "Frecuencia región": 0.026725, "cod_comuna": "15101"}, {"comuna": "ANDACOLLO", "region": "04. REGION DE COQUIMBO", "provincia": "Elqui", "totalapellido": 48, "totalcomuna": 11296, "prct_apellido": 0.004249, "Frecuencia provincia": 0.034381, "Frecuencia región": 0.046565, "cod_comuna": "04103"}, {"comuna": "CERRO NAVIA", "region": "13. REGION METROPOLITANA DE SANTIAGO", "provincia": "Santiago", "totalapellido": 602, "totalcomuna": 115479, "prct_apellido": 0.005213, "Frecuencia provincia": 0.017023, "Frecuencia región": 0.018986, "cod_comuna": "13103"}, {"comuna": "ANTOFAGASTA", "region": "02. REGION DE ANTOFAGASTA", "provincia": "Antofagasta", "totalapellido": 1358, "totalcomuna": 286950, "prct_apellido": 0.004733, "Frecuencia provincia": 0.020817, "Frecuencia región": 0.025007, "cod_comuna": "02101"}, {"comuna": "PROVIDENCIA", "region": "13. REGION METROPOLITANA DE SANTIAGO", "provincia": "Santiago", "totalapellido": 798, "totalcomuna": 170255, "prct_apellido": 0.004687, "Frecuencia provincia": 0.017023, "Frecuencia región": 0.018986, "cod_comuna": "13123"}, {"comuna": "QUINTA DE TILCOCO", "region": "06. REGION DEL LIBERTADOR GENERAL BERNARDO O'HIGGINS", "provincia": "Cachapoal", "totalapellido": 46, "totalcomuna": 12467, "prct_apellido": 0.00369, "Frecuencia provincia": 0.061427, "Frecuencia región": 0.074338, "cod_comuna": "06114"}, {"comuna": "SAN VICENTE", "region": "06. REGION DEL LIBERTADOR GENERAL BERNARDO O'HIGGINS", "provincia": "Cachapoal", "totalapellido": 186, "totalcomuna": 40523, "prct_apellido": 0.00459, "Frecuencia provincia": 0.061427, "Frecuencia región": 0.074338, "cod_comuna": "06117"}, {"comuna": "VICTORIA", "region": "09. REGION DE LA ARAUCANIA", "provincia": "Malleco", "totalapellido": 160, "totalcomuna": 32716, "prct_apellido": 0.004891, "Frecuencia provincia": 0.133465, "Frecuencia región": 0.051873, "cod_comuna": "09211"}, {"comuna": "LIMACHE", "region": "05. REGION DE VALPARAISO", "provincia": "Marga Marga", "totalapellido": 206, "totalcomuna": 39423, "prct_apellido": 0.005225, "Frecuencia provincia": 0.034753, "Frecuencia región": 0.029341, "cod_comuna": "05802"}, {"comuna": "PERALILLO", "region": "06. REGION DEL LIBERTADOR GENERAL BERNARDO O'HIGGINS", "provincia": "Colchagua", "totalapellido": 35, "totalcomuna": 10082, "prct_apellido": 0.003472, "Frecuencia provincia": 0.12967, "Frecuencia región": 0.074338, "cod_comuna": "06307"}, {"comuna": "YUNGAY", "region": "16. REGION DE ÑUBLE", "provincia": "Diguillín", "totalapellido": 71, "totalcomuna": 16320, "prct_apellido": 0.00435, "Frecuencia provincia": 0.065041, "Frecuencia región": 0.0859, "cod_comuna": "16109"}, {"comuna": "EL TABO", "region": "05. REGION DE VALPARAISO", "provincia": "San Antonio", "totalapellido": 69, "totalcomuna": 11931, "prct_apellido": 0.005783, "Frecuencia provincia": 0.076723, "Frecuencia región": 0.029341, "cod_comuna": "05605"}, {"comuna": "LOS SAUCES", "region": "09. REGION DE LA ARAUCANIA", "provincia": "Malleco", "totalapellido": 43, "totalcomuna": 7531, "prct_apellido": 0.00571, "Frecuencia provincia": 0.133465, "Frecuencia región": 0.051873, "cod_comuna": "09206"}, {"comuna": "PICA", "region": "01. REGION DE TARAPACA", "provincia": "Tamarugal", "totalapellido": 20, "totalcomuna": 5779, "prct_apellido": 0.003461, "Frecuencia provincia": 0.130887, "Frecuencia región": 0.02576, "cod_comuna": "01405"}, {"comuna": "PRIMAVERA", "region": "12. REGION DE MAGALLANES Y DE LA ANTARTICA CHILENA", "provincia": "Tierra del Fuego", "totalapellido": 4, "totalcomuna": 1341, "prct_apellido": 0.002983, "Frecuencia provincia": 0.192861, "Frecuencia región": 0.037004, "cod_comuna": "12302"}, {"comuna": "NACIMIENTO", "region": "08. REGION DEL BIOBIO", "provincia": "Biobío", "totalapellido": 116, "totalcomuna": 24671, "prct_apellido": 0.004702, "Frecuencia provincia": 0.077416, "Frecuencia región": 0.056049, "cod_comuna": "08306"}, {"comuna": "SAN NICOLAS", "region": "16. REGION DE ÑUBLE", "provincia": "Punilla", "totalapellido": 51, "totalcomuna": 11730, "prct_apellido": 0.004348, "Frecuencia provincia": 0.169589, "Frecuencia región": 0.0859, "cod_comuna": "16305"}, {"comuna": "CONCON", "region": "05. REGION DE VALPARAISO", "provincia": "Valparaíso", "totalapellido": 179, "totalcomuna": 39439, "prct_apellido": 0.004539, "Frecuencia provincia": 0.017698, "Frecuencia región": 0.029341, "cod_comuna": "05103"}, {"comuna": "COMBARBALA", "region": "04. REGION DE COQUIMBO", "provincia": "Limarí", "totalapellido": 73, "totalcomuna": 12550, "prct_apellido": 0.005817, "Frecuencia provincia": 0.102708, "Frecuencia región": 0.046565, "cod_comuna": "04302"}, {"comuna": "TALCA", "region": "07. REGION DEL MAULE", "provincia": "Talca", "totalapellido": 700, "totalcomuna": 179640, "prct_apellido": 0.003897, "Frecuencia provincia": 0.062885, "Frecuencia región": 0.082553, "cod_comuna": "07101"}, {"comuna": "ALGARROBO", "region": "05. REGION DE VALPARAISO", "provincia": "San Antonio", "totalapellido": 62, "totalcomuna": 13779, "prct_apellido": 0.0045, "Frecuencia provincia": 0.076723, "Frecuencia región": 0.029341, "cod_comuna": "05602"}, {"comuna": "SAN PEDRO DE ATACAMA", "region": "02. REGION DE ANTOFAGASTA", "provincia": "El Loa", "totalapellido": 32, "totalcomuna": 7194, "prct_apellido": 0.004448, "Frecuencia provincia": 0.035053, "Frecuencia región": 0.025007, "cod_comuna": "02203"}, {"comuna": "SIERRA GORDA", "region": "02. REGION DE ANTOFAGASTA", "provincia": "Antofagasta", "totalapellido": 15, "totalcomuna": 3364, "prct_apellido": 0.004459, "Frecuencia provincia": 0.020817, "Frecuencia región": 0.025007, "cod_comuna": "02103"}, {"comuna": "CHAÑARAL", "region": "03. REGION DE ATACAMA", "provincia": "Chañaral", "totalapellido": 45, "totalcomuna": 12045, "prct_apellido": 0.003736, "Frecuencia provincia": 0.158476, "Frecuencia región": 0.058317, "cod_comuna": "03201"}, {"comuna": "CURACAUTIN", "region": "09. REGION DE LA ARAUCANIA", "provincia": "Malleco", "totalapellido": 104, "totalcomuna": 21202, "prct_apellido": 0.004905, "Frecuencia provincia": 0.133465, "Frecuencia región": 0.051873, "cod_comuna": "09203"}, {"comuna": "ISLA DE PASCUA", "region": "05. REGION DE VALPARAISO", "provincia": "Isla de Pascua", "totalapellido": 26, "totalcomuna": 6299, "prct_apellido": 0.004128, "Frecuencia provincia": 0.157863, "Frecuencia región": 0.029341, "cod_comuna": "05201"}, {"comuna": "RETIRO", "region": "07. REGION DEL MAULE", "provincia": "Linares", "totalapellido": 66, "totalcomuna": 17602, "prct_apellido": 0.00375, "Frecuencia provincia": 0.120949, "Frecuencia región": 0.082553, "cod_comuna": "07405"}, {"comuna": "CALAMA", "region": "02. REGION DE ANTOFAGASTA", "provincia": "El Loa", "totalapellido": 531, "totalcomuna": 132333, "prct_apellido": 0.004013, "Frecuencia provincia": 0.035053, "Frecuencia región": 0.025007, "cod_comuna": "02201"}, {"comuna": "GRANEROS", "region": "06. REGION DEL LIBERTADOR GENERAL BERNARDO O'HIGGINS", "provincia": "Cachapoal", "totalapellido": 144, "totalcomuna": 26877, "prct_apellido": 0.005358, "Frecuencia provincia": 0.061427, "Frecuencia región": 0.074338, "cod_comuna": "06106"}, {"comuna": "LAS CONDES", "region": "13. REGION METROPOLITANA DE SANTIAGO", "provincia": "Santiago", "totalapellido": 1107, "totalcomuna": 269517, "prct_apellido": 0.004107, "Frecuencia provincia": 0.017023, "Frecuencia región": 0.018986, "cod_comuna": "13114"}, {"comuna": "PANGUIPULLI", "region": "14. REGION DE LOS RIOS", "provincia": "Valdivia", "totalapellido": 129, "totalcomuna": 35236, "prct_apellido": 0.003661, "Frecuencia provincia": 0.046113, "Frecuencia región": 0.0544, "cod_comuna": "14108"}, {"comuna": "DOÑIHUE", "region": "06. REGION DEL LIBERTADOR GENERAL BERNARDO O'HIGGINS", "provincia": "Cachapoal", "totalapellido": 83, "totalcomuna": 18424, "prct_apellido": 0.004505, "Frecuencia provincia": 0.061427, "Frecuencia región": 0.074338, "cod_comuna": "06105"}, {"comuna": "HUALPEN", "region": "08. REGION DEL BIOBIO", "provincia": "Concepción", "totalapellido": 288, "totalcomuna": 77561, "prct_apellido": 0.003713, "Frecuencia provincia": 0.045559, "Frecuencia región": 0.056049, "cod_comuna": "08112"}, {"comuna": "PADRE LAS CASAS", "region": "09. REGION DE LA ARAUCANIA", "provincia": "Cautín", "totalapellido": 203, "totalcomuna": 58858, "prct_apellido": 0.003449, "Frecuencia provincia": 0.043946, "Frecuencia región": 0.051873, "cod_comuna": "09112"}, {"comuna": "SANTO DOMINGO", "region": "05. REGION DE VALPARAISO", "provincia": "San Antonio", "totalapellido": 39, "totalcomuna": 11535, "prct_apellido": 0.003381, "Frecuencia provincia": 0.076723, "Frecuencia región": 0.029341, "cod_comuna": "05606"}, {"comuna": "ANGOL", "region": "09. REGION DE LA ARAUCANIA", "provincia": "Malleco", "totalapellido": 155, "totalcomuna": 47137, "prct_apellido": 0.003288, "Frecuencia provincia": 0.133465, "Frecuencia región": 0.051873, "cod_comuna": "09201"}, {"comuna": "DIEGO DE ALMAGRO", "region": "03. REGION DE ATACAMA", "provincia": "Chañaral", "totalapellido": 53, "totalcomuna": 13390, "prct_apellido": 0.003958, "Frecuencia provincia": 0.158476, "Frecuencia región": 0.058317, "cod_comuna": "03202"}, {"comuna": "OVALLE", "region": "04. REGION DE COQUIMBO", "provincia": "Limarí", "totalapellido": 344, "totalcomuna": 91832, "prct_apellido": 0.003746, "Frecuencia provincia": 0.102708, "Frecuencia región": 0.046565, "cod_comuna": "04301"}, {"comuna": "LOS ANGELES", "region": "08. REGION DEL BIOBIO", "provincia": "Biobío", "totalapellido": 561, "totalcomuna": 162845, "prct_apellido": 0.003445, "Frecuencia provincia": 0.077416, "Frecuencia región": 0.056049, "cod_comuna": "08301"}, {"comuna": "YUMBEL", "region": "08. REGION DEL BIOBIO", "provincia": "Biobío", "totalapellido": 55, "totalcomuna": 20144, "prct_apellido": 0.00273, "Frecuencia provincia": 0.077416, "Frecuencia región": 0.056049, "cod_comuna": "08313"}, {"comuna": "VALDIVIA", "region": "14. REGION DE LOS RIOS", "provincia": "Valdivia", "totalapellido": 512, "totalcomuna": 138619, "prct_apellido": 0.003694, "Frecuencia provincia": 0.046113, "Frecuencia región": 0.0544, "cod_comuna": "14101"}, {"comuna": "REQUINOA", "region": "06. REGION DEL LIBERTADOR GENERAL BERNARDO O'HIGGINS", "provincia": "Cachapoal", "totalapellido": 97, "totalcomuna": 23028, "prct_apellido": 0.004212, "Frecuencia provincia": 0.061427, "Frecuencia región": 0.074338, "cod_comuna": "06116"}, {"comuna": "PUREN", "region": "09. REGION DE LA ARAUCANIA", "provincia": "Malleco", "totalapellido": 42, "totalcomuna": 12233, "prct_apellido": 0.003433, "Frecuencia provincia": 0.133465, "Frecuencia región": 0.051873, "cod_comuna": "09208"}, {"comuna": "CORONEL", "region": "08. REGION DEL BIOBIO", "provincia": "Concepción", "totalapellido": 325, "totalcomuna": 89810, "prct_apellido": 0.003619, "Frecuencia provincia": 0.045559, "Frecuencia región": 0.056049, "cod_comuna": "08102"}, {"comuna": "QUILLECO", "region": "08. REGION DEL BIOBIO", "provincia": "Biobío", "totalapellido": 27, "totalcomuna": 9648, "prct_apellido": 0.002799, "Frecuencia provincia": 0.077416, "Frecuencia región": 0.056049, "cod_comuna": "08309"}, {"comuna": "PERQUENCO", "region": "09. REGION DE LA ARAUCANIA", "provincia": "Cautín", "totalapellido": 20, "totalcomuna": 6821, "prct_apellido": 0.002932, "Frecuencia provincia": 0.043946, "Frecuencia región": 0.051873, "cod_comuna": "09113"}, {"comuna": "LAJA", "region": "08. REGION DEL BIOBIO", "provincia": "Biobío", "totalapellido": 69, "totalcomuna": 21610, "prct_apellido": 0.003193, "Frecuencia provincia": 0.077416, "Frecuencia región": 0.056049, "cod_comuna": "08304"}, {"comuna": "EMPEDRADO", "region": "07. REGION DEL MAULE", "provincia": "Talca", "totalapellido": 15, "totalcomuna": 4621, "prct_apellido": 0.003246, "Frecuencia provincia": 0.062885, "Frecuencia región": 0.082553, "cod_comuna": "07104"}, {"comuna": "EL MONTE", "region": "13. REGION METROPOLITANA DE SANTIAGO", "provincia": "Talagante", "totalapellido": 111, "totalcomuna": 27822, "prct_apellido": 0.00399, "Frecuencia provincia": 0.065142, "Frecuencia región": 0.018986, "cod_comuna": "13602"}, {"comuna": "MARCHIHUE", "region": "06. REGION DEL LIBERTADOR GENERAL BERNARDO O'HIGGINS", "provincia": "Cardenal Caro", "totalapellido": 12, "totalcomuna": 7068, "prct_apellido": 0.001698, "Frecuencia provincia": 0.199859, "Frecuencia región": 0.074338, "cod_comuna": "06204"}, {"comuna": "LO BARNECHEA", "region": "13. REGION METROPOLITANA DE SANTIAGO", "provincia": "Santiago", "totalapellido": 301, "totalcomuna": 82669, "prct_apellido": 0.003641, "Frecuencia provincia": 0.017023, "Frecuencia región": 0.018986, "cod_comuna": "13115"}, {"comuna": "PUTRE", "region": "15. REGION DE ARICA Y PARINACOTA", "provincia": "Parinacota", "totalapellido": 13, "totalcomuna": 6059, "prct_apellido": 0.002146, "Frecuencia provincia": 0.189111, "Frecuencia región": 0.026725, "cod_comuna": "15201"}, {"comuna": "PEUMO", "region": "06. REGION DEL LIBERTADOR GENERAL BERNARDO O'HIGGINS", "provincia": "Cachapoal", "totalapellido": 58, "totalcomuna": 12828, "prct_apellido": 0.004521, "Frecuencia provincia": 0.061427, "Frecuencia región": 0.074338, "cod_comuna": "06112"}, {"comuna": "CHILLAN", "region": "16. REGION DE ÑUBLE", "provincia": "Diguillín", "totalapellido": 492, "totalcomuna": 152723, "prct_apellido": 0.003222, "Frecuencia provincia": 0.065041, "Frecuencia región": 0.0859, "cod_comuna": "16101"}, {"comuna": "PUMANQUE", "region": "06. REGION DEL LIBERTADOR GENERAL BERNARDO O'HIGGINS", "provincia": "Colchagua", "totalapellido": 15, "totalcomuna": 4333, "prct_apellido": 0.003462, "Frecuencia provincia": 0.12967, "Frecuencia región": 0.074338, "cod_comuna": "06309"}, {"comuna": "VILCUN", "region": "09. REGION DE LA ARAUCANIA", "provincia": "Cautín", "totalapellido": 79, "totalcomuna": 24470, "prct_apellido": 0.003228, "Frecuencia provincia": 0.043946, "Frecuencia región": 0.051873, "cod_comuna": "09119"}, {"comuna": "PARRAL", "region": "07. REGION DEL MAULE", "provincia": "Linares", "totalapellido": 115, "totalcomuna": 37860, "prct_apellido": 0.003038, "Frecuencia provincia": 0.120949, "Frecuencia región": 0.082553, "cod_comuna": "07404"}, {"comuna": "COLLIPULLI", "region": "09. REGION DE LA ARAUCANIA", "provincia": "Malleco", "totalapellido": 80, "totalcomuna": 22160, "prct_apellido": 0.00361, "Frecuencia provincia": 0.133465, "Frecuencia región": 0.051873, "cod_comuna": "09202"}, {"comuna": "MARIA ELENA", "region": "02. REGION DE ANTOFAGASTA", "provincia": "Tocopilla", "totalapellido": 18, "totalcomuna": 6370, "prct_apellido": 0.002826, "Frecuencia provincia": 0.11764, "Frecuencia región": 0.025007, "cod_comuna": "02302"}, {"comuna": "TALCAHUANO", "region": "08. REGION DEL BIOBIO", "provincia": "Concepción", "totalapellido": 433, "totalcomuna": 132327, "prct_apellido": 0.003272, "Frecuencia provincia": 0.045559, "Frecuencia región": 0.056049, "cod_comuna": "08110"}, {"comuna": "TIERRA AMARILLA", "region": "03. REGION DE ATACAMA", "provincia": "Copiapó", "totalapellido": 45, "totalcomuna": 12798, "prct_apellido": 0.003516, "Frecuencia provincia": 0.043922, "Frecuencia región": 0.058317, "cod_comuna": "03103"}, {"comuna": "CODEGUA", "region": "06. REGION DEL LIBERTADOR GENERAL BERNARDO O'HIGGINS", "provincia": "Cachapoal", "totalapellido": 56, "totalcomuna": 11680, "prct_apellido": 0.004795, "Frecuencia provincia": 0.061427, "Frecuencia región": 0.074338, "cod_comuna": "06102"}, {"comuna": "LITUECHE", "region": "06. REGION DEL LIBERTADOR GENERAL BERNARDO O'HIGGINS", "provincia": "Cardenal Caro", "totalapellido": 18, "totalcomuna": 6511, "prct_apellido": 0.002765, "Frecuencia provincia": 0.199859, "Frecuencia región": 0.074338, "cod_comuna": "06203"}, {"comuna": "VITACURA", "region": "13. REGION METROPOLITANA DE SANTIAGO", "provincia": "Santiago", "totalapellido": 284, "totalcomuna": 89311, "prct_apellido": 0.00318, "Frecuencia provincia": 0.017023, "Frecuencia región": 0.018986, "cod_comuna": "13132"}, {"comuna": "CHILLAN VIEJO", "region": "16. REGION DE ÑUBLE", "provincia": "Diguillín", "totalapellido": 63, "totalcomuna": 22462, "prct_apellido": 0.002805, "Frecuencia provincia": 0.065041, "Frecuencia región": 0.0859, "cod_comuna": "16103"}, {"comuna": "SAN CLEMENTE", "region": "07. REGION DEL MAULE", "provincia": "Talca", "totalapellido": 132, "totalcomuna": 37168, "prct_apellido": 0.003551, "Frecuencia provincia": 0.062885, "Frecuencia región": 0.082553, "cod_comuna": "07109"}, {"comuna": "LAGO VERDE", "region": "11. REGION DE AYSEN DEL GENERAL CARLOS IBAÑEZ DEL CAMPO", "provincia": "Coyhaique", "totalapellido": 3, "totalcomuna": 1329, "prct_apellido": 0.002257, "Frecuencia provincia": 0.504347, "Frecuencia región": 0.077233, "cod_comuna": "11102"}, {"comuna": "MONTE PATRIA", "region": "04. REGION DE COQUIMBO", "provincia": "Limarí", "totalapellido": 91, "totalcomuna": 28025, "prct_apellido": 0.003247, "Frecuencia provincia": 0.102708, "Frecuencia región": 0.046565, "cod_comuna": "04303"}, {"comuna": "VILLARRICA", "region": "09. REGION DE LA ARAUCANIA", "provincia": "Cautín", "totalapellido": 167, "totalcomuna": 54948, "prct_apellido": 0.003039, "Frecuencia provincia": 0.043946, "Frecuencia región": 0.051873, "cod_comuna": "09120"}, {"comuna": "CHIGUAYANTE", "region": "08. REGION DEL BIOBIO", "provincia": "Concepción", "totalapellido": 182, "totalcomuna": 67398, "prct_apellido": 0.0027, "Frecuencia provincia": 0.045559, "Frecuencia región": 0.056049, "cod_comuna": "08103"}, {"comuna": "CORRAL", "region": "14. REGION DE LOS RIOS", "provincia": "Valdivia", "totalapellido": 18, "totalcomuna": 5565, "prct_apellido": 0.003235, "Frecuencia provincia": 0.046113, "Frecuencia región": 0.0544, "cod_comuna": "14102"}, {"comuna": "POZO ALMONTE", "region": "01. REGION DE TARAPACA", "provincia": "Tamarugal", "totalapellido": 34, "totalcomuna": 11898, "prct_apellido": 0.002858, "Frecuencia provincia": 0.130887, "Frecuencia región": 0.02576, "cod_comuna": "01401"}, {"comuna": "SAN JAVIER", "region": "07. REGION DEL MAULE", "provincia": "Linares", "totalapellido": 120, "totalcomuna": 39254, "prct_apellido": 0.003057, "Frecuencia provincia": 0.120949, "Frecuencia región": 0.082553, "cod_comuna": "07406"}, {"comuna": "CARAHUE", "region": "09. REGION DE LA ARAUCANIA", "provincia": "Cautín", "totalapellido": 67, "totalcomuna": 24697, "prct_apellido": 0.002713, "Frecuencia provincia": 0.043946, "Frecuencia región": 0.051873, "cod_comuna": "09102"}, {"comuna": "PELARCO", "region": "07. REGION DEL MAULE", "provincia": "Talca", "totalapellido": 26, "totalcomuna": 8540, "prct_apellido": 0.003044, "Frecuencia provincia": 0.062885, "Frecuencia región": 0.082553, "cod_comuna": "07106"}, {"comuna": "FLORIDA", "region": "08. REGION DEL BIOBIO", "provincia": "Concepción", "totalapellido": 32, "totalcomuna": 10451, "prct_apellido": 0.003062, "Frecuencia provincia": 0.045559, "Frecuencia región": 0.056049, "cod_comuna": "08104"}, {"comuna": "VILLA ALEGRE", "region": "07. REGION DEL MAULE", "provincia": "Linares", "totalapellido": 37, "totalcomuna": 13869, "prct_apellido": 0.002668, "Frecuencia provincia": 0.120949, "Frecuencia región": 0.082553, "cod_comuna": "07407"}, {"comuna": "LAS CABRAS", "region": "06. REGION DEL LIBERTADOR GENERAL BERNARDO O'HIGGINS", "provincia": "Cachapoal", "totalapellido": 69, "totalcomuna": 20393, "prct_apellido": 0.003384, "Frecuencia provincia": 0.061427, "Frecuencia región": 0.074338, "cod_comuna": "06107"}, {"comuna": "CABRERO", "region": "08. REGION DEL BIOBIO", "provincia": "Biobío", "totalapellido": 66, "totalcomuna": 25103, "prct_apellido": 0.002629, "Frecuencia provincia": 0.077416, "Frecuencia región": 0.056049, "cod_comuna": "08303"}, {"comuna": "QUIRIHUE", "region": "16. REGION DE ÑUBLE", "provincia": "Itata", "totalapellido": 26, "totalcomuna": 11005, "prct_apellido": 0.002363, "Frecuencia provincia": 0.295621, "Frecuencia región": 0.0859, "cod_comuna": "16201"}, {"comuna": "TEMUCO", "region": "09. REGION DE LA ARAUCANIA", "provincia": "Cautín", "totalapellido": 636, "totalcomuna": 236909, "prct_apellido": 0.002685, "Frecuencia provincia": 0.043946, "Frecuencia región": 0.051873, "cod_comuna": "09101"}, {"comuna": "PALENA", "region": "10. REGION DE LOS LAGOS", "provincia": "Palena", "totalapellido": 4, "totalcomuna": 2362, "prct_apellido": 0.001693, "Frecuencia provincia": 0.256614, "Frecuencia región": 0.052521, "cod_comuna": "10404"}, {"comuna": "RIO CLARO", "region": "07. REGION DEL MAULE", "provincia": "Talca", "totalapellido": 39, "totalcomuna": 12024, "prct_apellido": 0.003244, "Frecuencia provincia": 0.062885, "Frecuencia región": 0.082553, "cod_comuna": "07108"}, {"comuna": "PALMILLA", "region": "06. REGION DEL LIBERTADOR GENERAL BERNARDO O'HIGGINS", "provincia": "Colchagua", "totalapellido": 32, "totalcomuna": 10428, "prct_apellido": 0.003069, "Frecuencia provincia": 0.12967, "Frecuencia región": 0.074338, "cod_comuna": "06306"}, {"comuna": "SAN JUAN DE LA COSTA", "region": "10. REGION DE LOS LAGOS", "provincia": "Osorno", "totalapellido": 11, "totalcomuna": 8197, "prct_apellido": 0.001342, "Frecuencia provincia": 0.047856, "Frecuencia región": 0.052521, "cod_comuna": "10306"}, {"comuna": "TRAIGUEN", "region": "09. REGION DE LA ARAUCANIA", "provincia": "Malleco", "totalapellido": 26, "totalcomuna": 18639, "prct_apellido": 0.001395, "Frecuencia provincia": 0.133465, "Frecuencia región": 0.051873, "cod_comuna": "09210"}, {"comuna": "SAN PEDRO", "region": "13. REGION METROPOLITANA DE SANTIAGO", "provincia": "Melipilla", "totalapellido": 26, "totalcomuna": 8486, "prct_apellido": 0.003064, "Frecuencia provincia": 0.072308, "Frecuencia región": 0.018986, "cod_comuna": "13505"}, {"comuna": "CONCEPCION", "region": "08. REGION DEL BIOBIO", "provincia": "Concepción", "totalapellido": 484, "totalcomuna": 201066, "prct_apellido": 0.002407, "Frecuencia provincia": 0.045559, "Frecuencia región": 0.056049, "cod_comuna": "08101"}, {"comuna": "LAGUNA BLANCA", "region": "12. REGION DE MAGALLANES Y DE LA ANTARTICA CHILENA", "provincia": "Magallanes", "totalapellido": 2, "totalcomuna": 856, "prct_apellido": 0.002336, "Frecuencia provincia": 0.031287, "Frecuencia región": 0.037004, "cod_comuna": "12102"}, {"comuna": "LICANTEN", "region": "07. REGION DEL MAULE", "provincia": "Curicó", "totalapellido": 12, "totalcomuna": 6863, "prct_apellido": 0.001749, "Frecuencia provincia": 0.081137, "Frecuencia región": 0.082553, "cod_comuna": "07303"}, {"comuna": "FREIRINA", "region": "03. REGION DE ATACAMA", "provincia": "Huasco", "totalapellido": 13, "totalcomuna": 6019, "prct_apellido": 0.00216, "Frecuencia provincia": 0.121458, "Frecuencia región": 0.058317, "cod_comuna": "03303"}, {"comuna": "CHAITEN", "region": "10. REGION DE LOS LAGOS", "provincia": "Palena", "totalapellido": 7, "totalcomuna": 5169, "prct_apellido": 0.001354, "Frecuencia provincia": 0.256614, "Frecuencia región": 0.052521, "cod_comuna": "10401"}, {"comuna": "NUEVA IMPERIAL", "region": "09. REGION DE LA ARAUCANIA", "provincia": "Cautín", "totalapellido": 55, "totalcomuna": 30689, "prct_apellido": 0.001792, "Frecuencia provincia": 0.043946, "Frecuencia región": 0.051873, "cod_comuna": "09111"}, {"comuna": "COLBUN", "region": "07. REGION DEL MAULE", "provincia": "Linares", "totalapellido": 43, "totalcomuna": 18445, "prct_apellido": 0.002331, "Frecuencia provincia": 0.120949, "Frecuencia región": 0.082553, "cod_comuna": "07402"}, {"comuna": "SAN PEDRO DE LA PAZ", "region": "08. REGION DEL BIOBIO", "provincia": "Concepción", "totalapellido": 224, "totalcomuna": 89479, "prct_apellido": 0.002503, "Frecuencia provincia": 0.045559, "Frecuencia región": 0.056049, "cod_comuna": "08108"}, {"comuna": "TOME", "region": "08. REGION DEL BIOBIO", "provincia": "Concepción", "totalapellido": 89, "totalcomuna": 49849, "prct_apellido": 0.001785, "Frecuencia provincia": 0.045559, "Frecuencia región": 0.056049, "cod_comuna": "08111"}, {"comuna": "PITRUFQUEN", "region": "09. REGION DE LA ARAUCANIA", "provincia": "Cautín", "totalapellido": 54, "totalcomuna": 23103, "prct_apellido": 0.002337, "Frecuencia provincia": 0.043946, "Frecuencia región": 0.051873, "cod_comuna": "09114"}, {"comuna": "YERBAS BUENAS", "region": "07. REGION DEL MAULE", "provincia": "Linares", "totalapellido": 38, "totalcomuna": 14836, "prct_apellido": 0.002561, "Frecuencia provincia": 0.120949, "Frecuencia región": 0.082553, "cod_comuna": "07408"}, {"comuna": "LA ESTRELLA", "region": "06. REGION DEL LIBERTADOR GENERAL BERNARDO O'HIGGINS", "provincia": "Cardenal Caro", "totalapellido": 9, "totalcomuna": 3738, "prct_apellido": 0.002408, "Frecuencia provincia": 0.199859, "Frecuencia región": 0.074338, "cod_comuna": "06202"}, {"comuna": "PUNTA ARENAS", "region": "12. REGION DE MAGALLANES Y DE LA ANTARTICA CHILENA", "provincia": "Magallanes", "totalapellido": 241, "totalcomuna": 122525, "prct_apellido": 0.001967, "Frecuencia provincia": 0.031287, "Frecuencia región": 0.037004, "cod_comuna": "12101"}, {"comuna": "SAAVEDRA", "region": "09. REGION DE LA ARAUCANIA", "provincia": "Cautín", "totalapellido": 30, "totalcomuna": 13270, "prct_apellido": 0.002261, "Frecuencia provincia": 0.043946, "Frecuencia región": 0.051873, "cod_comuna": "09116"}, {"comuna": "LAUTARO", "region": "09. REGION DE LA ARAUCANIA", "provincia": "Cautín", "totalapellido": 73, "totalcomuna": 34252, "prct_apellido": 0.002131, "Frecuencia provincia": 0.043946, "Frecuencia región": 0.051873, "cod_comuna": "09108"}, {"comuna": "LOS LAGOS", "region": "14. REGION DE LOS RIOS", "provincia": "Valdivia", "totalapellido": 30, "totalcomuna": 19069, "prct_apellido": 0.001573, "Frecuencia provincia": 0.046113, "Frecuencia región": 0.0544, "cod_comuna": "14104"}, {"comuna": "LOTA", "region": "08. REGION DEL BIOBIO", "provincia": "Concepción", "totalapellido": 91, "totalcomuna": 47936, "prct_apellido": 0.001898, "Frecuencia provincia": 0.045559, "Frecuencia región": 0.056049, "cod_comuna": "08106"}, {"comuna": "LINARES", "region": "07. REGION DEL MAULE", "provincia": "Linares", "totalapellido": 171, "totalcomuna": 81744, "prct_apellido": 0.002092, "Frecuencia provincia": 0.120949, "Frecuencia región": 0.082553, "cod_comuna": "07401"}, {"comuna": "RIO HURTADO", "region": "04. REGION DE COQUIMBO", "provincia": "Limarí", "totalapellido": 10, "totalcomuna": 4938, "prct_apellido": 0.002025, "Frecuencia provincia": 0.102708, "Frecuencia región": 0.046565, "cod_comuna": "04305"}, {"comuna": "CAÑETE", "region": "08. REGION DEL BIOBIO", "provincia": "Arauco", "totalapellido": 45, "totalcomuna": 29478, "prct_apellido": 0.001527, "Frecuencia provincia": 0.169853, "Frecuencia región": 0.056049, "cod_comuna": "08203"}, {"comuna": "PORVENIR", "region": "12. REGION DE MAGALLANES Y DE LA ANTARTICA CHILENA", "provincia": "Tierra del Fuego", "totalapellido": 14, "totalcomuna": 6159, "prct_apellido": 0.002273, "Frecuencia provincia": 0.192861, "Frecuencia región": 0.037004, "cod_comuna": "12301"}, {"comuna": "MARIQUINA", "region": "14. REGION DE LOS RIOS", "provincia": "Valdivia", "totalapellido": 42, "totalcomuna": 18993, "prct_apellido": 0.002211, "Frecuencia provincia": 0.046113, "Frecuencia región": 0.0544, "cod_comuna": "14106"}, {"comuna": "HUALQUI", "region": "08. REGION DEL BIOBIO", "provincia": "Concepción", "totalapellido": 26, "totalcomuna": 20524, "prct_apellido": 0.001267, "Frecuencia provincia": 0.045559, "Frecuencia región": 0.056049, "cod_comuna": "08105"}, {"comuna": "SANTA JUANA", "region": "08. REGION DEL BIOBIO", "provincia": "Concepción", "totalapellido": 23, "totalcomuna": 13026, "prct_apellido": 0.001766, "Frecuencia provincia": 0.045559, "Frecuencia región": 0.056049, "cod_comuna": "08109"}, {"comuna": "MAULLIN", "region": "10. REGION DE LOS LAGOS", "provincia": "Llanquihue", "totalapellido": 16, "totalcomuna": 15413, "prct_apellido": 0.001038, "Frecuencia provincia": 0.042563, "Frecuencia región": 0.052521, "cod_comuna": "10108"}, {"comuna": "PENCO", "region": "08. REGION DEL BIOBIO", "provincia": "Concepción", "totalapellido": 83, "totalcomuna": 42200, "prct_apellido": 0.001967, "Frecuencia provincia": 0.045559, "Frecuencia región": 0.056049, "cod_comuna": "08107"}, {"comuna": "GORBEA", "region": "09. REGION DE LA ARAUCANIA", "provincia": "Cautín", "totalapellido": 25, "totalcomuna": 15659, "prct_apellido": 0.001597, "Frecuencia provincia": 0.043946, "Frecuencia región": 0.051873, "cod_comuna": "09107"}, {"comuna": "SAN IGNACIO", "region": "16. REGION DE ÑUBLE", "provincia": "Diguillín", "totalapellido": 24, "totalcomuna": 14632, "prct_apellido": 0.00164, "Frecuencia provincia": 0.065041, "Frecuencia región": 0.0859, "cod_comuna": "16108"}, {"comuna": "CAMARONES", "region": "15. REGION DE ARICA Y PARINACOTA", "provincia": "Arica", "totalapellido": 4, "totalcomuna": 3392, "prct_apellido": 0.001179, "Frecuencia provincia": 0.025797, "Frecuencia región": 0.026725, "cod_comuna": "15102"}, {"comuna": "PENCAHUE", "region": "07. REGION DEL MAULE", "provincia": "Talca", "totalapellido": 16, "totalcomuna": 10505, "prct_apellido": 0.001523, "Frecuencia provincia": 0.062885, "Frecuencia región": 0.082553, "cod_comuna": "07107"}, {"comuna": "CONTULMO", "region": "08. REGION DEL BIOBIO", "provincia": "Arauco", "totalapellido": 7, "totalcomuna": 6052, "prct_apellido": 0.001157, "Frecuencia provincia": 0.169853, "Frecuencia región": 0.056049, "cod_comuna": "08204"}, {"comuna": "LONQUIMAY", "region": "09. REGION DE LA ARAUCANIA", "provincia": "Malleco", "totalapellido": 36, "totalcomuna": 12215, "prct_apellido": 0.002947, "Frecuencia provincia": 0.133465, "Frecuencia región": 0.051873, "cod_comuna": "09205"}, {"comuna": "LANCO", "region": "14. REGION DE LOS RIOS", "provincia": "Valdivia", "totalapellido": 24, "totalcomuna": 16266, "prct_apellido": 0.001475, "Frecuencia provincia": 0.046113, "Frecuencia región": 0.0544, "cod_comuna": "14103"}, {"comuna": "CHILE CHICO", "region": "11. REGION DE AYSEN DEL GENERAL CARLOS IBAÑEZ DEL CAMPO", "provincia": "General Carrera", "totalapellido": 6, "totalcomuna": 6456, "prct_apellido": 0.000929, "Frecuencia provincia": 0.221914, "Frecuencia región": 0.077233, "cod_comuna": "11401"}, {"comuna": "PICHIDEGUA", "region": "06. REGION DEL LIBERTADOR GENERAL BERNARDO O'HIGGINS", "provincia": "Cachapoal", "totalapellido": 30, "totalcomuna": 16858, "prct_apellido": 0.00178, "Frecuencia provincia": 0.061427, "Frecuencia región": 0.074338, "cod_comuna": "06113"}, {"comuna": "ALTO DEL CARMEN", "region": "03. REGION DE ATACAMA", "provincia": "Huasco", "totalapellido": 9, "totalcomuna": 5202, "prct_apellido": 0.00173, "Frecuencia provincia": 0.121458, "Frecuencia región": 0.058317, "cod_comuna": "03302"}, {"comuna": "MELIPEUCO", "region": "09. REGION DE LA ARAUCANIA", "provincia": "Cautín", "totalapellido": 24, "totalcomuna": 7836, "prct_apellido": 0.003063, "Frecuencia provincia": 0.043946, "Frecuencia región": 0.051873, "cod_comuna": "09110"}, {"comuna": "PUERTO MONTT", "region": "10. REGION DE LOS LAGOS", "provincia": "Llanquihue", "totalapellido": 270, "totalcomuna": 186565, "prct_apellido": 0.001447, "Frecuencia provincia": 0.042563, "Frecuencia región": 0.052521, "cod_comuna": "10101"}, {"comuna": "PAIGUANO", "region": "04. REGION DE COQUIMBO", "provincia": "Elqui", "totalapellido": 12, "totalcomuna": 5389, "prct_apellido": 0.002227, "Frecuencia provincia": 0.034381, "Frecuencia región": 0.046565, "cod_comuna": "04105"}, {"comuna": "PUCON", "region": "09. REGION DE LA ARAUCANIA", "provincia": "Cautín", "totalapellido": 56, "totalcomuna": 28338, "prct_apellido": 0.001976, "Frecuencia provincia": 0.043946, "Frecuencia región": 0.051873, "cod_comuna": "09115"}, {"comuna": "COIHAIQUE", "region": "11. REGION DE AYSEN DEL GENERAL CARLOS IBAÑEZ DEL CAMPO", "provincia": NaN, "totalapellido": 97, "totalcomuna": 54229, "prct_apellido": 0.001789, "Frecuencia provincia": NaN, "Frecuencia región": 0.077233, "cod_comuna": null}, {"comuna": "VICHUQUEN", "region": "07. REGION DEL MAULE", "provincia": "Curicó", "totalapellido": 13, "totalcomuna": 5474, "prct_apellido": 0.002375, "Frecuencia provincia": 0.081137, "Frecuencia región": 0.082553, "cod_comuna": "07309"}, {"comuna": "PAILLACO", "region": "14. REGION DE LOS RIOS", "provincia": "Valdivia", "totalapellido": 21, "totalcomuna": 19259, "prct_apellido": 0.00109, "Frecuencia provincia": 0.046113, "Frecuencia región": 0.0544, "cod_comuna": "14107"}, {"comuna": "CAMIÑA", "region": "01. REGION DE TARAPACA", "provincia": "Tamarugal", "totalapellido": 3, "totalcomuna": 2802, "prct_apellido": 0.001071, "Frecuencia provincia": 0.130887, "Frecuencia región": 0.02576, "cod_comuna": "01402"}, {"comuna": "TEODORO SCHMIDT", "region": "09. REGION DE LA ARAUCANIA", "provincia": "Cautín", "totalapellido": 24, "totalcomuna": 14036, "prct_apellido": 0.00171, "Frecuencia provincia": 0.043946, "Frecuencia región": 0.051873, "cod_comuna": "09117"}, {"comuna": "SAN RAFAEL", "region": "07. REGION DEL MAULE", "provincia": "Talca", "totalapellido": 20, "totalcomuna": 8500, "prct_apellido": 0.002353, "Frecuencia provincia": 0.062885, "Frecuencia región": 0.082553, "cod_comuna": "07110"}, {"comuna": "SAN ROSENDO", "region": "08. REGION DEL BIOBIO", "provincia": "Biobío", "totalapellido": 8, "totalcomuna": 4424, "prct_apellido": 0.001808, "Frecuencia provincia": 0.077416, "Frecuencia región": 0.056049, "cod_comuna": "08310"}, {"comuna": "AISEN", "region": "11. REGION DE AYSEN DEL GENERAL CARLOS IBAÑEZ DEL CAMPO", "provincia": NaN, "totalapellido": 31, "totalcomuna": 22587, "prct_apellido": 0.001372, "Frecuencia provincia": NaN, "Frecuencia región": 0.077233, "cod_comuna": null}, {"comuna": "ALHUE", "region": "13. REGION METROPOLITANA DE SANTIAGO", "provincia": "Melipilla", "totalapellido": 12, "totalcomuna": 6153, "prct_apellido": 0.00195, "Frecuencia provincia": 0.072308, "Frecuencia región": 0.018986, "cod_comuna": "13502"}, {"comuna": "OLIVAR", "region": "06. REGION DEL LIBERTADOR GENERAL BERNARDO O'HIGGINS", "provincia": "Cachapoal", "totalapellido": 33, "totalcomuna": 12496, "prct_apellido": 0.002641, "Frecuencia provincia": 0.061427, "Frecuencia región": 0.074338, "cod_comuna": "06111"}, {"comuna": "EL CARMEN", "region": "16. REGION DE ÑUBLE", "provincia": "Diguillín", "totalapellido": 15, "totalcomuna": 12500, "prct_apellido": 0.0012, "Frecuencia provincia": 0.065041, "Frecuencia región": 0.0859, "cod_comuna": "16104"}, {"comuna": "LAGO RANCO", "region": "14. REGION DE LOS RIOS", "provincia": "Ranco", "totalapellido": 15, "totalcomuna": 9453, "prct_apellido": 0.001587, "Frecuencia provincia": 0.112447, "Frecuencia región": 0.0544, "cod_comuna": "14203"}, {"comuna": "SAGRADA FAMILIA", "region": "07. REGION DEL MAULE", "provincia": "Curicó", "totalapellido": 24, "totalcomuna": 15984, "prct_apellido": 0.001502, "Frecuencia provincia": 0.081137, "Frecuencia región": 0.082553, "cod_comuna": "07307"}, {"comuna": "CONSTITUCION", "region": "07. REGION DEL MAULE", "provincia": "Talca", "totalapellido": 59, "totalcomuna": 40000, "prct_apellido": 0.001475, "Frecuencia provincia": 0.062885, "Frecuencia región": 0.082553, "cod_comuna": "07102"}, {"comuna": "RIO BUENO", "region": "14. REGION DE LOS RIOS", "provincia": "Ranco", "totalapellido": 37, "totalcomuna": 30793, "prct_apellido": 0.001202, "Frecuencia provincia": 0.112447, "Frecuencia región": 0.0544, "cod_comuna": "14204"}, {"comuna": "ERCILLA", "region": "09. REGION DE LA ARAUCANIA", "provincia": "Malleco", "totalapellido": 11, "totalcomuna": 8142, "prct_apellido": 0.001351, "Frecuencia provincia": 0.133465, "Frecuencia región": 0.051873, "cod_comuna": "09204"}, {"comuna": "CAUQUENES", "region": "07. REGION DEL MAULE", "provincia": "Cauquenes", "totalapellido": 50, "totalcomuna": 37610, "prct_apellido": 0.001329, "Frecuencia provincia": 0.18103, "Frecuencia región": 0.082553, "cod_comuna": "07201"}, {"comuna": "FRUTILLAR", "region": "10. REGION DE LOS LAGOS", "provincia": "Llanquihue", "totalapellido": 15, "totalcomuna": 16778, "prct_apellido": 0.000894, "Frecuencia provincia": 0.042563, "Frecuencia región": 0.052521, "cod_comuna": "10105"}, {"comuna": "TORRES DEL PAINE", "region": "12. REGION DE MAGALLANES Y DE LA ANTARTICA CHILENA", "provincia": "Última Esperanza", "totalapellido": 2, "totalcomuna": 1691, "prct_apellido": 0.001183, "Frecuencia provincia": 0.096903, "Frecuencia región": 0.037004, "cod_comuna": "12402"}, {"comuna": "PUERTO VARAS", "region": "10. REGION DE LOS LAGOS", "provincia": "Llanquihue", "totalapellido": 66, "totalcomuna": 42326, "prct_apellido": 0.001559, "Frecuencia provincia": 0.042563, "Frecuencia región": 0.052521, "cod_comuna": "10109"}, {"comuna": "CURARREHUE", "region": "09. REGION DE LA ARAUCANIA", "provincia": "Cautín", "totalapellido": 9, "totalcomuna": 8517, "prct_apellido": 0.001057, "Frecuencia provincia": 0.043946, "Frecuencia región": 0.051873, "cod_comuna": "09104"}, {"comuna": "CASTRO", "region": "10. REGION DE LOS LAGOS", "provincia": "Chiloé", "totalapellido": 50, "totalcomuna": 41394, "prct_apellido": 0.001208, "Frecuencia provincia": 0.112043, "Frecuencia región": 0.052521, "cod_comuna": "10201"}, {"comuna": "ARAUCO", "region": "08. REGION DEL BIOBIO", "provincia": "Arauco", "totalapellido": 34, "totalcomuna": 31158, "prct_apellido": 0.001091, "Frecuencia provincia": 0.169853, "Frecuencia región": 0.056049, "cod_comuna": "08202"}, {"comuna": "NATALES", "region": "12. REGION DE MAGALLANES Y DE LA ANTARTICA CHILENA", "provincia": "Última Esperanza", "totalapellido": 30, "totalcomuna": 22709, "prct_apellido": 0.001321, "Frecuencia provincia": 0.096903, "Frecuencia región": 0.037004, "cod_comuna": "12401"}, {"comuna": "TOLTEN", "region": "09. REGION DE LA ARAUCANIA", "provincia": "Cautín", "totalapellido": 18, "totalcomuna": 10591, "prct_apellido": 0.0017, "Frecuencia provincia": 0.043946, "Frecuencia región": 0.051873, "cod_comuna": "09118"}, {"comuna": "MULCHEN", "region": "08. REGION DEL BIOBIO", "provincia": "Biobío", "totalapellido": 31, "totalcomuna": 26828, "prct_apellido": 0.001156, "Frecuencia provincia": 0.077416, "Frecuencia región": 0.056049, "cod_comuna": "08305"}, {"comuna": "CUNCO", "region": "09. REGION DE LA ARAUCANIA", "provincia": "Cautín", "totalapellido": 47, "totalcomuna": 20001, "prct_apellido": 0.00235, "Frecuencia provincia": 0.043946, "Frecuencia región": 0.051873, "cod_comuna": "09103"}, {"comuna": "TUCAPEL", "region": "08. REGION DEL BIOBIO", "provincia": "Biobío", "totalapellido": 16, "totalcomuna": 13071, "prct_apellido": 0.001224, "Frecuencia provincia": 0.077416, "Frecuencia región": 0.056049, "cod_comuna": "08312"}, {"comuna": "CHANCO", "region": "07. REGION DEL MAULE", "provincia": "Cauquenes", "totalapellido": 9, "totalcomuna": 9488, "prct_apellido": 0.000949, "Frecuencia provincia": 0.18103, "Frecuencia región": 0.082553, "cod_comuna": "07202"}, {"comuna": "RIO NEGRO", "region": "10. REGION DE LOS LAGOS", "provincia": "Osorno", "totalapellido": 11, "totalcomuna": 13459, "prct_apellido": 0.000817, "Frecuencia provincia": 0.047856, "Frecuencia región": 0.052521, "cod_comuna": "10305"}, {"comuna": "OSORNO", "region": "10. REGION DE LOS LAGOS", "provincia": "Osorno", "totalapellido": 141, "totalcomuna": 143162, "prct_apellido": 0.000985, "Frecuencia provincia": 0.047856, "Frecuencia región": 0.052521, "cod_comuna": "10301"}, {"comuna": "RAUCO", "region": "07. REGION DEL MAULE", "provincia": "Curicó", "totalapellido": 17, "totalcomuna": 9956, "prct_apellido": 0.001708, "Frecuencia provincia": 0.081137, "Frecuencia región": 0.082553, "cod_comuna": "07305"}, {"comuna": "GENERAL LAGOS", "region": "15. REGION DE ARICA Y PARINACOTA", "provincia": "Parinacota", "totalapellido": 2, "totalcomuna": 2006, "prct_apellido": 0.000997, "Frecuencia provincia": 0.189111, "Frecuencia región": 0.026725, "cod_comuna": "15202"}, {"comuna": "SAN PABLO", "region": "10. REGION DE LOS LAGOS", "provincia": "Osorno", "totalapellido": 8, "totalcomuna": 10188, "prct_apellido": 0.000785, "Frecuencia provincia": 0.047856, "Frecuencia región": 0.052521, "cod_comuna": "10307"}, {"comuna": "ANCUD", "region": "10. REGION DE LOS LAGOS", "provincia": "Chiloé", "totalapellido": 28, "totalcomuna": 38845, "prct_apellido": 0.000721, "Frecuencia provincia": 0.112043, "Frecuencia región": 0.052521, "cod_comuna": "10202"}, {"comuna": "QUELLON", "region": "10. REGION DE LOS LAGOS", "provincia": "Chiloé", "totalapellido": 23, "totalcomuna": 22826, "prct_apellido": 0.001008, "Frecuencia provincia": 0.112043, "Frecuencia región": 0.052521, "cod_comuna": "10208"}, {"comuna": "LA UNION", "region": "14. REGION DE LOS RIOS", "provincia": "Ranco", "totalapellido": 33, "totalcomuna": 35754, "prct_apellido": 0.000923, "Frecuencia provincia": 0.112447, "Frecuencia región": 0.0544, "cod_comuna": "14201"}, {"comuna": "QUEILEN", "region": "10. REGION DE LOS LAGOS", "provincia": "Chiloé", "totalapellido": 8, "totalcomuna": 6325, "prct_apellido": 0.001265, "Frecuencia provincia": 0.112043, "Frecuencia región": 0.052521, "cod_comuna": "10207"}, {"comuna": "PINTO", "region": "16. REGION DE ÑUBLE", "provincia": "Diguillín", "totalapellido": 10, "totalcomuna": 11329, "prct_apellido": 0.000883, "Frecuencia provincia": 0.065041, "Frecuencia región": 0.0859, "cod_comuna": "16106"}, {"comuna": "RENAICO", "region": "09. REGION DE LA ARAUCANIA", "provincia": "Malleco", "totalapellido": 7, "totalcomuna": 9886, "prct_apellido": 0.000708, "Frecuencia provincia": 0.133465, "Frecuencia región": 0.051873, "cod_comuna": "09209"}, {"comuna": "CALBUCO", "region": "10. REGION DE LOS LAGOS", "provincia": "Llanquihue", "totalapellido": 21, "totalcomuna": 32409, "prct_apellido": 0.000648, "Frecuencia provincia": 0.042563, "Frecuencia región": 0.052521, "cod_comuna": "10102"}, {"comuna": "BULNES", "region": "16. REGION DE ÑUBLE", "provincia": "Diguillín", "totalapellido": 20, "totalcomuna": 20535, "prct_apellido": 0.000974, "Frecuencia provincia": 0.065041, "Frecuencia región": 0.0859, "cod_comuna": "16102"}, {"comuna": "PURRANQUE", "region": "10. REGION DE LOS LAGOS", "provincia": "Osorno", "totalapellido": 12, "totalcomuna": 19882, "prct_apellido": 0.000604, "Frecuencia provincia": 0.047856, "Frecuencia región": 0.052521, "cod_comuna": "10303"}, {"comuna": "RANQUIL", "region": "16. REGION DE ÑUBLE", "provincia": "Itata", "totalapellido": 2, "totalcomuna": 5823, "prct_apellido": 0.000343, "Frecuencia provincia": 0.295621, "Frecuencia región": 0.0859, "cod_comuna": "16206"}, {"comuna": "RIO IBAÑEZ", "region": "11. REGION DE AYSEN DEL GENERAL CARLOS IBAÑEZ DEL CAMPO", "provincia": "General Carrera", "totalapellido": 2, "totalcomuna": 2917, "prct_apellido": 0.000686, "Frecuencia provincia": 0.221914, "Frecuencia región": 0.077233, "cod_comuna": "11402"}, {"comuna": "PORTEZUELO", "region": "16. REGION DE ÑUBLE", "provincia": "Itata", "totalapellido": 3, "totalcomuna": 5845, "prct_apellido": 0.000513, "Frecuencia provincia": 0.295621, "Frecuencia región": 0.0859, "cod_comuna": "16205"}, {"comuna": "PUERTO OCTAY", "region": "10. REGION DE LOS LAGOS", "provincia": "Osorno", "totalapellido": 8, "totalcomuna": 9024, "prct_apellido": 0.000887, "Frecuencia provincia": 0.047856, "Frecuencia región": 0.052521, "cod_comuna": "10302"}, {"comuna": "LOS ALAMOS", "region": "08. REGION DEL BIOBIO", "provincia": "Arauco", "totalapellido": 12, "totalcomuna": 18060, "prct_apellido": 0.000664, "Frecuencia provincia": 0.169853, "Frecuencia región": 0.056049, "cod_comuna": "08206"}, {"comuna": "CANELA", "region": "04. REGION DE COQUIMBO", "provincia": "Choapa", "totalapellido": 10, "totalcomuna": 9047, "prct_apellido": 0.001105, "Frecuencia provincia": 0.165554, "Frecuencia región": 0.046565, "cod_comuna": "04202"}, {"comuna": "NEGRETE", "region": "08. REGION DEL BIOBIO", "provincia": "Biobío", "totalapellido": 8, "totalcomuna": 9086, "prct_apellido": 0.00088, "Frecuencia provincia": 0.077416, "Frecuencia región": 0.056049, "cod_comuna": "08307"}, {"comuna": "CURANILAHUE", "region": "08. REGION DEL BIOBIO", "provincia": "Arauco", "totalapellido": 16, "totalcomuna": 30624, "prct_apellido": 0.000522, "Frecuencia provincia": 0.169853, "Frecuencia región": 0.056049, "cod_comuna": "08205"}, {"comuna": "DALCAHUE", "region": "10. REGION DE LOS LAGOS", "provincia": "Chiloé", "totalapellido": 8, "totalcomuna": 12598, "prct_apellido": 0.000635, "Frecuencia provincia": 0.112043, "Frecuencia región": 0.052521, "cod_comuna": "10205"}, {"comuna": "LEBU", "region": "08. REGION DEL BIOBIO", "provincia": "Arauco", "totalapellido": 20, "totalcomuna": 22309, "prct_apellido": 0.000896, "Frecuencia provincia": 0.169853, "Frecuencia región": 0.056049, "cod_comuna": "08201"}, {"comuna": "TREGUACO", "region": "16. REGION DE ÑUBLE", "provincia": "Itata", "totalapellido": 4, "totalcomuna": 6424, "prct_apellido": 0.000623, "Frecuencia provincia": 0.295621, "Frecuencia región": 0.0859, "cod_comuna": "16207"}, {"comuna": "COCHRANE", "region": "11. REGION DE AYSEN DEL GENERAL CARLOS IBAÑEZ DEL CAMPO", "provincia": "Capitán Prat", "totalapellido": 1, "totalcomuna": 3384, "prct_apellido": 0.000296, "Frecuencia provincia": 0.340154, "Frecuencia región": 0.077233, "cod_comuna": "11301"}, {"comuna": "PELLUHUE", "region": "07. REGION DEL MAULE", "provincia": "Cauquenes", "totalapellido": 13, "totalcomuna": 7848, "prct_apellido": 0.001656, "Frecuencia provincia": 0.18103, "Frecuencia región": 0.082553, "cod_comuna": "07203"}, {"comuna": "LLANQUIHUE", "region": "10. REGION DE LOS LAGOS", "provincia": "Llanquihue", "totalapellido": 18, "totalcomuna": 16179, "prct_apellido": 0.001113, "Frecuencia provincia": 0.042563, "Frecuencia región": 0.052521, "cod_comuna": "10107"}, {"comuna": "LONGAVI", "region": "07. REGION DEL MAULE", "provincia": "Linares", "totalapellido": 20, "totalcomuna": 26725, "prct_apellido": 0.000748, "Frecuencia provincia": 0.120949, "Frecuencia región": 0.082553, "cod_comuna": "07403"}, {"comuna": "CISNES", "region": "11. REGION DE AYSEN DEL GENERAL CARLOS IBAÑEZ DEL CAMPO", "provincia": "Aysén", "totalapellido": 2, "totalcomuna": 4569, "prct_apellido": 0.000438, "Frecuencia provincia": 0.259791, "Frecuencia región": 0.077233, "cod_comuna": "11202"}, {"comuna": "CUREPTO", "region": "07. REGION DEL MAULE", "provincia": "Talca", "totalapellido": 10, "totalcomuna": 10310, "prct_apellido": 0.00097, "Frecuencia provincia": 0.062885, "Frecuencia región": 0.082553, "cod_comuna": "07103"}, {"comuna": "QUILLON", "region": "16. REGION DE ÑUBLE", "provincia": "Diguillín", "totalapellido": 12, "totalcomuna": 15682, "prct_apellido": 0.000765, "Frecuencia provincia": 0.065041, "Frecuencia región": 0.0859, "cod_comuna": "16107"}, {"comuna": "CHOLCHOL", "region": "09. REGION DE LA ARAUCANIA", "provincia": "Cautín", "totalapellido": 7, "totalcomuna": 11095, "prct_apellido": 0.000631, "Frecuencia provincia": 0.043946, "Frecuencia región": 0.051873, "cod_comuna": "09121"}, {"comuna": "ALTO BIOBIO", "region": "08. REGION DEL BIOBIO", "provincia": "Biobío", "totalapellido": 4, "totalcomuna": 5557, "prct_apellido": 0.00072, "Frecuencia provincia": 0.077416, "Frecuencia región": 0.056049, "cod_comuna": "08314"}, {"comuna": "NINHUE", "region": "16. REGION DE ÑUBLE", "provincia": "Itata", "totalapellido": 5, "totalcomuna": 6325, "prct_apellido": 0.000791, "Frecuencia provincia": 0.295621, "Frecuencia región": 0.0859, "cod_comuna": "16204"}, {"comuna": "CHONCHI", "region": "10. REGION DE LOS LAGOS", "provincia": "Chiloé", "totalapellido": 9, "totalcomuna": 13190, "prct_apellido": 0.000682, "Frecuencia provincia": 0.112043, "Frecuencia región": 0.052521, "cod_comuna": "10203"}, {"comuna": "LOLOL", "region": "06. REGION DEL LIBERTADOR GENERAL BERNARDO O'HIGGINS", "provincia": "Colchagua", "totalapellido": 5, "totalcomuna": 6889, "prct_apellido": 0.000726, "Frecuencia provincia": 0.12967, "Frecuencia región": 0.074338, "cod_comuna": "06304"}, {"comuna": "COELEMU", "region": "16. REGION DE ÑUBLE", "provincia": "Itata", "totalapellido": 7, "totalcomuna": 15414, "prct_apellido": 0.000454, "Frecuencia provincia": 0.295621, "Frecuencia región": 0.0859, "cod_comuna": "16203"}, {"comuna": "LOS MUERMOS", "region": "10. REGION DE LOS LAGOS", "provincia": "Llanquihue", "totalapellido": 8, "totalcomuna": 16339, "prct_apellido": 0.00049, "Frecuencia provincia": 0.042563, "Frecuencia región": 0.052521, "cod_comuna": "10106"}, {"comuna": "HUALAIHUE", "region": "10. REGION DE LOS LAGOS", "provincia": "Palena", "totalapellido": 5, "totalcomuna": 8692, "prct_apellido": 0.000575, "Frecuencia provincia": 0.256614, "Frecuencia región": 0.052521, "cod_comuna": "10403"}, {"comuna": "LUMACO", "region": "09. REGION DE LA ARAUCANIA", "provincia": "Malleco", "totalapellido": 4, "totalcomuna": 9284, "prct_apellido": 0.000431, "Frecuencia provincia": 0.133465, "Frecuencia región": 0.051873, "cod_comuna": "09207"}, {"comuna": "QUINCHAO", "region": "10. REGION DE LOS LAGOS", "provincia": "Chiloé", "totalapellido": 8, "totalcomuna": 9410, "prct_apellido": 0.00085, "Frecuencia provincia": 0.112043, "Frecuencia región": 0.052521, "cod_comuna": "10210"}, {"comuna": "PUYEHUE", "region": "10. REGION DE LOS LAGOS", "provincia": "Osorno", "totalapellido": 4, "totalcomuna": 11597, "prct_apellido": 0.000345, "Frecuencia provincia": 0.047856, "Frecuencia región": 0.052521, "cod_comuna": "10304"}, {"comuna": "GALVARINO", "region": "09. REGION DE LA ARAUCANIA", "provincia": "Cautín", "totalapellido": 4, "totalcomuna": 12157, "prct_apellido": 0.000329, "Frecuencia provincia": 0.043946, "Frecuencia región": 0.051873, "cod_comuna": "09106"}, {"comuna": "FRESIA", "region": "10. REGION DE LOS LAGOS", "provincia": "Llanquihue", "totalapellido": 6, "totalcomuna": 12233, "prct_apellido": 0.00049, "Frecuencia provincia": 0.042563, "Frecuencia región": 0.052521, "cod_comuna": "10104"}], "provincias": [], "regiones": []}