{"apellido": "SALOM", "slug": "salom", "comunas": [{"comuna": "RIO NEGRO", "region": "10. REGION DE LOS LAGOS", "provincia": "Osorno", "totalapellido": 5, "totalcomuna": 13459, "prct_apellido": 0.000371, "Frecuencia provincia": 0.047856, "Frecuencia región": 0.052521, "cod_comuna": "10305"}, {"comuna": "OSORNO", "region": "10. REGION DE LOS LAGOS", "provincia": "Osorno", "totalapellido": 25, "totalcomuna": 143162, "prct_apellido": 0.000175, "Frecuencia provincia": 0.047856, "Frecuencia región": 0.052521, "cod_comuna": "10301"}, {"comuna": "VILCUN", "region": "09. REGION DE LA ARAUCANIA", "provincia": "Cautín", "totalapellido": 1, "totalcomuna": 24470, "prct_apellido": 4.1e-05, "Frecuencia provincia": 0.043946, "Frecuencia región": 0.051873, "cod_comuna": "09119"}, {"comuna": "ANCUD", "region": "10. REGION DE LOS LAGOS", "provincia": "Chiloé", "totalapellido": 1, "totalcomuna": 38845, "prct_apellido": 2.6e-05, "Frecuencia provincia": 0.112043, "Frecuencia región": 0.052521, "cod_comuna": "10202"}, {"comuna": "PUERTO VARAS", "region": "10. REGION DE LOS LAGOS", "provincia": "Llanquihue", "totalapellido": 3, "totalcomuna": 42326, "prct_apellido": 7.1e-05, "Frecuencia provincia": 0.042563, "Frecuencia región": 0.052521, "cod_comuna": "10109"}, {"comuna": "CHILLAN", "region": "16. REGION DE ÑUBLE", "provincia": "Diguillín", "totalapellido": 3, "totalcomuna": 152723, "prct_apellido": 2e-05, "Frecuencia provincia": 0.065041, "Frecuencia región": 0.0859, "cod_comuna": "16101"}, {"comuna": "LAS CONDES", "region": "13. REGION METROPOLITANA DE SANTIAGO", "provincia": "Santiago", "totalapellido": 8, "totalcomuna": 269517, "prct_apellido": 3e-05, "Frecuencia provincia": 0.017023, "Frecuencia región": 0.018986, "cod_comuna": "13114"}, {"comuna": "VALDIVIA", "region": "14. REGION DE LOS RIOS", "provincia": "Valdivia", "totalapellido": 1, "totalcomuna": 138619, "prct_apellido": 7e-06, "Frecuencia provincia": 0.046113, "Frecuencia región": 0.0544, "cod_comuna": "14101"}, {"comuna": "LA FLORIDA", "region": "13. REGION METROPOLITANA DE SANTIAGO", "provincia": "Santiago", "totalapellido": 5, "totalcomuna": 307414, "prct_apellido": 1.6e-05, "Frecuencia provincia": 0.017023, "Frecuencia región": 0.018986, "cod_comuna": "13110"}, {"comuna": "SANTIAGO", "region": "13. REGION METROPOLITANA DE SANTIAGO", "provincia": "Santiago", "totalapellido": 3, "totalcomuna": 340282, "prct_apellido": 9e-06, "Frecuencia provincia": 0.017023, "Frecuencia región": 0.018986, "cod_comuna": "13101"}, {"comuna": "PUERTO MONTT", "region": "10. REGION DE LOS LAGOS", "provincia": "Llanquihue", "totalapellido": 5, "totalcomuna": 186565, "prct_apellido": 2.7e-05, "Frecuencia provincia": 0.042563, "Frecuencia región": 0.052521, "cod_comuna": "10101"}, {"comuna": "RANCAGUA", "region": "06. REGION DEL LIBERTADOR GENERAL BERNARDO O'HIGGINS", "provincia": "Cachapoal", "totalapellido": 1, "totalcomuna": 194487, "prct_apellido": 5e-06, "Frecuencia provincia": 0.061427, "Frecuencia región": 0.074338, "cod_comuna": "06101"}, {"comuna": "ÑUÑOA", "region": "13. REGION METROPOLITANA DE SANTIAGO", "provincia": "Santiago", "totalapellido": 2, "totalcomuna": 197198, "prct_apellido": 1e-05, "Frecuencia provincia": 0.017023, "Frecuencia región": 0.018986, "cod_comuna": "13120"}, {"comuna": "TEMUCO", "region": "09. REGION DE LA ARAUCANIA", "provincia": "Cautín", "totalapellido": 2, "totalcomuna": 236909, "prct_apellido": 8e-06, "Frecuencia provincia": 0.043946, "Frecuencia región": 0.051873, "cod_comuna": "09101"}, {"comuna": "ANTOFAGASTA", "region": "02. REGION DE ANTOFAGASTA", "provincia": "Antofagasta", "totalapellido": 1, "totalcomuna": 286950, "prct_apellido": 3e-06, "Frecuencia provincia": 0.020817, "Frecuencia región": 0.025007, "cod_comuna": "02101"}, {"comuna": "PUENTE ALTO", "region": "13. REGION METROPOLITANA DE SANTIAGO", "provincia": "Cordillera", "totalapellido": 3, "totalcomuna": 399739, "prct_apellido": 8e-06, "Frecuencia provincia": 0.019022, "Frecuencia región": 0.018986, "cod_comuna": "13201"}], "provincias": [], "regiones": []}