{"apellido": "SALTER", "slug": "salter", "comunas": [{"comuna": "NATALES", "region": "12. REGION DE MAGALLANES Y DE LA ANTARTICA CHILENA", "provincia": "Última Esperanza", "totalapellido": 2, "totalcomuna": 22709, "prct_apellido": 8.8e-05, "Frecuencia provincia": 0.096903, "Frecuencia región": 0.037004, "cod_comuna": "12401"}, {"comuna": "SANTIAGO", "region": "13. REGION METROPOLITANA DE SANTIAGO", "provincia": "Santiago", "totalapellido": 1, "totalcomuna": 340282, "prct_apellido": 3e-06, "Frecuencia provincia": 0.017023, "Frecuencia región": 0.018986, "cod_comuna": "13101"}], "provincias": [], "regiones": []}