{"apellido": "SALVADOR", "slug": "salvador", "comunas": [{"comuna": "CABILDO", "region": "05. REGION DE VALPARAISO", "provincia": "Petorca", "totalapellido": 44, "totalcomuna": 18038, "prct_apellido": 0.002439, "Frecuencia provincia": 0.160073, "Frecuencia región": 0.029341, "cod_comuna": "05402"}, {"comuna": "SANTA MARIA", "region": "05. REGION DE VALPARAISO", "provincia": "San Felipe de Aconcagua", "totalapellido": 19, "totalcomuna": 12123, "prct_apellido": 0.001567, "Frecuencia provincia": 0.102948, "Frecuencia región": 0.029341, "cod_comuna": "05706"}, {"comuna": "LA CRUZ", "region": "05. REGION DE VALPARAISO", "provincia": "Quillota", "totalapellido": 37, "totalcomuna": 16329, "prct_apellido": 0.002266, "Frecuencia provincia": 0.079787, "Frecuencia región": 0.029341, "cod_comuna": "05504"}, {"comuna": "LA LIGUA", "region": "05. REGION DE VALPARAISO", "provincia": "Petorca", "totalapellido": 59, "totalcomuna": 30181, "prct_apellido": 0.001955, "Frecuencia provincia": 0.160073, "Frecuencia región": 0.029341, "cod_comuna": "05401"}, {"comuna": "HUASCO", "region": "03. REGION DE ATACAMA", "provincia": "Huasco", "totalapellido": 6, "totalcomuna": 8409, "prct_apellido": 0.000714, "Frecuencia provincia": 0.121458, "Frecuencia región": 0.058317, "cod_comuna": "03304"}, {"comuna": "LLAILLAY", "region": "05. REGION DE VALPARAISO", "provincia": "San Felipe de Aconcagua", "totalapellido": 24, "totalcomuna": 20915, "prct_apellido": 0.001148, "Frecuencia provincia": 0.102948, "Frecuencia región": 0.029341, "cod_comuna": "05703"}, {"comuna": "QUILLOTA", "region": "05. REGION DE VALPARAISO", "provincia": "Quillota", "totalapellido": 91, "totalcomuna": 75479, "prct_apellido": 0.001206, "Frecuencia provincia": 0.079787, "Frecuencia región": 0.029341, "cod_comuna": "05501"}, {"comuna": "TORRES DEL PAINE", "region": "12. REGION DE MAGALLANES Y DE LA ANTARTICA CHILENA", "provincia": "Última Esperanza", "totalapellido": 1, "totalcomuna": 1691, "prct_apellido": 0.000591, "Frecuencia provincia": 0.096903, "Frecuencia región": 0.037004, "cod_comuna": "12402"}, {"comuna": "ISLA DE MAIPO", "region": "13. REGION METROPOLITANA DE SANTIAGO", "provincia": "Talagante", "totalapellido": 16, "totalcomuna": 27965, "prct_apellido": 0.000572, "Frecuencia provincia": 0.065142, "Frecuencia región": 0.018986, "cod_comuna": "13603"}, {"comuna": "CALERA", "region": "05. REGION DE VALPARAISO", "provincia": "Quillota", "totalapellido": 27, "totalcomuna": 44980, "prct_apellido": 0.0006, "Frecuencia provincia": 0.079787, "Frecuencia región": 0.029341, "cod_comuna": "05502"}, {"comuna": "PETORCA", "region": "05. REGION DE VALPARAISO", "provincia": "Petorca", "totalapellido": 9, "totalcomuna": 9462, "prct_apellido": 0.000951, "Frecuencia provincia": 0.160073, "Frecuencia región": 0.029341, "cod_comuna": "05404"}, {"comuna": "RAUCO", "region": "07. REGION DEL MAULE", "provincia": "Curicó", "totalapellido": 3, "totalcomuna": 9956, "prct_apellido": 0.000301, "Frecuencia provincia": 0.081137, "Frecuencia región": 0.082553, "cod_comuna": "07305"}, {"comuna": "INDEPENDENCIA", "region": "13. REGION METROPOLITANA DE SANTIAGO", "provincia": "Santiago", "totalapellido": 46, "totalcomuna": 82629, "prct_apellido": 0.000557, "Frecuencia provincia": 0.017023, "Frecuencia región": 0.018986, "cod_comuna": "13108"}, {"comuna": "NUEVA IMPERIAL", "region": "09. REGION DE LA ARAUCANIA", "provincia": "Cautín", "totalapellido": 17, "totalcomuna": 30689, "prct_apellido": 0.000554, "Frecuencia provincia": 0.043946, "Frecuencia región": 0.051873, "cod_comuna": "09111"}, {"comuna": "CODEGUA", "region": "06. REGION DEL LIBERTADOR GENERAL BERNARDO O'HIGGINS", "provincia": "Cachapoal", "totalapellido": 4, "totalcomuna": 11680, "prct_apellido": 0.000342, "Frecuencia provincia": 0.061427, "Frecuencia región": 0.074338, "cod_comuna": "06102"}, {"comuna": "VITACURA", "region": "13. REGION METROPOLITANA DE SANTIAGO", "provincia": "Santiago", "totalapellido": 48, "totalcomuna": 89311, "prct_apellido": 0.000537, "Frecuencia provincia": 0.017023, "Frecuencia región": 0.018986, "cod_comuna": "13132"}, {"comuna": "SAN FELIPE", "region": "05. REGION DE VALPARAISO", "provincia": "San Felipe de Aconcagua", "totalapellido": 22, "totalcomuna": 60075, "prct_apellido": 0.000366, "Frecuencia provincia": 0.102948, "Frecuencia región": 0.029341, "cod_comuna": "05701"}, {"comuna": "MEJILLONES", "region": "02. REGION DE ANTOFAGASTA", "provincia": "Antofagasta", "totalapellido": 2, "totalcomuna": 10035, "prct_apellido": 0.000199, "Frecuencia provincia": 0.020817, "Frecuencia región": 0.025007, "cod_comuna": "02102"}, {"comuna": "RECOLETA", "region": "13. REGION METROPOLITANA DE SANTIAGO", "provincia": "Santiago", "totalapellido": 61, "totalcomuna": 142696, "prct_apellido": 0.000427, "Frecuencia provincia": 0.017023, "Frecuencia región": 0.018986, "cod_comuna": "13127"}, {"comuna": "PEÑAFLOR", "region": "13. REGION METROPOLITANA DE SANTIAGO", "provincia": "Talagante", "totalapellido": 25, "totalcomuna": 72543, "prct_apellido": 0.000345, "Frecuencia provincia": 0.065142, "Frecuencia región": 0.018986, "cod_comuna": "13605"}, {"comuna": "PAIGUANO", "region": "04. REGION DE COQUIMBO", "provincia": "Elqui", "totalapellido": 2, "totalcomuna": 5389, "prct_apellido": 0.000371, "Frecuencia provincia": 0.034381, "Frecuencia región": 0.046565, "cod_comuna": "04105"}, {"comuna": "VILLA ALEMANA", "region": "05. REGION DE VALPARAISO", "provincia": "Marga Marga", "totalapellido": 31, "totalcomuna": 98544, "prct_apellido": 0.000315, "Frecuencia provincia": 0.034753, "Frecuencia región": 0.029341, "cod_comuna": "05804"}, {"comuna": "MELIPILLA", "region": "13. REGION METROPOLITANA DE SANTIAGO", "provincia": "Melipilla", "totalapellido": 36, "totalcomuna": 97217, "prct_apellido": 0.00037, "Frecuencia provincia": 0.072308, "Frecuencia región": 0.018986, "cod_comuna": "13501"}, {"comuna": "LO BARNECHEA", "region": "13. REGION METROPOLITANA DE SANTIAGO", "provincia": "Santiago", "totalapellido": 21, "totalcomuna": 82669, "prct_apellido": 0.000254, "Frecuencia provincia": 0.017023, "Frecuencia región": 0.018986, "cod_comuna": "13115"}, {"comuna": "PUTRE", "region": "15. REGION DE ARICA Y PARINACOTA", "provincia": "Parinacota", "totalapellido": 1, "totalcomuna": 6059, "prct_apellido": 0.000165, "Frecuencia provincia": 0.189111, "Frecuencia región": 0.026725, "cod_comuna": "15201"}, {"comuna": "PAPUDO", "region": "05. REGION DE VALPARAISO", "provincia": "Petorca", "totalapellido": 3, "totalcomuna": 6102, "prct_apellido": 0.000492, "Frecuencia provincia": 0.160073, "Frecuencia región": 0.029341, "cod_comuna": "05403"}, {"comuna": "ISLA DE PASCUA", "region": "05. REGION DE VALPARAISO", "provincia": "Isla de Pascua", "totalapellido": 1, "totalcomuna": 6299, "prct_apellido": 0.000159, "Frecuencia provincia": 0.157863, "Frecuencia región": 0.029341, "cod_comuna": "05201"}, {"comuna": "NOGALES", "region": "05. REGION DE VALPARAISO", "provincia": "Quillota", "totalapellido": 19, "totalcomuna": 19698, "prct_apellido": 0.000965, "Frecuencia provincia": 0.079787, "Frecuencia región": 0.029341, "cod_comuna": "05506"}, {"comuna": "CERRILLOS", "region": "13. REGION METROPOLITANA DE SANTIAGO", "provincia": "Santiago", "totalapellido": 18, "totalcomuna": 67537, "prct_apellido": 0.000267, "Frecuencia provincia": 0.017023, "Frecuencia región": 0.018986, "cod_comuna": "13102"}, {"comuna": "ALGARROBO", "region": "05. REGION DE VALPARAISO", "provincia": "San Antonio", "totalapellido": 4, "totalcomuna": 13779, "prct_apellido": 0.00029, "Frecuencia provincia": 0.076723, "Frecuencia región": 0.029341, "cod_comuna": "05602"}, {"comuna": "LAS CONDES", "region": "13. REGION METROPOLITANA DE SANTIAGO", "provincia": "Santiago", "totalapellido": 63, "totalcomuna": 269517, "prct_apellido": 0.000234, "Frecuencia provincia": 0.017023, "Frecuencia región": 0.018986, "cod_comuna": "13114"}, {"comuna": "CALAMA", "region": "02. REGION DE ANTOFAGASTA", "provincia": "El Loa", "totalapellido": 39, "totalcomuna": 132333, "prct_apellido": 0.000295, "Frecuencia provincia": 0.035053, "Frecuencia región": 0.025007, "cod_comuna": "02201"}, {"comuna": "LA GRANJA", "region": "13. REGION METROPOLITANA DE SANTIAGO", "provincia": "Santiago", "totalapellido": 27, "totalcomuna": 103905, "prct_apellido": 0.00026, "Frecuencia provincia": 0.017023, "Frecuencia región": 0.018986, "cod_comuna": "13111"}, {"comuna": "PLACILLA", "region": "06. REGION DEL LIBERTADOR GENERAL BERNARDO O'HIGGINS", "provincia": "Colchagua", "totalapellido": 1, "totalcomuna": 8240, "prct_apellido": 0.000121, "Frecuencia provincia": 0.12967, "Frecuencia región": 0.074338, "cod_comuna": "06308"}, {"comuna": "PROVIDENCIA", "region": "13. REGION METROPOLITANA DE SANTIAGO", "provincia": "Santiago", "totalapellido": 36, "totalcomuna": 170255, "prct_apellido": 0.000211, "Frecuencia provincia": 0.017023, "Frecuencia región": 0.018986, "cod_comuna": "13123"}, {"comuna": "SAN FERNANDO", "region": "06. REGION DEL LIBERTADOR GENERAL BERNARDO O'HIGGINS", "provincia": "Colchagua", "totalapellido": 8, "totalcomuna": 62989, "prct_apellido": 0.000127, "Frecuencia provincia": 0.12967, "Frecuencia región": 0.074338, "cod_comuna": "06301"}, {"comuna": "PUERTO OCTAY", "region": "10. REGION DE LOS LAGOS", "provincia": "Osorno", "totalapellido": 2, "totalcomuna": 9024, "prct_apellido": 0.000222, "Frecuencia provincia": 0.047856, "Frecuencia región": 0.052521, "cod_comuna": "10302"}, {"comuna": "LA REINA", "region": "13. REGION METROPOLITANA DE SANTIAGO", "provincia": "Santiago", "totalapellido": 16, "totalcomuna": 91556, "prct_apellido": 0.000175, "Frecuencia provincia": 0.017023, "Frecuencia región": 0.018986, "cod_comuna": "13113"}, {"comuna": "HUARA", "region": "01. REGION DE TARAPACA", "provincia": "Tamarugal", "totalapellido": 2, "totalcomuna": 9373, "prct_apellido": 0.000213, "Frecuencia provincia": 0.130887, "Frecuencia región": 0.02576, "cod_comuna": "01404"}, {"comuna": "SANTIAGO", "region": "13. REGION METROPOLITANA DE SANTIAGO", "provincia": "Santiago", "totalapellido": 90, "totalcomuna": 340282, "prct_apellido": 0.000264, "Frecuencia provincia": 0.017023, "Frecuencia región": 0.018986, "cod_comuna": "13101"}, {"comuna": "VIÑA DEL MAR", "region": "05. REGION DE VALPARAISO", "provincia": "Valparaíso", "totalapellido": 72, "totalcomuna": 301370, "prct_apellido": 0.000239, "Frecuencia provincia": 0.017698, "Frecuencia región": 0.029341, "cod_comuna": "05109"}, {"comuna": "CONCON", "region": "05. REGION DE VALPARAISO", "provincia": "Valparaíso", "totalapellido": 7, "totalcomuna": 39439, "prct_apellido": 0.000177, "Frecuencia provincia": 0.017698, "Frecuencia región": 0.029341, "cod_comuna": "05103"}, {"comuna": "HUECHURABA", "region": "13. REGION METROPOLITANA DE SANTIAGO", "provincia": "Santiago", "totalapellido": 13, "totalcomuna": 73498, "prct_apellido": 0.000177, "Frecuencia provincia": 0.017023, "Frecuencia región": 0.018986, "cod_comuna": "13107"}, {"comuna": "LAJA", "region": "08. REGION DEL BIOBIO", "provincia": "Biobío", "totalapellido": 2, "totalcomuna": 21610, "prct_apellido": 9.3e-05, "Frecuencia provincia": 0.077416, "Frecuencia región": 0.056049, "cod_comuna": "08304"}, {"comuna": "CALERA DE TANGO", "region": "13. REGION METROPOLITANA DE SANTIAGO", "provincia": "Maipo", "totalapellido": 3, "totalcomuna": 22305, "prct_apellido": 0.000134, "Frecuencia provincia": 0.033289, "Frecuencia región": 0.018986, "cod_comuna": "13403"}, {"comuna": "ARICA", "region": "15. REGION DE ARICA Y PARINACOTA", "provincia": "Arica", "totalapellido": 25, "totalcomuna": 180060, "prct_apellido": 0.000139, "Frecuencia provincia": 0.025797, "Frecuencia región": 0.026725, "cod_comuna": "15101"}, {"comuna": "ANDACOLLO", "region": "04. REGION DE COQUIMBO", "provincia": "Elqui", "totalapellido": 1, "totalcomuna": 11296, "prct_apellido": 8.9e-05, "Frecuencia provincia": 0.034381, "Frecuencia región": 0.046565, "cod_comuna": "04103"}, {"comuna": "QUILPUE", "region": "05. REGION DE VALPARAISO", "provincia": "Marga Marga", "totalapellido": 18, "totalcomuna": 134448, "prct_apellido": 0.000134, "Frecuencia provincia": 0.034753, "Frecuencia región": 0.029341, "cod_comuna": "05801"}, {"comuna": "QUINTERO", "region": "05. REGION DE VALPARAISO", "provincia": "Valparaíso", "totalapellido": 6, "totalcomuna": 24756, "prct_apellido": 0.000242, "Frecuencia provincia": 0.017698, "Frecuencia región": 0.029341, "cod_comuna": "05107"}, {"comuna": "TIERRA AMARILLA", "region": "03. REGION DE ATACAMA", "provincia": "Copiapó", "totalapellido": 1, "totalcomuna": 12798, "prct_apellido": 7.8e-05, "Frecuencia provincia": 0.043922, "Frecuencia región": 0.058317, "cod_comuna": "03103"}, {"comuna": "LA FLORIDA", "region": "13. REGION METROPOLITANA DE SANTIAGO", "provincia": "Santiago", "totalapellido": 52, "totalcomuna": 307414, "prct_apellido": 0.000169, "Frecuencia provincia": 0.017023, "Frecuencia región": 0.018986, "cod_comuna": "13110"}, {"comuna": "ÑUÑOA", "region": "13. REGION METROPOLITANA DE SANTIAGO", "provincia": "Santiago", "totalapellido": 31, "totalcomuna": 197198, "prct_apellido": 0.000157, "Frecuencia provincia": 0.017023, "Frecuencia región": 0.018986, "cod_comuna": "13120"}, {"comuna": "PEDRO AGUIRRE CERDA", "region": "13. REGION METROPOLITANA DE SANTIAGO", "provincia": "Santiago", "totalapellido": 9, "totalcomuna": 93161, "prct_apellido": 9.7e-05, "Frecuencia provincia": 0.017023, "Frecuencia región": 0.018986, "cod_comuna": "13121"}, {"comuna": "LA CISTERNA", "region": "13. REGION METROPOLITANA DE SANTIAGO", "provincia": "Santiago", "totalapellido": 8, "totalcomuna": 83246, "prct_apellido": 9.6e-05, "Frecuencia provincia": 0.017023, "Frecuencia región": 0.018986, "cod_comuna": "13109"}, {"comuna": "IQUIQUE", "region": "01. REGION DE TARAPACA", "provincia": "Iquique", "totalapellido": 21, "totalcomuna": 167553, "prct_apellido": 0.000125, "Frecuencia provincia": 0.023146, "Frecuencia región": 0.02576, "cod_comuna": "01101"}, {"comuna": "ESTACION CENTRAL", "region": "13. REGION METROPOLITANA DE SANTIAGO", "provincia": "Santiago", "totalapellido": 17, "totalcomuna": 127214, "prct_apellido": 0.000134, "Frecuencia provincia": 0.017023, "Frecuencia región": 0.018986, "cod_comuna": "13106"}, {"comuna": "LAMPA", "region": "13. REGION METROPOLITANA DE SANTIAGO", "provincia": "Chacabuco", "totalapellido": 7, "totalcomuna": 59623, "prct_apellido": 0.000117, "Frecuencia provincia": 0.035407, "Frecuencia región": 0.018986, "cod_comuna": "13302"}, {"comuna": "CALDERA", "region": "03. REGION DE ATACAMA", "provincia": "Copiapó", "totalapellido": 1, "totalcomuna": 15024, "prct_apellido": 6.7e-05, "Frecuencia provincia": 0.043922, "Frecuencia región": 0.058317, "cod_comuna": "03102"}, {"comuna": "LO ESPEJO", "region": "13. REGION METROPOLITANA DE SANTIAGO", "provincia": "Santiago", "totalapellido": 13, "totalcomuna": 90849, "prct_apellido": 0.000143, "Frecuencia provincia": 0.017023, "Frecuencia región": 0.018986, "cod_comuna": "13116"}, {"comuna": "SAN ESTEBAN", "region": "05. REGION DE VALPARAISO", "provincia": "Los Andes", "totalapellido": 5, "totalcomuna": 15281, "prct_apellido": 0.000327, "Frecuencia provincia": 0.083664, "Frecuencia región": 0.029341, "cod_comuna": "05304"}, {"comuna": "SAN CARLOS", "region": "16. REGION DE ÑUBLE", "provincia": "Punilla", "totalapellido": 10, "totalcomuna": 47717, "prct_apellido": 0.00021, "Frecuencia provincia": 0.169589, "Frecuencia región": 0.0859, "cod_comuna": "16301"}, {"comuna": "ANTOFAGASTA", "region": "02. REGION DE ANTOFAGASTA", "provincia": "Antofagasta", "totalapellido": 35, "totalcomuna": 286950, "prct_apellido": 0.000122, "Frecuencia provincia": 0.020817, "Frecuencia región": 0.025007, "cod_comuna": "02101"}, {"comuna": "SAN RAMON", "region": "13. REGION METROPOLITANA DE SANTIAGO", "provincia": "Santiago", "totalapellido": 9, "totalcomuna": 81793, "prct_apellido": 0.00011, "Frecuencia provincia": 0.017023, "Frecuencia región": 0.018986, "cod_comuna": "13131"}, {"comuna": "CURICO", "region": "07. REGION DEL MAULE", "provincia": "Curicó", "totalapellido": 9, "totalcomuna": 117810, "prct_apellido": 7.6e-05, "Frecuencia provincia": 0.081137, "Frecuencia región": 0.082553, "cod_comuna": "07301"}, {"comuna": "PEÑALOLEN", "region": "13. REGION METROPOLITANA DE SANTIAGO", "provincia": "Santiago", "totalapellido": 22, "totalcomuna": 191707, "prct_apellido": 0.000115, "Frecuencia provincia": 0.017023, "Frecuencia región": 0.018986, "cod_comuna": "13122"}, {"comuna": "VALPARAISO", "region": "05. REGION DE VALPARAISO", "provincia": "Valparaíso", "totalapellido": 34, "totalcomuna": 290125, "prct_apellido": 0.000117, "Frecuencia provincia": 0.017698, "Frecuencia región": 0.029341, "cod_comuna": "05101"}, {"comuna": "MAIPU", "region": "13. REGION METROPOLITANA DE SANTIAGO", "provincia": "Santiago", "totalapellido": 40, "totalcomuna": 389758, "prct_apellido": 0.000103, "Frecuencia provincia": 0.017023, "Frecuencia región": 0.018986, "cod_comuna": "13119"}, {"comuna": "LOS ANDES", "region": "05. REGION DE VALPARAISO", "provincia": "Los Andes", "totalapellido": 4, "totalcomuna": 55969, "prct_apellido": 7.1e-05, "Frecuencia provincia": 0.083664, "Frecuencia región": 0.029341, "cod_comuna": "05301"}, {"comuna": "PAILLACO", "region": "14. REGION DE LOS RIOS", "provincia": "Valdivia", "totalapellido": 1, "totalcomuna": 19259, "prct_apellido": 5.2e-05, "Frecuencia provincia": 0.046113, "Frecuencia región": 0.0544, "cod_comuna": "14107"}, {"comuna": "CONCHALI", "region": "13. REGION METROPOLITANA DE SANTIAGO", "provincia": "Santiago", "totalapellido": 8, "totalcomuna": 118624, "prct_apellido": 6.7e-05, "Frecuencia provincia": 0.017023, "Frecuencia región": 0.018986, "cod_comuna": "13104"}, {"comuna": "CUNCO", "region": "09. REGION DE LA ARAUCANIA", "provincia": "Cautín", "totalapellido": 1, "totalcomuna": 20001, "prct_apellido": 5e-05, "Frecuencia provincia": 0.043946, "Frecuencia región": 0.051873, "cod_comuna": "09103"}, {"comuna": "MACUL", "region": "13. REGION METROPOLITANA DE SANTIAGO", "provincia": "Santiago", "totalapellido": 10, "totalcomuna": 101340, "prct_apellido": 9.9e-05, "Frecuencia provincia": 0.017023, "Frecuencia región": 0.018986, "cod_comuna": "13118"}, {"comuna": "QUINTA NORMAL", "region": "13. REGION METROPOLITANA DE SANTIAGO", "provincia": "Santiago", "totalapellido": 8, "totalcomuna": 102529, "prct_apellido": 7.8e-05, "Frecuencia provincia": 0.017023, "Frecuencia región": 0.018986, "cod_comuna": "13126"}, {"comuna": "PUERTO VARAS", "region": "10. REGION DE LOS LAGOS", "provincia": "Llanquihue", "totalapellido": 2, "totalcomuna": 42326, "prct_apellido": 4.7e-05, "Frecuencia provincia": 0.042563, "Frecuencia región": 0.052521, "cod_comuna": "10109"}, {"comuna": "PADRE HURTADO", "region": "13. REGION METROPOLITANA DE SANTIAGO", "provincia": "Talagante", "totalapellido": 4, "totalcomuna": 44714, "prct_apellido": 8.9e-05, "Frecuencia provincia": 0.065142, "Frecuencia región": 0.018986, "cod_comuna": "13604"}, {"comuna": "PIRQUE", "region": "13. REGION METROPOLITANA DE SANTIAGO", "provincia": "Cordillera", "totalapellido": 1, "totalcomuna": 22646, "prct_apellido": 4.4e-05, "Frecuencia provincia": 0.019022, "Frecuencia región": 0.018986, "cod_comuna": "13202"}, {"comuna": "NATALES", "region": "12. REGION DE MAGALLANES Y DE LA ANTARTICA CHILENA", "provincia": "Última Esperanza", "totalapellido": 4, "totalcomuna": 22709, "prct_apellido": 0.000176, "Frecuencia provincia": 0.096903, "Frecuencia región": 0.037004, "cod_comuna": "12401"}, {"comuna": "CERRO NAVIA", "region": "13. REGION METROPOLITANA DE SANTIAGO", "provincia": "Santiago", "totalapellido": 10, "totalcomuna": 115479, "prct_apellido": 8.7e-05, "Frecuencia provincia": 0.017023, "Frecuencia región": 0.018986, "cod_comuna": "13103"}, {"comuna": "LONCOCHE", "region": "09. REGION DE LA ARAUCANIA", "provincia": "Cautín", "totalapellido": 1, "totalcomuna": 23193, "prct_apellido": 4.3e-05, "Frecuencia provincia": 0.043946, "Frecuencia región": 0.051873, "cod_comuna": "09109"}, {"comuna": "RENCA", "region": "13. REGION METROPOLITANA DE SANTIAGO", "provincia": "Santiago", "totalapellido": 10, "totalcomuna": 116730, "prct_apellido": 8.6e-05, "Frecuencia provincia": 0.017023, "Frecuencia región": 0.018986, "cod_comuna": "13128"}, {"comuna": "PUNTA ARENAS", "region": "12. REGION DE MAGALLANES Y DE LA ANTARTICA CHILENA", "provincia": "Magallanes", "totalapellido": 10, "totalcomuna": 122525, "prct_apellido": 8.2e-05, "Frecuencia provincia": 0.031287, "Frecuencia región": 0.037004, "cod_comuna": "12101"}, {"comuna": "TOME", "region": "08. REGION DEL BIOBIO", "provincia": "Concepción", "totalapellido": 2, "totalcomuna": 49849, "prct_apellido": 4e-05, "Frecuencia provincia": 0.045559, "Frecuencia región": 0.056049, "cod_comuna": "08111"}, {"comuna": "TENO", "region": "07. REGION DEL MAULE", "provincia": "Curicó", "totalapellido": 1, "totalcomuna": 24958, "prct_apellido": 4e-05, "Frecuencia provincia": 0.081137, "Frecuencia región": 0.082553, "cod_comuna": "07308"}, {"comuna": "SAN BERNARDO", "region": "13. REGION METROPOLITANA DE SANTIAGO", "provincia": "Maipo", "totalapellido": 25, "totalcomuna": 228196, "prct_apellido": 0.00011, "Frecuencia provincia": 0.033289, "Frecuencia región": 0.018986, "cod_comuna": "13401"}, {"comuna": "SAN MIGUEL", "region": "13. REGION METROPOLITANA DE SANTIAGO", "provincia": "Santiago", "totalapellido": 15, "totalcomuna": 105090, "prct_apellido": 0.000143, "Frecuencia provincia": 0.017023, "Frecuencia región": 0.018986, "cod_comuna": "13130"}, {"comuna": "CURACAVI", "region": "13. REGION METROPOLITANA DE SANTIAGO", "provincia": "Melipilla", "totalapellido": 1, "totalcomuna": 26345, "prct_apellido": 3.8e-05, "Frecuencia provincia": 0.072308, "Frecuencia región": 0.018986, "cod_comuna": "13503"}, {"comuna": "MULCHEN", "region": "08. REGION DEL BIOBIO", "provincia": "Biobío", "totalapellido": 1, "totalcomuna": 26828, "prct_apellido": 3.7e-05, "Frecuencia provincia": 0.077416, "Frecuencia región": 0.056049, "cod_comuna": "08305"}, {"comuna": "PAINE", "region": "13. REGION METROPOLITANA DE SANTIAGO", "provincia": "Maipo", "totalapellido": 3, "totalcomuna": 53793, "prct_apellido": 5.6e-05, "Frecuencia provincia": 0.033289, "Frecuencia región": 0.018986, "cod_comuna": "13404"}, {"comuna": "CONCEPCION", "region": "08. REGION DEL BIOBIO", "provincia": "Concepción", "totalapellido": 15, "totalcomuna": 201066, "prct_apellido": 7.5e-05, "Frecuencia provincia": 0.045559, "Frecuencia región": 0.056049, "cod_comuna": "08101"}, {"comuna": "ALTO HOSPICIO", "region": "01. REGION DE TARAPACA", "provincia": "Iquique", "totalapellido": 6, "totalcomuna": 58683, "prct_apellido": 0.000102, "Frecuencia provincia": 0.023146, "Frecuencia región": 0.02576, "cod_comuna": "01107"}, {"comuna": "COLINA", "region": "13. REGION METROPOLITANA DE SANTIAGO", "provincia": "Chacabuco", "totalapellido": 6, "totalcomuna": 90446, "prct_apellido": 6.6e-05, "Frecuencia provincia": 0.035407, "Frecuencia región": 0.018986, "cod_comuna": "13301"}, {"comuna": "RIO BUENO", "region": "14. REGION DE LOS RIOS", "provincia": "Ranco", "totalapellido": 1, "totalcomuna": 30793, "prct_apellido": 3.2e-05, "Frecuencia provincia": 0.112447, "Frecuencia región": 0.0544, "cod_comuna": "14204"}, {"comuna": "RANCAGUA", "region": "06. REGION DEL LIBERTADOR GENERAL BERNARDO O'HIGGINS", "provincia": "Cachapoal", "totalapellido": 8, "totalcomuna": 194487, "prct_apellido": 4.1e-05, "Frecuencia provincia": 0.061427, "Frecuencia región": 0.074338, "cod_comuna": "06101"}, {"comuna": "COQUIMBO", "region": "04. REGION DE COQUIMBO", "provincia": "Elqui", "totalapellido": 11, "totalcomuna": 167854, "prct_apellido": 6.6e-05, "Frecuencia provincia": 0.034381, "Frecuencia región": 0.046565, "cod_comuna": "04102"}, {"comuna": "LA PINTANA", "region": "13. REGION METROPOLITANA DE SANTIAGO", "provincia": "Santiago", "totalapellido": 8, "totalcomuna": 139100, "prct_apellido": 5.8e-05, "Frecuencia provincia": 0.017023, "Frecuencia región": 0.018986, "cod_comuna": "13112"}, {"comuna": "QUILICURA", "region": "13. REGION METROPOLITANA DE SANTIAGO", "provincia": "Santiago", "totalapellido": 8, "totalcomuna": 139914, "prct_apellido": 5.7e-05, "Frecuencia provincia": 0.017023, "Frecuencia región": 0.018986, "cod_comuna": "13125"}, {"comuna": "CONSTITUCION", "region": "07. REGION DEL MAULE", "provincia": "Talca", "totalapellido": 5, "totalcomuna": 40000, "prct_apellido": 0.000125, "Frecuencia provincia": 0.062885, "Frecuencia región": 0.082553, "cod_comuna": "07102"}, {"comuna": "COPIAPO", "region": "03. REGION DE ATACAMA", "provincia": "Copiapó", "totalapellido": 8, "totalcomuna": 123973, "prct_apellido": 6.5e-05, "Frecuencia provincia": 0.043922, "Frecuencia región": 0.058317, "cod_comuna": "03101"}, {"comuna": "PUDAHUEL", "region": "13. REGION METROPOLITANA DE SANTIAGO", "provincia": "Santiago", "totalapellido": 8, "totalcomuna": 168984, "prct_apellido": 4.7e-05, "Frecuencia provincia": 0.017023, "Frecuencia región": 0.018986, "cod_comuna": "13124"}, {"comuna": "LA SERENA", "region": "04. REGION DE COQUIMBO", "provincia": "Elqui", "totalapellido": 7, "totalcomuna": 174853, "prct_apellido": 4e-05, "Frecuencia provincia": 0.034381, "Frecuencia región": 0.046565, "cod_comuna": "04101"}, {"comuna": "TALCAHUANO", "region": "08. REGION DEL BIOBIO", "provincia": "Concepción", "totalapellido": 4, "totalcomuna": 132327, "prct_apellido": 3e-05, "Frecuencia provincia": 0.045559, "Frecuencia región": 0.056049, "cod_comuna": "08110"}, {"comuna": "VALLENAR", "region": "03. REGION DE ATACAMA", "provincia": "Huasco", "totalapellido": 1, "totalcomuna": 45529, "prct_apellido": 2.2e-05, "Frecuencia provincia": 0.121458, "Frecuencia región": 0.058317, "cod_comuna": "03301"}, {"comuna": "EL BOSQUE", "region": "13. REGION METROPOLITANA DE SANTIAGO", "provincia": "Santiago", "totalapellido": 4, "totalcomuna": 137677, "prct_apellido": 2.9e-05, "Frecuencia provincia": 0.017023, "Frecuencia región": 0.018986, "cod_comuna": "13105"}, {"comuna": "OVALLE", "region": "04. REGION DE COQUIMBO", "provincia": "Limarí", "totalapellido": 7, "totalcomuna": 91832, "prct_apellido": 7.6e-05, "Frecuencia provincia": 0.102708, "Frecuencia región": 0.046565, "cod_comuna": "04301"}, {"comuna": "ANGOL", "region": "09. REGION DE LA ARAUCANIA", "provincia": "Malleco", "totalapellido": 3, "totalcomuna": 47137, "prct_apellido": 6.4e-05, "Frecuencia provincia": 0.133465, "Frecuencia región": 0.051873, "cod_comuna": "09201"}, {"comuna": "TEMUCO", "region": "09. REGION DE LA ARAUCANIA", "provincia": "Cautín", "totalapellido": 13, "totalcomuna": 236909, "prct_apellido": 5.5e-05, "Frecuencia provincia": 0.043946, "Frecuencia región": 0.051873, "cod_comuna": "09101"}, {"comuna": "VILLARRICA", "region": "09. REGION DE LA ARAUCANIA", "provincia": "Cautín", "totalapellido": 1, "totalcomuna": 54948, "prct_apellido": 1.8e-05, "Frecuencia provincia": 0.043946, "Frecuencia región": 0.051873, "cod_comuna": "09120"}, {"comuna": "TALAGANTE", "region": "13. REGION METROPOLITANA DE SANTIAGO", "provincia": "Talagante", "totalapellido": 3, "totalcomuna": 58141, "prct_apellido": 5.2e-05, "Frecuencia provincia": 0.065142, "Frecuencia región": 0.018986, "cod_comuna": "13601"}, {"comuna": "PADRE LAS CASAS", "region": "09. REGION DE LA ARAUCANIA", "provincia": "Cautín", "totalapellido": 1, "totalcomuna": 58858, "prct_apellido": 1.7e-05, "Frecuencia provincia": 0.043946, "Frecuencia región": 0.051873, "cod_comuna": "09112"}, {"comuna": "CHIGUAYANTE", "region": "08. REGION DEL BIOBIO", "provincia": "Concepción", "totalapellido": 4, "totalcomuna": 67398, "prct_apellido": 5.9e-05, "Frecuencia provincia": 0.045559, "Frecuencia región": 0.056049, "cod_comuna": "08103"}, {"comuna": "SAN ANTONIO", "region": "05. REGION DE VALPARAISO", "provincia": "San Antonio", "totalapellido": 1, "totalcomuna": 78443, "prct_apellido": 1.3e-05, "Frecuencia provincia": 0.076723, "Frecuencia región": 0.029341, "cod_comuna": "05601"}, {"comuna": "LOS ANGELES", "region": "08. REGION DEL BIOBIO", "provincia": "Biobío", "totalapellido": 6, "totalcomuna": 162845, "prct_apellido": 3.7e-05, "Frecuencia provincia": 0.077416, "Frecuencia región": 0.056049, "cod_comuna": "08301"}, {"comuna": "SAN JOAQUIN", "region": "13. REGION METROPOLITANA DE SANTIAGO", "provincia": "Santiago", "totalapellido": 5, "totalcomuna": 82325, "prct_apellido": 6.1e-05, "Frecuencia provincia": 0.017023, "Frecuencia región": 0.018986, "cod_comuna": "13129"}, {"comuna": "LO PRADO", "region": "13. REGION METROPOLITANA DE SANTIAGO", "provincia": "Santiago", "totalapellido": 3, "totalcomuna": 88885, "prct_apellido": 3.4e-05, "Frecuencia provincia": 0.017023, "Frecuencia región": 0.018986, "cod_comuna": "13117"}, {"comuna": "SAN PEDRO DE LA PAZ", "region": "08. REGION DEL BIOBIO", "provincia": "Concepción", "totalapellido": 2, "totalcomuna": 89479, "prct_apellido": 2.2e-05, "Frecuencia provincia": 0.045559, "Frecuencia región": 0.056049, "cod_comuna": "08108"}, {"comuna": "TALCA", "region": "07. REGION DEL MAULE", "provincia": "Talca", "totalapellido": 15, "totalcomuna": 179640, "prct_apellido": 8.4e-05, "Frecuencia provincia": 0.062885, "Frecuencia región": 0.082553, "cod_comuna": "07101"}, {"comuna": "PUERTO MONTT", "region": "10. REGION DE LOS LAGOS", "provincia": "Llanquihue", "totalapellido": 4, "totalcomuna": 186565, "prct_apellido": 2.1e-05, "Frecuencia provincia": 0.042563, "Frecuencia región": 0.052521, "cod_comuna": "10101"}, {"comuna": "PUENTE ALTO", "region": "13. REGION METROPOLITANA DE SANTIAGO", "provincia": "Cordillera", "totalapellido": 14, "totalcomuna": 399739, "prct_apellido": 3.5e-05, "Frecuencia provincia": 0.019022, "Frecuencia región": 0.018986, "cod_comuna": "13201"}], "provincias": [], "regiones": []}