{"apellido": "TOLER", "slug": "toler", "comunas": [{"comuna": "PUCON", "region": "09. REGION DE LA ARAUCANIA", "provincia": "Cautín", "totalapellido": 3, "totalcomuna": 28338, "prct_apellido": 0.000106, "Frecuencia provincia": 0.043946, "Frecuencia región": 0.051873, "cod_comuna": "09115"}, {"comuna": "ANTOFAGASTA", "region": "02. REGION DE ANTOFAGASTA", "provincia": "Antofagasta", "totalapellido": 4, "totalcomuna": 286950, "prct_apellido": 1.4e-05, "Frecuencia provincia": 0.020817, "Frecuencia región": 0.025007, "cod_comuna": "02101"}], "provincias": [], "regiones": []}