{"apellido": "TOLOZA", "slug": "toloza", "comunas": [{"comuna": "CURANILAHUE", "region": "08. REGION DEL BIOBIO", "provincia": "Arauco", "totalapellido": 521, "totalcomuna": 30624, "prct_apellido": 0.017013, "Frecuencia provincia": 0.169853, "Frecuencia región": 0.056049, "cod_comuna": "08205"}, {"comuna": "NACIMIENTO", "region": "08. REGION DEL BIOBIO", "provincia": "Biobío", "totalapellido": 372, "totalcomuna": 24671, "prct_apellido": 0.015078, "Frecuencia provincia": 0.077416, "Frecuencia región": 0.056049, "cod_comuna": "08306"}, {"comuna": "RENAICO", "region": "09. REGION DE LA ARAUCANIA", "provincia": "Malleco", "totalapellido": 145, "totalcomuna": 9886, "prct_apellido": 0.014667, "Frecuencia provincia": 0.133465, "Frecuencia región": 0.051873, "cod_comuna": "09209"}, {"comuna": "NEGRETE", "region": "08. REGION DEL BIOBIO", "provincia": "Biobío", "totalapellido": 127, "totalcomuna": 9086, "prct_apellido": 0.013978, "Frecuencia provincia": 0.077416, "Frecuencia región": 0.056049, "cod_comuna": "08307"}, {"comuna": "SANTA JUANA", "region": "08. REGION DEL BIOBIO", "provincia": "Concepción", "totalapellido": 156, "totalcomuna": 13026, "prct_apellido": 0.011976, "Frecuencia provincia": 0.045559, "Frecuencia región": 0.056049, "cod_comuna": "08109"}, {"comuna": "SAN JAVIER", "region": "07. REGION DEL MAULE", "provincia": "Linares", "totalapellido": 282, "totalcomuna": 39254, "prct_apellido": 0.007184, "Frecuencia provincia": 0.120949, "Frecuencia región": 0.082553, "cod_comuna": "07406"}, {"comuna": "LUMACO", "region": "09. REGION DE LA ARAUCANIA", "provincia": "Malleco", "totalapellido": 61, "totalcomuna": 9284, "prct_apellido": 0.00657, "Frecuencia provincia": 0.133465, "Frecuencia región": 0.051873, "cod_comuna": "09207"}, {"comuna": "LOTA", "region": "08. REGION DEL BIOBIO", "provincia": "Concepción", "totalapellido": 306, "totalcomuna": 47936, "prct_apellido": 0.006384, "Frecuencia provincia": 0.045559, "Frecuencia región": 0.056049, "cod_comuna": "08106"}, {"comuna": "YUMBEL", "region": "08. REGION DEL BIOBIO", "provincia": "Biobío", "totalapellido": 100, "totalcomuna": 20144, "prct_apellido": 0.004964, "Frecuencia provincia": 0.077416, "Frecuencia región": 0.056049, "cod_comuna": "08313"}, {"comuna": "VILLA ALEGRE", "region": "07. REGION DEL MAULE", "provincia": "Linares", "totalapellido": 73, "totalcomuna": 13869, "prct_apellido": 0.005264, "Frecuencia provincia": 0.120949, "Frecuencia región": 0.082553, "cod_comuna": "07407"}, {"comuna": "LOS ALAMOS", "region": "08. REGION DEL BIOBIO", "provincia": "Arauco", "totalapellido": 122, "totalcomuna": 18060, "prct_apellido": 0.006755, "Frecuencia provincia": 0.169853, "Frecuencia región": 0.056049, "cod_comuna": "08206"}, {"comuna": "GORBEA", "region": "09. REGION DE LA ARAUCANIA", "provincia": "Cautín", "totalapellido": 65, "totalcomuna": 15659, "prct_apellido": 0.004151, "Frecuencia provincia": 0.043946, "Frecuencia región": 0.051873, "cod_comuna": "09107"}, {"comuna": "ARAUCO", "region": "08. REGION DEL BIOBIO", "provincia": "Arauco", "totalapellido": 120, "totalcomuna": 31158, "prct_apellido": 0.003851, "Frecuencia provincia": 0.169853, "Frecuencia región": 0.056049, "cod_comuna": "08202"}, {"comuna": "CORONEL", "region": "08. REGION DEL BIOBIO", "provincia": "Concepción", "totalapellido": 280, "totalcomuna": 89810, "prct_apellido": 0.003118, "Frecuencia provincia": 0.045559, "Frecuencia región": 0.056049, "cod_comuna": "08102"}, {"comuna": "SAN PEDRO DE LA PAZ", "region": "08. REGION DEL BIOBIO", "provincia": "Concepción", "totalapellido": 298, "totalcomuna": 89479, "prct_apellido": 0.00333, "Frecuencia provincia": 0.045559, "Frecuencia región": 0.056049, "cod_comuna": "08108"}, {"comuna": "LAJA", "region": "08. REGION DEL BIOBIO", "provincia": "Biobío", "totalapellido": 58, "totalcomuna": 21610, "prct_apellido": 0.002684, "Frecuencia provincia": 0.077416, "Frecuencia región": 0.056049, "cod_comuna": "08304"}, {"comuna": "ANGOL", "region": "09. REGION DE LA ARAUCANIA", "provincia": "Malleco", "totalapellido": 142, "totalcomuna": 47137, "prct_apellido": 0.003012, "Frecuencia provincia": 0.133465, "Frecuencia región": 0.051873, "cod_comuna": "09201"}, {"comuna": "MAULE", "region": "07. REGION DEL MAULE", "provincia": "Talca", "totalapellido": 69, "totalcomuna": 24526, "prct_apellido": 0.002813, "Frecuencia provincia": 0.062885, "Frecuencia región": 0.082553, "cod_comuna": "07105"}, {"comuna": "CHIGUAYANTE", "region": "08. REGION DEL BIOBIO", "provincia": "Concepción", "totalapellido": 154, "totalcomuna": 67398, "prct_apellido": 0.002285, "Frecuencia provincia": 0.045559, "Frecuencia región": 0.056049, "cod_comuna": "08103"}, {"comuna": "VICTORIA", "region": "09. REGION DE LA ARAUCANIA", "provincia": "Malleco", "totalapellido": 76, "totalcomuna": 32716, "prct_apellido": 0.002323, "Frecuencia provincia": 0.133465, "Frecuencia región": 0.051873, "cod_comuna": "09211"}, {"comuna": "SAN ROSENDO", "region": "08. REGION DEL BIOBIO", "provincia": "Biobío", "totalapellido": 20, "totalcomuna": 4424, "prct_apellido": 0.004521, "Frecuencia provincia": 0.077416, "Frecuencia región": 0.056049, "cod_comuna": "08310"}, {"comuna": "CAÑETE", "region": "08. REGION DEL BIOBIO", "provincia": "Arauco", "totalapellido": 72, "totalcomuna": 29478, "prct_apellido": 0.002442, "Frecuencia provincia": 0.169853, "Frecuencia región": 0.056049, "cod_comuna": "08203"}, {"comuna": "PANGUIPULLI", "region": "14. REGION DE LOS RIOS", "provincia": "Valdivia", "totalapellido": 64, "totalcomuna": 35236, "prct_apellido": 0.001816, "Frecuencia provincia": 0.046113, "Frecuencia región": 0.0544, "cod_comuna": "14108"}, {"comuna": "HUALPEN", "region": "08. REGION DEL BIOBIO", "provincia": "Concepción", "totalapellido": 148, "totalcomuna": 77561, "prct_apellido": 0.001908, "Frecuencia provincia": 0.045559, "Frecuencia región": 0.056049, "cod_comuna": "08112"}, {"comuna": "HUALQUI", "region": "08. REGION DEL BIOBIO", "provincia": "Concepción", "totalapellido": 43, "totalcomuna": 20524, "prct_apellido": 0.002095, "Frecuencia provincia": 0.045559, "Frecuencia región": 0.056049, "cod_comuna": "08105"}, {"comuna": "CONCEPCION", "region": "08. REGION DEL BIOBIO", "provincia": "Concepción", "totalapellido": 353, "totalcomuna": 201066, "prct_apellido": 0.001756, "Frecuencia provincia": 0.045559, "Frecuencia región": 0.056049, "cod_comuna": "08101"}, {"comuna": "RIO CLARO", "region": "07. REGION DEL MAULE", "provincia": "Talca", "totalapellido": 21, "totalcomuna": 12024, "prct_apellido": 0.001747, "Frecuencia provincia": 0.062885, "Frecuencia región": 0.082553, "cod_comuna": "07108"}, {"comuna": "LOS LAGOS", "region": "14. REGION DE LOS RIOS", "provincia": "Valdivia", "totalapellido": 46, "totalcomuna": 19069, "prct_apellido": 0.002412, "Frecuencia provincia": 0.046113, "Frecuencia región": 0.0544, "cod_comuna": "14104"}, {"comuna": "TALCA", "region": "07. REGION DEL MAULE", "provincia": "Talca", "totalapellido": 314, "totalcomuna": 179640, "prct_apellido": 0.001748, "Frecuencia provincia": 0.062885, "Frecuencia región": 0.082553, "cod_comuna": "07101"}, {"comuna": "ALTO DEL CARMEN", "region": "03. REGION DE ATACAMA", "provincia": "Huasco", "totalapellido": 7, "totalcomuna": 5202, "prct_apellido": 0.001346, "Frecuencia provincia": 0.121458, "Frecuencia región": 0.058317, "cod_comuna": "03302"}, {"comuna": "ROMERAL", "region": "07. REGION DEL MAULE", "provincia": "Curicó", "totalapellido": 18, "totalcomuna": 13823, "prct_apellido": 0.001302, "Frecuencia provincia": 0.081137, "Frecuencia región": 0.082553, "cod_comuna": "07306"}, {"comuna": "TALCAHUANO", "region": "08. REGION DEL BIOBIO", "provincia": "Concepción", "totalapellido": 210, "totalcomuna": 132327, "prct_apellido": 0.001587, "Frecuencia provincia": 0.045559, "Frecuencia región": 0.056049, "cod_comuna": "08110"}, {"comuna": "RIO BUENO", "region": "14. REGION DE LOS RIOS", "provincia": "Ranco", "totalapellido": 43, "totalcomuna": 30793, "prct_apellido": 0.001396, "Frecuencia provincia": 0.112447, "Frecuencia región": 0.0544, "cod_comuna": "14204"}, {"comuna": "CONTULMO", "region": "08. REGION DEL BIOBIO", "provincia": "Arauco", "totalapellido": 18, "totalcomuna": 6052, "prct_apellido": 0.002974, "Frecuencia provincia": 0.169853, "Frecuencia región": 0.056049, "cod_comuna": "08204"}, {"comuna": "PUREN", "region": "09. REGION DE LA ARAUCANIA", "provincia": "Malleco", "totalapellido": 19, "totalcomuna": 12233, "prct_apellido": 0.001553, "Frecuencia provincia": 0.133465, "Frecuencia región": 0.051873, "cod_comuna": "09208"}, {"comuna": "YERBAS BUENAS", "region": "07. REGION DEL MAULE", "provincia": "Linares", "totalapellido": 30, "totalcomuna": 14836, "prct_apellido": 0.002022, "Frecuencia provincia": 0.120949, "Frecuencia región": 0.082553, "cod_comuna": "07408"}, {"comuna": "LANCO", "region": "14. REGION DE LOS RIOS", "provincia": "Valdivia", "totalapellido": 32, "totalcomuna": 16266, "prct_apellido": 0.001967, "Frecuencia provincia": 0.046113, "Frecuencia región": 0.0544, "cod_comuna": "14103"}, {"comuna": "CABRERO", "region": "08. REGION DEL BIOBIO", "provincia": "Biobío", "totalapellido": 48, "totalcomuna": 25103, "prct_apellido": 0.001912, "Frecuencia provincia": 0.077416, "Frecuencia región": 0.056049, "cod_comuna": "08303"}, {"comuna": "SAN RAFAEL", "region": "07. REGION DEL MAULE", "provincia": "Talca", "totalapellido": 7, "totalcomuna": 8500, "prct_apellido": 0.000824, "Frecuencia provincia": 0.062885, "Frecuencia región": 0.082553, "cod_comuna": "07110"}, {"comuna": "LOS ANGELES", "region": "08. REGION DEL BIOBIO", "provincia": "Biobío", "totalapellido": 208, "totalcomuna": 162845, "prct_apellido": 0.001277, "Frecuencia provincia": 0.077416, "Frecuencia región": 0.056049, "cod_comuna": "08301"}, {"comuna": "RINCONADA", "region": "05. REGION DE VALPARAISO", "provincia": "Los Andes", "totalapellido": 8, "totalcomuna": 9470, "prct_apellido": 0.000845, "Frecuencia provincia": 0.083664, "Frecuencia región": 0.029341, "cod_comuna": "05303"}, {"comuna": "CHILE CHICO", "region": "11. REGION DE AYSEN DEL GENERAL CARLOS IBAÑEZ DEL CAMPO", "provincia": "General Carrera", "totalapellido": 9, "totalcomuna": 6456, "prct_apellido": 0.001394, "Frecuencia provincia": 0.221914, "Frecuencia región": 0.077233, "cod_comuna": "11401"}, {"comuna": "COLINA", "region": "13. REGION METROPOLITANA DE SANTIAGO", "provincia": "Chacabuco", "totalapellido": 89, "totalcomuna": 90446, "prct_apellido": 0.000984, "Frecuencia provincia": 0.035407, "Frecuencia región": 0.018986, "cod_comuna": "13301"}, {"comuna": "CERRILLOS", "region": "13. REGION METROPOLITANA DE SANTIAGO", "provincia": "Santiago", "totalapellido": 83, "totalcomuna": 67537, "prct_apellido": 0.001229, "Frecuencia provincia": 0.017023, "Frecuencia región": 0.018986, "cod_comuna": "13102"}, {"comuna": "LA PINTANA", "region": "13. REGION METROPOLITANA DE SANTIAGO", "provincia": "Santiago", "totalapellido": 156, "totalcomuna": 139100, "prct_apellido": 0.001121, "Frecuencia provincia": 0.017023, "Frecuencia región": 0.018986, "cod_comuna": "13112"}, {"comuna": "LOS SAUCES", "region": "09. REGION DE LA ARAUCANIA", "provincia": "Malleco", "totalapellido": 6, "totalcomuna": 7531, "prct_apellido": 0.000797, "Frecuencia provincia": 0.133465, "Frecuencia región": 0.051873, "cod_comuna": "09206"}, {"comuna": "CONCHALI", "region": "13. REGION METROPOLITANA DE SANTIAGO", "provincia": "Santiago", "totalapellido": 100, "totalcomuna": 118624, "prct_apellido": 0.000843, "Frecuencia provincia": 0.017023, "Frecuencia región": 0.018986, "cod_comuna": "13104"}, {"comuna": "CURICO", "region": "07. REGION DEL MAULE", "provincia": "Curicó", "totalapellido": 88, "totalcomuna": 117810, "prct_apellido": 0.000747, "Frecuencia provincia": 0.081137, "Frecuencia región": 0.082553, "cod_comuna": "07301"}, {"comuna": "CUNCO", "region": "09. REGION DE LA ARAUCANIA", "provincia": "Cautín", "totalapellido": 19, "totalcomuna": 20001, "prct_apellido": 0.00095, "Frecuencia provincia": 0.043946, "Frecuencia región": 0.051873, "cod_comuna": "09103"}, {"comuna": "LAUTARO", "region": "09. REGION DE LA ARAUCANIA", "provincia": "Cautín", "totalapellido": 30, "totalcomuna": 34252, "prct_apellido": 0.000876, "Frecuencia provincia": 0.043946, "Frecuencia región": 0.051873, "cod_comuna": "09108"}, {"comuna": "VILLARRICA", "region": "09. REGION DE LA ARAUCANIA", "provincia": "Cautín", "totalapellido": 57, "totalcomuna": 54948, "prct_apellido": 0.001037, "Frecuencia provincia": 0.043946, "Frecuencia región": 0.051873, "cod_comuna": "09120"}, {"comuna": "BUIN", "region": "13. REGION METROPOLITANA DE SANTIAGO", "provincia": "Maipo", "totalapellido": 55, "totalcomuna": 75333, "prct_apellido": 0.00073, "Frecuencia provincia": 0.033289, "Frecuencia región": 0.018986, "cod_comuna": "13402"}, {"comuna": "QUILLOTA", "region": "05. REGION DE VALPARAISO", "provincia": "Quillota", "totalapellido": 51, "totalcomuna": 75479, "prct_apellido": 0.000676, "Frecuencia provincia": 0.079787, "Frecuencia región": 0.029341, "cod_comuna": "05501"}, {"comuna": "TEMUCO", "region": "09. REGION DE LA ARAUCANIA", "provincia": "Cautín", "totalapellido": 213, "totalcomuna": 236909, "prct_apellido": 0.000899, "Frecuencia provincia": 0.043946, "Frecuencia región": 0.051873, "cod_comuna": "09101"}, {"comuna": "MULCHEN", "region": "08. REGION DEL BIOBIO", "provincia": "Biobío", "totalapellido": 18, "totalcomuna": 26828, "prct_apellido": 0.000671, "Frecuencia provincia": 0.077416, "Frecuencia región": 0.056049, "cod_comuna": "08305"}, {"comuna": "SAN RAMON", "region": "13. REGION METROPOLITANA DE SANTIAGO", "provincia": "Santiago", "totalapellido": 71, "totalcomuna": 81793, "prct_apellido": 0.000868, "Frecuencia provincia": 0.017023, "Frecuencia región": 0.018986, "cod_comuna": "13131"}, {"comuna": "LICANTEN", "region": "07. REGION DEL MAULE", "provincia": "Curicó", "totalapellido": 4, "totalcomuna": 6863, "prct_apellido": 0.000583, "Frecuencia provincia": 0.081137, "Frecuencia región": 0.082553, "cod_comuna": "07303"}, {"comuna": "CONCON", "region": "05. REGION DE VALPARAISO", "provincia": "Valparaíso", "totalapellido": 38, "totalcomuna": 39439, "prct_apellido": 0.000964, "Frecuencia provincia": 0.017698, "Frecuencia región": 0.029341, "cod_comuna": "05103"}, {"comuna": "NAVIDAD", "region": "06. REGION DEL LIBERTADOR GENERAL BERNARDO O'HIGGINS", "provincia": "Cardenal Caro", "totalapellido": 9, "totalcomuna": 7008, "prct_apellido": 0.001284, "Frecuencia provincia": 0.199859, "Frecuencia región": 0.074338, "cod_comuna": "06205"}, {"comuna": "CARAHUE", "region": "09. REGION DE LA ARAUCANIA", "provincia": "Cautín", "totalapellido": 20, "totalcomuna": 24697, "prct_apellido": 0.00081, "Frecuencia provincia": 0.043946, "Frecuencia región": 0.051873, "cod_comuna": "09102"}, {"comuna": "QUINTERO", "region": "05. REGION DE VALPARAISO", "provincia": "Valparaíso", "totalapellido": 18, "totalcomuna": 24756, "prct_apellido": 0.000727, "Frecuencia provincia": 0.017698, "Frecuencia región": 0.029341, "cod_comuna": "05107"}, {"comuna": "RAUCO", "region": "07. REGION DEL MAULE", "provincia": "Curicó", "totalapellido": 4, "totalcomuna": 9956, "prct_apellido": 0.000402, "Frecuencia provincia": 0.081137, "Frecuencia región": 0.082553, "cod_comuna": "07305"}, {"comuna": "CERRO NAVIA", "region": "13. REGION METROPOLITANA DE SANTIAGO", "provincia": "Santiago", "totalapellido": 96, "totalcomuna": 115479, "prct_apellido": 0.000831, "Frecuencia provincia": 0.017023, "Frecuencia región": 0.018986, "cod_comuna": "13103"}, {"comuna": "PUDAHUEL", "region": "13. REGION METROPOLITANA DE SANTIAGO", "provincia": "Santiago", "totalapellido": 119, "totalcomuna": 168984, "prct_apellido": 0.000704, "Frecuencia provincia": 0.017023, "Frecuencia región": 0.018986, "cod_comuna": "13124"}, {"comuna": "SAN FABIAN", "region": "16. REGION DE ÑUBLE", "provincia": "Punilla", "totalapellido": 5, "totalcomuna": 5112, "prct_apellido": 0.000978, "Frecuencia provincia": 0.169589, "Frecuencia región": 0.0859, "cod_comuna": "16304"}, {"comuna": "EL BOSQUE", "region": "13. REGION METROPOLITANA DE SANTIAGO", "provincia": "Santiago", "totalapellido": 98, "totalcomuna": 137677, "prct_apellido": 0.000712, "Frecuencia provincia": 0.017023, "Frecuencia región": 0.018986, "cod_comuna": "13105"}, {"comuna": "CARTAGENA", "region": "05. REGION DE VALPARAISO", "provincia": "San Antonio", "totalapellido": 11, "totalcomuna": 18227, "prct_apellido": 0.000603, "Frecuencia provincia": 0.076723, "Frecuencia región": 0.029341, "cod_comuna": "05603"}, {"comuna": "LA FLORIDA", "region": "13. REGION METROPOLITANA DE SANTIAGO", "provincia": "Santiago", "totalapellido": 212, "totalcomuna": 307414, "prct_apellido": 0.00069, "Frecuencia provincia": 0.017023, "Frecuencia región": 0.018986, "cod_comuna": "13110"}, {"comuna": "TRAIGUEN", "region": "09. REGION DE LA ARAUCANIA", "provincia": "Malleco", "totalapellido": 13, "totalcomuna": 18639, "prct_apellido": 0.000697, "Frecuencia provincia": 0.133465, "Frecuencia región": 0.051873, "cod_comuna": "09210"}, {"comuna": "QUILICURA", "region": "13. REGION METROPOLITANA DE SANTIAGO", "provincia": "Santiago", "totalapellido": 108, "totalcomuna": 139914, "prct_apellido": 0.000772, "Frecuencia provincia": 0.017023, "Frecuencia región": 0.018986, "cod_comuna": "13125"}, {"comuna": "LA GRANJA", "region": "13. REGION METROPOLITANA DE SANTIAGO", "provincia": "Santiago", "totalapellido": 75, "totalcomuna": 103905, "prct_apellido": 0.000722, "Frecuencia provincia": 0.017023, "Frecuencia región": 0.018986, "cod_comuna": "13111"}, {"comuna": "PEDRO AGUIRRE CERDA", "region": "13. REGION METROPOLITANA DE SANTIAGO", "provincia": "Santiago", "totalapellido": 73, "totalcomuna": 93161, "prct_apellido": 0.000784, "Frecuencia provincia": 0.017023, "Frecuencia región": 0.018986, "cod_comuna": "13121"}, {"comuna": "PUENTE ALTO", "region": "13. REGION METROPOLITANA DE SANTIAGO", "provincia": "Cordillera", "totalapellido": 310, "totalcomuna": 399739, "prct_apellido": 0.000776, "Frecuencia provincia": 0.019022, "Frecuencia región": 0.018986, "cod_comuna": "13201"}, {"comuna": "LO ESPEJO", "region": "13. REGION METROPOLITANA DE SANTIAGO", "provincia": "Santiago", "totalapellido": 55, "totalcomuna": 90849, "prct_apellido": 0.000605, "Frecuencia provincia": 0.017023, "Frecuencia región": 0.018986, "cod_comuna": "13116"}, {"comuna": "RECOLETA", "region": "13. REGION METROPOLITANA DE SANTIAGO", "provincia": "Santiago", "totalapellido": 94, "totalcomuna": 142696, "prct_apellido": 0.000659, "Frecuencia provincia": 0.017023, "Frecuencia región": 0.018986, "cod_comuna": "13127"}, {"comuna": "SAN VICENTE", "region": "06. REGION DEL LIBERTADOR GENERAL BERNARDO O'HIGGINS", "provincia": "Cachapoal", "totalapellido": 20, "totalcomuna": 40523, "prct_apellido": 0.000494, "Frecuencia provincia": 0.061427, "Frecuencia región": 0.074338, "cod_comuna": "06117"}, {"comuna": "LONCOCHE", "region": "09. REGION DE LA ARAUCANIA", "provincia": "Cautín", "totalapellido": 13, "totalcomuna": 23193, "prct_apellido": 0.000561, "Frecuencia provincia": 0.043946, "Frecuencia región": 0.051873, "cod_comuna": "09109"}, {"comuna": "PORTEZUELO", "region": "16. REGION DE ÑUBLE", "provincia": "Itata", "totalapellido": 4, "totalcomuna": 5845, "prct_apellido": 0.000684, "Frecuencia provincia": 0.295621, "Frecuencia región": 0.0859, "cod_comuna": "16205"}, {"comuna": "MAIPU", "region": "13. REGION METROPOLITANA DE SANTIAGO", "provincia": "Santiago", "totalapellido": 245, "totalcomuna": 389758, "prct_apellido": 0.000629, "Frecuencia provincia": 0.017023, "Frecuencia región": 0.018986, "cod_comuna": "13119"}, {"comuna": "SAN BERNARDO", "region": "13. REGION METROPOLITANA DE SANTIAGO", "provincia": "Maipo", "totalapellido": 176, "totalcomuna": 228196, "prct_apellido": 0.000771, "Frecuencia provincia": 0.033289, "Frecuencia región": 0.018986, "cod_comuna": "13401"}, {"comuna": "LA LIGUA", "region": "05. REGION DE VALPARAISO", "provincia": "Petorca", "totalapellido": 19, "totalcomuna": 30181, "prct_apellido": 0.00063, "Frecuencia provincia": 0.160073, "Frecuencia región": 0.029341, "cod_comuna": "05401"}, {"comuna": "PEÑALOLEN", "region": "13. REGION METROPOLITANA DE SANTIAGO", "provincia": "Santiago", "totalapellido": 134, "totalcomuna": 191707, "prct_apellido": 0.000699, "Frecuencia provincia": 0.017023, "Frecuencia región": 0.018986, "cod_comuna": "13122"}, {"comuna": "LAMPA", "region": "13. REGION METROPOLITANA DE SANTIAGO", "provincia": "Chacabuco", "totalapellido": 32, "totalcomuna": 59623, "prct_apellido": 0.000537, "Frecuencia provincia": 0.035407, "Frecuencia región": 0.018986, "cod_comuna": "13302"}, {"comuna": "ISLA DE PASCUA", "region": "05. REGION DE VALPARAISO", "provincia": "Isla de Pascua", "totalapellido": 2, "totalcomuna": 6299, "prct_apellido": 0.000318, "Frecuencia provincia": 0.157863, "Frecuencia región": 0.029341, "cod_comuna": "05201"}, {"comuna": "PAINE", "region": "13. REGION METROPOLITANA DE SANTIAGO", "provincia": "Maipo", "totalapellido": 29, "totalcomuna": 53793, "prct_apellido": 0.000539, "Frecuencia provincia": 0.033289, "Frecuencia región": 0.018986, "cod_comuna": "13404"}, {"comuna": "MARIQUINA", "region": "14. REGION DE LOS RIOS", "provincia": "Valdivia", "totalapellido": 9, "totalcomuna": 18993, "prct_apellido": 0.000474, "Frecuencia provincia": 0.046113, "Frecuencia región": 0.0544, "cod_comuna": "14106"}, {"comuna": "LEBU", "region": "08. REGION DEL BIOBIO", "provincia": "Arauco", "totalapellido": 19, "totalcomuna": 22309, "prct_apellido": 0.000852, "Frecuencia provincia": 0.169853, "Frecuencia región": 0.056049, "cod_comuna": "08201"}, {"comuna": "QUILPUE", "region": "05. REGION DE VALPARAISO", "provincia": "Marga Marga", "totalapellido": 77, "totalcomuna": 134448, "prct_apellido": 0.000573, "Frecuencia provincia": 0.034753, "Frecuencia región": 0.029341, "cod_comuna": "05801"}, {"comuna": "PUCHUNCAVI", "region": "05. REGION DE VALPARAISO", "provincia": "Valparaíso", "totalapellido": 8, "totalcomuna": 16007, "prct_apellido": 0.0005, "Frecuencia provincia": 0.017698, "Frecuencia región": 0.029341, "cod_comuna": "05105"}, {"comuna": "LA REINA", "region": "13. REGION METROPOLITANA DE SANTIAGO", "provincia": "Santiago", "totalapellido": 45, "totalcomuna": 91556, "prct_apellido": 0.000492, "Frecuencia provincia": 0.017023, "Frecuencia región": 0.018986, "cod_comuna": "13113"}, {"comuna": "PANQUEHUE", "region": "05. REGION DE VALPARAISO", "provincia": "San Felipe de Aconcagua", "totalapellido": 2, "totalcomuna": 6599, "prct_apellido": 0.000303, "Frecuencia provincia": 0.102948, "Frecuencia región": 0.029341, "cod_comuna": "05704"}, {"comuna": "COIHAIQUE", "region": "11. REGION DE AYSEN DEL GENERAL CARLOS IBAÑEZ DEL CAMPO", "provincia": NaN, "totalapellido": 32, "totalcomuna": 54229, "prct_apellido": 0.00059, "Frecuencia provincia": NaN, "Frecuencia región": 0.077233, "cod_comuna": null}, {"comuna": "EL QUISCO", "region": "05. REGION DE VALPARAISO", "provincia": "San Antonio", "totalapellido": 6, "totalcomuna": 13781, "prct_apellido": 0.000435, "Frecuencia provincia": 0.076723, "Frecuencia región": 0.029341, "cod_comuna": "05604"}, {"comuna": "PEÑAFLOR", "region": "13. REGION METROPOLITANA DE SANTIAGO", "provincia": "Talagante", "totalapellido": 40, "totalcomuna": 72543, "prct_apellido": 0.000551, "Frecuencia provincia": 0.065142, "Frecuencia región": 0.018986, "cod_comuna": "13605"}, {"comuna": "FLORIDA", "region": "08. REGION DEL BIOBIO", "provincia": "Concepción", "totalapellido": 4, "totalcomuna": 10451, "prct_apellido": 0.000383, "Frecuencia provincia": 0.045559, "Frecuencia región": 0.056049, "cod_comuna": "08104"}, {"comuna": "PENCAHUE", "region": "07. REGION DEL MAULE", "provincia": "Talca", "totalapellido": 3, "totalcomuna": 10505, "prct_apellido": 0.000286, "Frecuencia provincia": 0.062885, "Frecuencia región": 0.082553, "cod_comuna": "07107"}, {"comuna": "RANCAGUA", "region": "06. REGION DEL LIBERTADOR GENERAL BERNARDO O'HIGGINS", "provincia": "Cachapoal", "totalapellido": 108, "totalcomuna": 194487, "prct_apellido": 0.000555, "Frecuencia provincia": 0.061427, "Frecuencia región": 0.074338, "cod_comuna": "06101"}, {"comuna": "LA CISTERNA", "region": "13. REGION METROPOLITANA DE SANTIAGO", "provincia": "Santiago", "totalapellido": 45, "totalcomuna": 83246, "prct_apellido": 0.000541, "Frecuencia provincia": 0.017023, "Frecuencia región": 0.018986, "cod_comuna": "13109"}, {"comuna": "QUIRIHUE", "region": "16. REGION DE ÑUBLE", "provincia": "Itata", "totalapellido": 7, "totalcomuna": 11005, "prct_apellido": 0.000636, "Frecuencia provincia": 0.295621, "Frecuencia región": 0.0859, "cod_comuna": "16201"}, {"comuna": "MACHALI", "region": "06. REGION DEL LIBERTADOR GENERAL BERNARDO O'HIGGINS", "provincia": "Cachapoal", "totalapellido": 25, "totalcomuna": 37103, "prct_apellido": 0.000674, "Frecuencia provincia": 0.061427, "Frecuencia región": 0.074338, "cod_comuna": "06108"}, {"comuna": "TILTIL", "region": "13. REGION METROPOLITANA DE SANTIAGO", "provincia": "Chacabuco", "totalapellido": 10, "totalcomuna": 14869, "prct_apellido": 0.000673, "Frecuencia provincia": 0.035407, "Frecuencia región": 0.018986, "cod_comuna": "13303"}, {"comuna": "CALERA DE TANGO", "region": "13. REGION METROPOLITANA DE SANTIAGO", "provincia": "Maipo", "totalapellido": 15, "totalcomuna": 22305, "prct_apellido": 0.000672, "Frecuencia provincia": 0.033289, "Frecuencia región": 0.018986, "cod_comuna": "13403"}, {"comuna": "SAN JOAQUIN", "region": "13. REGION METROPOLITANA DE SANTIAGO", "provincia": "Santiago", "totalapellido": 58, "totalcomuna": 82325, "prct_apellido": 0.000705, "Frecuencia provincia": 0.017023, "Frecuencia región": 0.018986, "cod_comuna": "13129"}, {"comuna": "PITRUFQUEN", "region": "09. REGION DE LA ARAUCANIA", "provincia": "Cautín", "totalapellido": 15, "totalcomuna": 23103, "prct_apellido": 0.000649, "Frecuencia provincia": 0.043946, "Frecuencia región": 0.051873, "cod_comuna": "09114"}, {"comuna": "ESTACION CENTRAL", "region": "13. REGION METROPOLITANA DE SANTIAGO", "provincia": "Santiago", "totalapellido": 72, "totalcomuna": 127214, "prct_apellido": 0.000566, "Frecuencia provincia": 0.017023, "Frecuencia región": 0.018986, "cod_comuna": "13106"}, {"comuna": "HUECHURABA", "region": "13. REGION METROPOLITANA DE SANTIAGO", "provincia": "Santiago", "totalapellido": 46, "totalcomuna": 73498, "prct_apellido": 0.000626, "Frecuencia provincia": 0.017023, "Frecuencia región": 0.018986, "cod_comuna": "13107"}, {"comuna": "LINARES", "region": "07. REGION DEL MAULE", "provincia": "Linares", "totalapellido": 47, "totalcomuna": 81744, "prct_apellido": 0.000575, "Frecuencia provincia": 0.120949, "Frecuencia región": 0.082553, "cod_comuna": "07401"}, {"comuna": "SAN ANTONIO", "region": "05. REGION DE VALPARAISO", "provincia": "San Antonio", "totalapellido": 28, "totalcomuna": 78443, "prct_apellido": 0.000357, "Frecuencia provincia": 0.076723, "Frecuencia región": 0.029341, "cod_comuna": "05601"}, {"comuna": "VALPARAISO", "region": "05. REGION DE VALPARAISO", "provincia": "Valparaíso", "totalapellido": 119, "totalcomuna": 290125, "prct_apellido": 0.00041, "Frecuencia provincia": 0.017698, "Frecuencia región": 0.029341, "cod_comuna": "05101"}, {"comuna": "SAN CLEMENTE", "region": "07. REGION DEL MAULE", "provincia": "Talca", "totalapellido": 15, "totalcomuna": 37168, "prct_apellido": 0.000404, "Frecuencia provincia": 0.062885, "Frecuencia región": 0.082553, "cod_comuna": "07109"}, {"comuna": "FRUTILLAR", "region": "10. REGION DE LOS LAGOS", "provincia": "Llanquihue", "totalapellido": 9, "totalcomuna": 16778, "prct_apellido": 0.000536, "Frecuencia provincia": 0.042563, "Frecuencia región": 0.052521, "cod_comuna": "10105"}, {"comuna": "SANTIAGO", "region": "13. REGION METROPOLITANA DE SANTIAGO", "provincia": "Santiago", "totalapellido": 159, "totalcomuna": 340282, "prct_apellido": 0.000467, "Frecuencia provincia": 0.017023, "Frecuencia región": 0.018986, "cod_comuna": "13101"}, {"comuna": "PELARCO", "region": "07. REGION DEL MAULE", "provincia": "Talca", "totalapellido": 2, "totalcomuna": 8540, "prct_apellido": 0.000234, "Frecuencia provincia": 0.062885, "Frecuencia región": 0.082553, "cod_comuna": "07106"}, {"comuna": "HUALAIHUE", "region": "10. REGION DE LOS LAGOS", "provincia": "Palena", "totalapellido": 2, "totalcomuna": 8692, "prct_apellido": 0.00023, "Frecuencia provincia": 0.256614, "Frecuencia región": 0.052521, "cod_comuna": "10403"}, {"comuna": "NUEVA IMPERIAL", "region": "09. REGION DE LA ARAUCANIA", "provincia": "Cautín", "totalapellido": 16, "totalcomuna": 30689, "prct_apellido": 0.000521, "Frecuencia provincia": 0.043946, "Frecuencia región": 0.051873, "cod_comuna": "09111"}, {"comuna": "LO PRADO", "region": "13. REGION METROPOLITANA DE SANTIAGO", "provincia": "Santiago", "totalapellido": 43, "totalcomuna": 88885, "prct_apellido": 0.000484, "Frecuencia provincia": 0.017023, "Frecuencia región": 0.018986, "cod_comuna": "13117"}, {"comuna": "CONSTITUCION", "region": "07. REGION DEL MAULE", "provincia": "Talca", "totalapellido": 23, "totalcomuna": 40000, "prct_apellido": 0.000575, "Frecuencia provincia": 0.062885, "Frecuencia región": 0.082553, "cod_comuna": "07102"}, {"comuna": "ÑUÑOA", "region": "13. REGION METROPOLITANA DE SANTIAGO", "provincia": "Santiago", "totalapellido": 84, "totalcomuna": 197198, "prct_apellido": 0.000426, "Frecuencia provincia": 0.017023, "Frecuencia región": 0.018986, "cod_comuna": "13120"}, {"comuna": "RENCA", "region": "13. REGION METROPOLITANA DE SANTIAGO", "provincia": "Santiago", "totalapellido": 52, "totalcomuna": 116730, "prct_apellido": 0.000445, "Frecuencia provincia": 0.017023, "Frecuencia región": 0.018986, "cod_comuna": "13128"}, {"comuna": "PADRE LAS CASAS", "region": "09. REGION DE LA ARAUCANIA", "provincia": "Cautín", "totalapellido": 43, "totalcomuna": 58858, "prct_apellido": 0.000731, "Frecuencia provincia": 0.043946, "Frecuencia región": 0.051873, "cod_comuna": "09112"}, {"comuna": "LOS VILOS", "region": "04. REGION DE COQUIMBO", "provincia": "Choapa", "totalapellido": 6, "totalcomuna": 18266, "prct_apellido": 0.000328, "Frecuencia provincia": 0.165554, "Frecuencia región": 0.046565, "cod_comuna": "04203"}, {"comuna": "CISNES", "region": "11. REGION DE AYSEN DEL GENERAL CARLOS IBAÑEZ DEL CAMPO", "provincia": "Aysén", "totalapellido": 2, "totalcomuna": 4569, "prct_apellido": 0.000438, "Frecuencia provincia": 0.259791, "Frecuencia región": 0.077233, "cod_comuna": "11202"}, {"comuna": "QUINTA NORMAL", "region": "13. REGION METROPOLITANA DE SANTIAGO", "provincia": "Santiago", "totalapellido": 55, "totalcomuna": 102529, "prct_apellido": 0.000536, "Frecuencia provincia": 0.017023, "Frecuencia región": 0.018986, "cod_comuna": "13126"}, {"comuna": "TEODORO SCHMIDT", "region": "09. REGION DE LA ARAUCANIA", "provincia": "Cautín", "totalapellido": 10, "totalcomuna": 14036, "prct_apellido": 0.000712, "Frecuencia provincia": 0.043946, "Frecuencia región": 0.051873, "cod_comuna": "09117"}, {"comuna": "PENCO", "region": "08. REGION DEL BIOBIO", "provincia": "Concepción", "totalapellido": 26, "totalcomuna": 42200, "prct_apellido": 0.000616, "Frecuencia provincia": 0.045559, "Frecuencia región": 0.056049, "cod_comuna": "08107"}, {"comuna": "LAGO RANCO", "region": "14. REGION DE LOS RIOS", "provincia": "Ranco", "totalapellido": 4, "totalcomuna": 9453, "prct_apellido": 0.000423, "Frecuencia provincia": 0.112447, "Frecuencia región": 0.0544, "cod_comuna": "14203"}, {"comuna": "VILCUN", "region": "09. REGION DE LA ARAUCANIA", "provincia": "Cautín", "totalapellido": 14, "totalcomuna": 24470, "prct_apellido": 0.000572, "Frecuencia provincia": 0.043946, "Frecuencia región": 0.051873, "cod_comuna": "09119"}, {"comuna": "CHILLAN", "region": "16. REGION DE ÑUBLE", "provincia": "Diguillín", "totalapellido": 58, "totalcomuna": 152723, "prct_apellido": 0.00038, "Frecuencia provincia": 0.065041, "Frecuencia región": 0.0859, "cod_comuna": "16101"}, {"comuna": "MOLINA", "region": "07. REGION DEL MAULE", "provincia": "Curicó", "totalapellido": 12, "totalcomuna": 39426, "prct_apellido": 0.000304, "Frecuencia provincia": 0.081137, "Frecuencia región": 0.082553, "cod_comuna": "07304"}, {"comuna": "OSORNO", "region": "10. REGION DE LOS LAGOS", "provincia": "Osorno", "totalapellido": 55, "totalcomuna": 143162, "prct_apellido": 0.000384, "Frecuencia provincia": 0.047856, "Frecuencia región": 0.052521, "cod_comuna": "10301"}, {"comuna": "BULNES", "region": "16. REGION DE ÑUBLE", "provincia": "Diguillín", "totalapellido": 13, "totalcomuna": 20535, "prct_apellido": 0.000633, "Frecuencia provincia": 0.065041, "Frecuencia región": 0.0859, "cod_comuna": "16102"}, {"comuna": "MAULLIN", "region": "10. REGION DE LOS LAGOS", "provincia": "Llanquihue", "totalapellido": 3, "totalcomuna": 15413, "prct_apellido": 0.000195, "Frecuencia provincia": 0.042563, "Frecuencia región": 0.052521, "cod_comuna": "10108"}, {"comuna": "COELEMU", "region": "16. REGION DE ÑUBLE", "provincia": "Itata", "totalapellido": 4, "totalcomuna": 15414, "prct_apellido": 0.00026, "Frecuencia provincia": 0.295621, "Frecuencia región": 0.0859, "cod_comuna": "16203"}, {"comuna": "CURACAUTIN", "region": "09. REGION DE LA ARAUCANIA", "provincia": "Malleco", "totalapellido": 8, "totalcomuna": 21202, "prct_apellido": 0.000377, "Frecuencia provincia": 0.133465, "Frecuencia región": 0.051873, "cod_comuna": "09203"}, {"comuna": "PROVIDENCIA", "region": "13. REGION METROPOLITANA DE SANTIAGO", "provincia": "Santiago", "totalapellido": 48, "totalcomuna": 170255, "prct_apellido": 0.000282, "Frecuencia provincia": 0.017023, "Frecuencia región": 0.018986, "cod_comuna": "13123"}, {"comuna": "ÑIQUEN", "region": "16. REGION DE ÑUBLE", "provincia": "Punilla", "totalapellido": 2, "totalcomuna": 10642, "prct_apellido": 0.000188, "Frecuencia provincia": 0.169589, "Frecuencia región": 0.0859, "cod_comuna": "16303"}, {"comuna": "LONGAVI", "region": "07. REGION DEL MAULE", "provincia": "Linares", "totalapellido": 9, "totalcomuna": 26725, "prct_apellido": 0.000337, "Frecuencia provincia": 0.120949, "Frecuencia región": 0.082553, "cod_comuna": "07403"}, {"comuna": "PAIGUANO", "region": "04. REGION DE COQUIMBO", "provincia": "Elqui", "totalapellido": 2, "totalcomuna": 5389, "prct_apellido": 0.000371, "Frecuencia provincia": 0.034381, "Frecuencia región": 0.046565, "cod_comuna": "04105"}, {"comuna": "COLTAUCO", "region": "06. REGION DEL LIBERTADOR GENERAL BERNARDO O'HIGGINS", "provincia": "Cachapoal", "totalapellido": 7, "totalcomuna": 16168, "prct_apellido": 0.000433, "Frecuencia provincia": 0.061427, "Frecuencia región": 0.074338, "cod_comuna": "06104"}, {"comuna": "RENGO", "region": "06. REGION DEL LIBERTADOR GENERAL BERNARDO O'HIGGINS", "provincia": "Cachapoal", "totalapellido": 12, "totalcomuna": 48595, "prct_apellido": 0.000247, "Frecuencia provincia": 0.061427, "Frecuencia región": 0.074338, "cod_comuna": "06115"}, {"comuna": "OLMUE", "region": "05. REGION DE VALPARAISO", "provincia": "Marga Marga", "totalapellido": 6, "totalcomuna": 16406, "prct_apellido": 0.000366, "Frecuencia provincia": 0.034753, "Frecuencia región": 0.029341, "cod_comuna": "05803"}, {"comuna": "INDEPENDENCIA", "region": "13. REGION METROPOLITANA DE SANTIAGO", "provincia": "Santiago", "totalapellido": 34, "totalcomuna": 82629, "prct_apellido": 0.000411, "Frecuencia provincia": 0.017023, "Frecuencia región": 0.018986, "cod_comuna": "13108"}, {"comuna": "CORRAL", "region": "14. REGION DE LOS RIOS", "provincia": "Valdivia", "totalapellido": 2, "totalcomuna": 5565, "prct_apellido": 0.000359, "Frecuencia provincia": 0.046113, "Frecuencia región": 0.0544, "cod_comuna": "14102"}, {"comuna": "TOCOPILLA", "region": "02. REGION DE ANTOFAGASTA", "provincia": "Tocopilla", "totalapellido": 8, "totalcomuna": 22335, "prct_apellido": 0.000358, "Frecuencia provincia": 0.11764, "Frecuencia región": 0.025007, "cod_comuna": "02301"}, {"comuna": "CHILLAN VIEJO", "region": "16. REGION DE ÑUBLE", "provincia": "Diguillín", "totalapellido": 9, "totalcomuna": 22462, "prct_apellido": 0.000401, "Frecuencia provincia": 0.065041, "Frecuencia región": 0.0859, "cod_comuna": "16103"}, {"comuna": "MACUL", "region": "13. REGION METROPOLITANA DE SANTIAGO", "provincia": "Santiago", "totalapellido": 40, "totalcomuna": 101340, "prct_apellido": 0.000395, "Frecuencia provincia": 0.017023, "Frecuencia región": 0.018986, "cod_comuna": "13118"}, {"comuna": "PUERTO MONTT", "region": "10. REGION DE LOS LAGOS", "provincia": "Llanquihue", "totalapellido": 63, "totalcomuna": 186565, "prct_apellido": 0.000338, "Frecuencia provincia": 0.042563, "Frecuencia región": 0.052521, "cod_comuna": "10101"}, {"comuna": "FREIRE", "region": "09. REGION DE LA ARAUCANIA", "provincia": "Cautín", "totalapellido": 27, "totalcomuna": 22845, "prct_apellido": 0.001182, "Frecuencia provincia": 0.043946, "Frecuencia región": 0.051873, "cod_comuna": "09105"}, {"comuna": "SANTO DOMINGO", "region": "05. REGION DE VALPARAISO", "provincia": "San Antonio", "totalapellido": 2, "totalcomuna": 11535, "prct_apellido": 0.000173, "Frecuencia provincia": 0.076723, "Frecuencia región": 0.029341, "cod_comuna": "05606"}, {"comuna": "PICA", "region": "01. REGION DE TARAPACA", "provincia": "Tamarugal", "totalapellido": 3, "totalcomuna": 5779, "prct_apellido": 0.000519, "Frecuencia provincia": 0.130887, "Frecuencia región": 0.02576, "cod_comuna": "01405"}, {"comuna": "RETIRO", "region": "07. REGION DEL MAULE", "provincia": "Linares", "totalapellido": 4, "totalcomuna": 17602, "prct_apellido": 0.000227, "Frecuencia provincia": 0.120949, "Frecuencia región": 0.082553, "cod_comuna": "07405"}, {"comuna": "EL TABO", "region": "05. REGION DE VALPARAISO", "provincia": "San Antonio", "totalapellido": 4, "totalcomuna": 11931, "prct_apellido": 0.000335, "Frecuencia provincia": 0.076723, "Frecuencia región": 0.029341, "cod_comuna": "05605"}, {"comuna": "MELIPILLA", "region": "13. REGION METROPOLITANA DE SANTIAGO", "provincia": "Melipilla", "totalapellido": 29, "totalcomuna": 97217, "prct_apellido": 0.000298, "Frecuencia provincia": 0.072308, "Frecuencia región": 0.018986, "cod_comuna": "13501"}, {"comuna": "CHIMBARONGO", "region": "06. REGION DEL LIBERTADOR GENERAL BERNARDO O'HIGGINS", "provincia": "Colchagua", "totalapellido": 5, "totalcomuna": 30510, "prct_apellido": 0.000164, "Frecuencia provincia": 0.12967, "Frecuencia región": 0.074338, "cod_comuna": "06303"}, {"comuna": "SANTA CRUZ", "region": "06. REGION DEL LIBERTADOR GENERAL BERNARDO O'HIGGINS", "provincia": "Colchagua", "totalapellido": 8, "totalcomuna": 31217, "prct_apellido": 0.000256, "Frecuencia provincia": 0.12967, "Frecuencia región": 0.074338, "cod_comuna": "06310"}, {"comuna": "VALDIVIA", "region": "14. REGION DE LOS RIOS", "provincia": "Valdivia", "totalapellido": 45, "totalcomuna": 138619, "prct_apellido": 0.000325, "Frecuencia provincia": 0.046113, "Frecuencia región": 0.0544, "cod_comuna": "14101"}, {"comuna": "MARIA ELENA", "region": "02. REGION DE ANTOFAGASTA", "provincia": "Tocopilla", "totalapellido": 4, "totalcomuna": 6370, "prct_apellido": 0.000628, "Frecuencia provincia": 0.11764, "Frecuencia región": 0.025007, "cod_comuna": "02302"}, {"comuna": "ANTOFAGASTA", "region": "02. REGION DE ANTOFAGASTA", "provincia": "Antofagasta", "totalapellido": 87, "totalcomuna": 286950, "prct_apellido": 0.000303, "Frecuencia provincia": 0.020817, "Frecuencia región": 0.025007, "cod_comuna": "02101"}, {"comuna": "PADRE HURTADO", "region": "13. REGION METROPOLITANA DE SANTIAGO", "provincia": "Talagante", "totalapellido": 18, "totalcomuna": 44714, "prct_apellido": 0.000403, "Frecuencia provincia": 0.065142, "Frecuencia región": 0.018986, "cod_comuna": "13604"}, {"comuna": "PUNTA ARENAS", "region": "12. REGION DE MAGALLANES Y DE LA ANTARTICA CHILENA", "provincia": "Magallanes", "totalapellido": 33, "totalcomuna": 122525, "prct_apellido": 0.000269, "Frecuencia provincia": 0.031287, "Frecuencia región": 0.037004, "cod_comuna": "12101"}, {"comuna": "ALTO HOSPICIO", "region": "01. REGION DE TARAPACA", "provincia": "Iquique", "totalapellido": 21, "totalcomuna": 58683, "prct_apellido": 0.000358, "Frecuencia provincia": 0.023146, "Frecuencia región": 0.02576, "cod_comuna": "01107"}, {"comuna": "CURACAVI", "region": "13. REGION METROPOLITANA DE SANTIAGO", "provincia": "Melipilla", "totalapellido": 5, "totalcomuna": 26345, "prct_apellido": 0.00019, "Frecuencia provincia": 0.072308, "Frecuencia región": 0.018986, "cod_comuna": "13503"}, {"comuna": "ALGARROBO", "region": "05. REGION DE VALPARAISO", "provincia": "San Antonio", "totalapellido": 4, "totalcomuna": 13779, "prct_apellido": 0.00029, "Frecuencia provincia": 0.076723, "Frecuencia región": 0.029341, "cod_comuna": "05602"}, {"comuna": "PAREDONES", "region": "06. REGION DEL LIBERTADOR GENERAL BERNARDO O'HIGGINS", "provincia": "Cardenal Caro", "totalapellido": 1, "totalcomuna": 7074, "prct_apellido": 0.000141, "Frecuencia provincia": 0.199859, "Frecuencia región": 0.074338, "cod_comuna": "06206"}, {"comuna": "SAN PEDRO DE ATACAMA", "region": "02. REGION DE ANTOFAGASTA", "provincia": "El Loa", "totalapellido": 1, "totalcomuna": 7194, "prct_apellido": 0.000139, "Frecuencia provincia": 0.035053, "Frecuencia región": 0.025007, "cod_comuna": "02203"}, {"comuna": "COINCO", "region": "06. REGION DEL LIBERTADOR GENERAL BERNARDO O'HIGGINS", "provincia": "Cachapoal", "totalapellido": 4, "totalcomuna": 7240, "prct_apellido": 0.000552, "Frecuencia provincia": 0.061427, "Frecuencia región": 0.074338, "cod_comuna": "06103"}, {"comuna": "FUTRONO", "region": "14. REGION DE LOS RIOS", "provincia": "Ranco", "totalapellido": 4, "totalcomuna": 14637, "prct_apellido": 0.000273, "Frecuencia provincia": 0.112447, "Frecuencia región": 0.0544, "cod_comuna": "14202"}, {"comuna": "AISEN", "region": "11. REGION DE AYSEN DEL GENERAL CARLOS IBAÑEZ DEL CAMPO", "provincia": NaN, "totalapellido": 7, "totalcomuna": 22587, "prct_apellido": 0.00031, "Frecuencia provincia": NaN, "Frecuencia región": 0.077233, "cod_comuna": null}, {"comuna": "VILLA ALEMANA", "region": "05. REGION DE VALPARAISO", "provincia": "Marga Marga", "totalapellido": 29, "totalcomuna": 98544, "prct_apellido": 0.000294, "Frecuencia provincia": 0.034753, "Frecuencia región": 0.029341, "cod_comuna": "05804"}, {"comuna": "REQUINOA", "region": "06. REGION DEL LIBERTADOR GENERAL BERNARDO O'HIGGINS", "provincia": "Cachapoal", "totalapellido": 8, "totalcomuna": 23028, "prct_apellido": 0.000347, "Frecuencia provincia": 0.061427, "Frecuencia región": 0.074338, "cod_comuna": "06116"}, {"comuna": "ARICA", "region": "15. REGION DE ARICA Y PARINACOTA", "provincia": "Arica", "totalapellido": 48, "totalcomuna": 180060, "prct_apellido": 0.000267, "Frecuencia provincia": 0.025797, "Frecuencia región": 0.026725, "cod_comuna": "15101"}, {"comuna": "QUILLON", "region": "16. REGION DE ÑUBLE", "provincia": "Diguillín", "totalapellido": 5, "totalcomuna": 15682, "prct_apellido": 0.000319, "Frecuencia provincia": 0.065041, "Frecuencia región": 0.0859, "cod_comuna": "16107"}, {"comuna": "LIMACHE", "region": "05. REGION DE VALPARAISO", "provincia": "Marga Marga", "totalapellido": 7, "totalcomuna": 39423, "prct_apellido": 0.000178, "Frecuencia provincia": 0.034753, "Frecuencia región": 0.029341, "cod_comuna": "05802"}, {"comuna": "VIÑA DEL MAR", "region": "05. REGION DE VALPARAISO", "provincia": "Valparaíso", "totalapellido": 85, "totalcomuna": 301370, "prct_apellido": 0.000282, "Frecuencia provincia": 0.017698, "Frecuencia región": 0.029341, "cod_comuna": "05109"}, {"comuna": "SAN MIGUEL", "region": "13. REGION METROPOLITANA DE SANTIAGO", "provincia": "Santiago", "totalapellido": 44, "totalcomuna": 105090, "prct_apellido": 0.000419, "Frecuencia provincia": 0.017023, "Frecuencia región": 0.018986, "cod_comuna": "13130"}, {"comuna": "CALBUCO", "region": "10. REGION DE LOS LAGOS", "provincia": "Llanquihue", "totalapellido": 4, "totalcomuna": 32409, "prct_apellido": 0.000123, "Frecuencia provincia": 0.042563, "Frecuencia región": 0.052521, "cod_comuna": "10102"}, {"comuna": "PLACILLA", "region": "06. REGION DEL LIBERTADOR GENERAL BERNARDO O'HIGGINS", "provincia": "Colchagua", "totalapellido": 1, "totalcomuna": 8240, "prct_apellido": 0.000121, "Frecuencia provincia": 0.12967, "Frecuencia región": 0.074338, "cod_comuna": "06308"}, {"comuna": "PEMUCO", "region": "16. REGION DE ÑUBLE", "provincia": "Diguillín", "totalapellido": 1, "totalcomuna": 8351, "prct_apellido": 0.00012, "Frecuencia provincia": 0.065041, "Frecuencia región": 0.0859, "cod_comuna": "16105"}, {"comuna": "SAN PEDRO", "region": "13. REGION METROPOLITANA DE SANTIAGO", "provincia": "Melipilla", "totalapellido": 2, "totalcomuna": 8486, "prct_apellido": 0.000236, "Frecuencia provincia": 0.072308, "Frecuencia región": 0.018986, "cod_comuna": "13505"}, {"comuna": "CURARREHUE", "region": "09. REGION DE LA ARAUCANIA", "provincia": "Cautín", "totalapellido": 1, "totalcomuna": 8517, "prct_apellido": 0.000117, "Frecuencia provincia": 0.043946, "Frecuencia región": 0.051873, "cod_comuna": "09104"}, {"comuna": "LAS CONDES", "region": "13. REGION METROPOLITANA DE SANTIAGO", "provincia": "Santiago", "totalapellido": 74, "totalcomuna": 269517, "prct_apellido": 0.000275, "Frecuencia provincia": 0.017023, "Frecuencia región": 0.018986, "cod_comuna": "13114"}, {"comuna": "DOÑIHUE", "region": "06. REGION DEL LIBERTADOR GENERAL BERNARDO O'HIGGINS", "provincia": "Cachapoal", "totalapellido": 5, "totalcomuna": 18424, "prct_apellido": 0.000271, "Frecuencia provincia": 0.061427, "Frecuencia región": 0.074338, "cod_comuna": "06105"}, {"comuna": "COLBUN", "region": "07. REGION DEL MAULE", "provincia": "Linares", "totalapellido": 20, "totalcomuna": 18445, "prct_apellido": 0.001084, "Frecuencia provincia": 0.120949, "Frecuencia región": 0.082553, "cod_comuna": "07402"}, {"comuna": "IQUIQUE", "region": "01. REGION DE TARAPACA", "provincia": "Iquique", "totalapellido": 37, "totalcomuna": 167553, "prct_apellido": 0.000221, "Frecuencia provincia": 0.023146, "Frecuencia región": 0.02576, "cod_comuna": "01101"}, {"comuna": "COQUIMBO", "region": "04. REGION DE COQUIMBO", "provincia": "Elqui", "totalapellido": 55, "totalcomuna": 167854, "prct_apellido": 0.000328, "Frecuencia provincia": 0.034381, "Frecuencia región": 0.046565, "cod_comuna": "04102"}, {"comuna": "QUINCHAO", "region": "10. REGION DE LOS LAGOS", "provincia": "Chiloé", "totalapellido": 1, "totalcomuna": 9410, "prct_apellido": 0.000106, "Frecuencia provincia": 0.112043, "Frecuencia región": 0.052521, "cod_comuna": "10210"}, {"comuna": "CALAMA", "region": "02. REGION DE ANTOFAGASTA", "provincia": "El Loa", "totalapellido": 24, "totalcomuna": 132333, "prct_apellido": 0.000181, "Frecuencia provincia": 0.035053, "Frecuencia región": 0.025007, "cod_comuna": "02201"}, {"comuna": "ANCUD", "region": "10. REGION DE LOS LAGOS", "provincia": "Chiloé", "totalapellido": 10, "totalcomuna": 38845, "prct_apellido": 0.000257, "Frecuencia provincia": 0.112043, "Frecuencia región": 0.052521, "cod_comuna": "10202"}, {"comuna": "NOGALES", "region": "05. REGION DE VALPARAISO", "provincia": "Quillota", "totalapellido": 7, "totalcomuna": 19698, "prct_apellido": 0.000355, "Frecuencia provincia": 0.079787, "Frecuencia región": 0.029341, "cod_comuna": "05506"}, {"comuna": "TOME", "region": "08. REGION DEL BIOBIO", "provincia": "Concepción", "totalapellido": 16, "totalcomuna": 49849, "prct_apellido": 0.000321, "Frecuencia provincia": 0.045559, "Frecuencia región": 0.056049, "cod_comuna": "08111"}, {"comuna": "LAS CABRAS", "region": "06. REGION DEL LIBERTADOR GENERAL BERNARDO O'HIGGINS", "provincia": "Cachapoal", "totalapellido": 4, "totalcomuna": 20393, "prct_apellido": 0.000196, "Frecuencia provincia": 0.061427, "Frecuencia región": 0.074338, "cod_comuna": "06107"}, {"comuna": "LO BARNECHEA", "region": "13. REGION METROPOLITANA DE SANTIAGO", "provincia": "Santiago", "totalapellido": 23, "totalcomuna": 82669, "prct_apellido": 0.000278, "Frecuencia provincia": 0.017023, "Frecuencia región": 0.018986, "cod_comuna": "13115"}, {"comuna": "MOSTAZAL", "region": "06. REGION DEL LIBERTADOR GENERAL BERNARDO O'HIGGINS", "provincia": "Cachapoal", "totalapellido": 7, "totalcomuna": 20983, "prct_apellido": 0.000334, "Frecuencia provincia": 0.061427, "Frecuencia región": 0.074338, "cod_comuna": "06110"}, {"comuna": "TALTAL", "region": "02. REGION DE ANTOFAGASTA", "provincia": "Antofagasta", "totalapellido": 1, "totalcomuna": 10511, "prct_apellido": 9.5e-05, "Frecuencia provincia": 0.020817, "Frecuencia región": 0.025007, "cod_comuna": "02104"}, {"comuna": "PUNITAQUI", "region": "04. REGION DE COQUIMBO", "provincia": "Limarí", "totalapellido": 1, "totalcomuna": 10763, "prct_apellido": 9.3e-05, "Frecuencia provincia": 0.102708, "Frecuencia región": 0.046565, "cod_comuna": "04304"}, {"comuna": "COLLIPULLI", "region": "09. REGION DE LA ARAUCANIA", "provincia": "Malleco", "totalapellido": 6, "totalcomuna": 22160, "prct_apellido": 0.000271, "Frecuencia provincia": 0.133465, "Frecuencia región": 0.051873, "cod_comuna": "09202"}, {"comuna": "VITACURA", "region": "13. REGION METROPOLITANA DE SANTIAGO", "provincia": "Santiago", "totalapellido": 13, "totalcomuna": 89311, "prct_apellido": 0.000146, "Frecuencia provincia": 0.017023, "Frecuencia región": 0.018986, "cod_comuna": "13132"}, {"comuna": "CASABLANCA", "region": "05. REGION DE VALPARAISO", "provincia": "Valparaíso", "totalapellido": 2, "totalcomuna": 22469, "prct_apellido": 8.9e-05, "Frecuencia provincia": 0.017698, "Frecuencia región": 0.029341, "cod_comuna": "05102"}, {"comuna": "CALERA", "region": "05. REGION DE VALPARAISO", "provincia": "Quillota", "totalapellido": 15, "totalcomuna": 44980, "prct_apellido": 0.000333, "Frecuencia provincia": 0.079787, "Frecuencia región": 0.029341, "cod_comuna": "05502"}, {"comuna": "NATALES", "region": "12. REGION DE MAGALLANES Y DE LA ANTARTICA CHILENA", "provincia": "Última Esperanza", "totalapellido": 3, "totalcomuna": 22709, "prct_apellido": 0.000132, "Frecuencia provincia": 0.096903, "Frecuencia región": 0.037004, "cod_comuna": "12401"}, {"comuna": "PUYEHUE", "region": "10. REGION DE LOS LAGOS", "provincia": "Osorno", "totalapellido": 2, "totalcomuna": 11597, "prct_apellido": 0.000172, "Frecuencia provincia": 0.047856, "Frecuencia región": 0.052521, "cod_comuna": "10304"}, {"comuna": "SAN NICOLAS", "region": "16. REGION DE ÑUBLE", "provincia": "Punilla", "totalapellido": 3, "totalcomuna": 11730, "prct_apellido": 0.000256, "Frecuencia provincia": 0.169589, "Frecuencia región": 0.0859, "cod_comuna": "16305"}, {"comuna": "SAN CARLOS", "region": "16. REGION DE ÑUBLE", "provincia": "Punilla", "totalapellido": 12, "totalcomuna": 47717, "prct_apellido": 0.000251, "Frecuencia provincia": 0.169589, "Frecuencia región": 0.0859, "cod_comuna": "16301"}, {"comuna": "LONQUIMAY", "region": "09. REGION DE LA ARAUCANIA", "provincia": "Malleco", "totalapellido": 6, "totalcomuna": 12215, "prct_apellido": 0.000491, "Frecuencia provincia": 0.133465, "Frecuencia región": 0.051873, "cod_comuna": "09205"}, {"comuna": "MALLOA", "region": "06. REGION DEL LIBERTADOR GENERAL BERNARDO O'HIGGINS", "provincia": "Cachapoal", "totalapellido": 3, "totalcomuna": 12310, "prct_apellido": 0.000244, "Frecuencia provincia": 0.061427, "Frecuencia región": 0.074338, "cod_comuna": "06109"}, {"comuna": "CAUQUENES", "region": "07. REGION DEL MAULE", "provincia": "Cauquenes", "totalapellido": 6, "totalcomuna": 37610, "prct_apellido": 0.00016, "Frecuencia provincia": 0.18103, "Frecuencia región": 0.082553, "cod_comuna": "07201"}, {"comuna": "COMBARBALA", "region": "04. REGION DE COQUIMBO", "provincia": "Limarí", "totalapellido": 1, "totalcomuna": 12550, "prct_apellido": 8e-05, "Frecuencia provincia": 0.102708, "Frecuencia región": 0.046565, "cod_comuna": "04302"}, {"comuna": "PARRAL", "region": "07. REGION DEL MAULE", "provincia": "Linares", "totalapellido": 5, "totalcomuna": 37860, "prct_apellido": 0.000132, "Frecuencia provincia": 0.120949, "Frecuencia región": 0.082553, "cod_comuna": "07404"}, {"comuna": "TIERRA AMARILLA", "region": "03. REGION DE ATACAMA", "provincia": "Copiapó", "totalapellido": 1, "totalcomuna": 12798, "prct_apellido": 7.8e-05, "Frecuencia provincia": 0.043922, "Frecuencia región": 0.058317, "cod_comuna": "03103"}, {"comuna": "TUCAPEL", "region": "08. REGION DEL BIOBIO", "provincia": "Biobío", "totalapellido": 3, "totalcomuna": 13071, "prct_apellido": 0.00023, "Frecuencia provincia": 0.077416, "Frecuencia región": 0.056049, "cod_comuna": "08312"}, {"comuna": "CHONCHI", "region": "10. REGION DE LOS LAGOS", "provincia": "Chiloé", "totalapellido": 2, "totalcomuna": 13190, "prct_apellido": 0.000152, "Frecuencia provincia": 0.112043, "Frecuencia región": 0.052521, "cod_comuna": "10203"}, {"comuna": "SAAVEDRA", "region": "09. REGION DE LA ARAUCANIA", "provincia": "Cautín", "totalapellido": 9, "totalcomuna": 13270, "prct_apellido": 0.000678, "Frecuencia provincia": 0.043946, "Frecuencia región": 0.051873, "cod_comuna": "09116"}, {"comuna": "SANTA BARBARA", "region": "08. REGION DEL BIOBIO", "provincia": "Biobío", "totalapellido": 4, "totalcomuna": 13318, "prct_apellido": 0.0003, "Frecuencia provincia": 0.077416, "Frecuencia región": 0.056049, "cod_comuna": "08311"}, {"comuna": "DIEGO DE ALMAGRO", "region": "03. REGION DE ATACAMA", "provincia": "Chañaral", "totalapellido": 1, "totalcomuna": 13390, "prct_apellido": 7.5e-05, "Frecuencia provincia": 0.158476, "Frecuencia región": 0.058317, "cod_comuna": "03202"}, {"comuna": "GRANEROS", "region": "06. REGION DEL LIBERTADOR GENERAL BERNARDO O'HIGGINS", "provincia": "Cachapoal", "totalapellido": 2, "totalcomuna": 26877, "prct_apellido": 7.4e-05, "Frecuencia provincia": 0.061427, "Frecuencia región": 0.074338, "cod_comuna": "06106"}, {"comuna": "CHEPICA", "region": "06. REGION DEL LIBERTADOR GENERAL BERNARDO O'HIGGINS", "provincia": "Colchagua", "totalapellido": 2, "totalcomuna": 13750, "prct_apellido": 0.000145, "Frecuencia provincia": 0.12967, "Frecuencia región": 0.074338, "cod_comuna": "06302"}, {"comuna": "COPIAPO", "region": "03. REGION DE ATACAMA", "provincia": "Copiapó", "totalapellido": 24, "totalcomuna": 123973, "prct_apellido": 0.000194, "Frecuencia provincia": 0.043922, "Frecuencia región": 0.058317, "cod_comuna": "03101"}, {"comuna": "EL MONTE", "region": "13. REGION METROPOLITANA DE SANTIAGO", "provincia": "Talagante", "totalapellido": 8, "totalcomuna": 27822, "prct_apellido": 0.000288, "Frecuencia provincia": 0.065142, "Frecuencia región": 0.018986, "cod_comuna": "13602"}, {"comuna": "ISLA DE MAIPO", "region": "13. REGION METROPOLITANA DE SANTIAGO", "provincia": "Talagante", "totalapellido": 7, "totalcomuna": 27965, "prct_apellido": 0.00025, "Frecuencia provincia": 0.065142, "Frecuencia región": 0.018986, "cod_comuna": "13603"}, {"comuna": "PUTAENDO", "region": "05. REGION DE VALPARAISO", "provincia": "San Felipe de Aconcagua", "totalapellido": 1, "totalcomuna": 14044, "prct_apellido": 7.1e-05, "Frecuencia provincia": 0.102948, "Frecuencia región": 0.029341, "cod_comuna": "05705"}, {"comuna": "PUCON", "region": "09. REGION DE LA ARAUCANIA", "provincia": "Cautín", "totalapellido": 5, "totalcomuna": 28338, "prct_apellido": 0.000176, "Frecuencia provincia": 0.043946, "Frecuencia región": 0.051873, "cod_comuna": "09115"}, {"comuna": "SAN FELIPE", "region": "05. REGION DE VALPARAISO", "provincia": "San Felipe de Aconcagua", "totalapellido": 10, "totalcomuna": 60075, "prct_apellido": 0.000166, "Frecuencia provincia": 0.102948, "Frecuencia región": 0.029341, "cod_comuna": "05701"}, {"comuna": "CALDERA", "region": "03. REGION DE ATACAMA", "provincia": "Copiapó", "totalapellido": 1, "totalcomuna": 15024, "prct_apellido": 6.7e-05, "Frecuencia provincia": 0.043922, "Frecuencia región": 0.058317, "cod_comuna": "03102"}, {"comuna": "SAN ESTEBAN", "region": "05. REGION DE VALPARAISO", "provincia": "Los Andes", "totalapellido": 1, "totalcomuna": 15281, "prct_apellido": 6.5e-05, "Frecuencia provincia": 0.083664, "Frecuencia región": 0.029341, "cod_comuna": "05304"}, {"comuna": "HIJUELAS", "region": "05. REGION DE VALPARAISO", "provincia": "Quillota", "totalapellido": 5, "totalcomuna": 15609, "prct_apellido": 0.00032, "Frecuencia provincia": 0.079787, "Frecuencia región": 0.029341, "cod_comuna": "05503"}, {"comuna": "PICHILEMU", "region": "06. REGION DEL LIBERTADOR GENERAL BERNARDO O'HIGGINS", "provincia": "Cardenal Caro", "totalapellido": 6, "totalcomuna": 15875, "prct_apellido": 0.000378, "Frecuencia provincia": 0.199859, "Frecuencia región": 0.074338, "cod_comuna": "06201"}, {"comuna": "SAGRADA FAMILIA", "region": "07. REGION DEL MAULE", "provincia": "Curicó", "totalapellido": 2, "totalcomuna": 15984, "prct_apellido": 0.000125, "Frecuencia provincia": 0.081137, "Frecuencia región": 0.082553, "cod_comuna": "07307"}, {"comuna": "LLANQUIHUE", "region": "10. REGION DE LOS LAGOS", "provincia": "Llanquihue", "totalapellido": 1, "totalcomuna": 16179, "prct_apellido": 6.2e-05, "Frecuencia provincia": 0.042563, "Frecuencia región": 0.052521, "cod_comuna": "10107"}, {"comuna": "YUNGAY", "region": "16. REGION DE ÑUBLE", "provincia": "Diguillín", "totalapellido": 3, "totalcomuna": 16320, "prct_apellido": 0.000184, "Frecuencia provincia": 0.065041, "Frecuencia región": 0.0859, "cod_comuna": "16109"}, {"comuna": "LA CRUZ", "region": "05. REGION DE VALPARAISO", "provincia": "Quillota", "totalapellido": 5, "totalcomuna": 16329, "prct_apellido": 0.000306, "Frecuencia provincia": 0.079787, "Frecuencia región": 0.029341, "cod_comuna": "05504"}, {"comuna": "LOS MUERMOS", "region": "10. REGION DE LOS LAGOS", "provincia": "Llanquihue", "totalapellido": 2, "totalcomuna": 16339, "prct_apellido": 0.000122, "Frecuencia provincia": 0.042563, "Frecuencia región": 0.052521, "cod_comuna": "10106"}, {"comuna": "PICHIDEGUA", "region": "06. REGION DEL LIBERTADOR GENERAL BERNARDO O'HIGGINS", "provincia": "Cachapoal", "totalapellido": 1, "totalcomuna": 16858, "prct_apellido": 5.9e-05, "Frecuencia provincia": 0.061427, "Frecuencia región": 0.074338, "cod_comuna": "06113"}, {"comuna": "LA SERENA", "region": "04. REGION DE COQUIMBO", "provincia": "Elqui", "totalapellido": 22, "totalcomuna": 174853, "prct_apellido": 0.000126, "Frecuencia provincia": 0.034381, "Frecuencia región": 0.046565, "cod_comuna": "04101"}, {"comuna": "LA UNION", "region": "14. REGION DE LOS RIOS", "provincia": "Ranco", "totalapellido": 4, "totalcomuna": 35754, "prct_apellido": 0.000112, "Frecuencia provincia": 0.112447, "Frecuencia región": 0.0544, "cod_comuna": "14201"}, {"comuna": "PAILLACO", "region": "14. REGION DE LOS RIOS", "provincia": "Valdivia", "totalapellido": 4, "totalcomuna": 19259, "prct_apellido": 0.000208, "Frecuencia provincia": 0.046113, "Frecuencia región": 0.0544, "cod_comuna": "14107"}, {"comuna": "CASTRO", "region": "10. REGION DE LOS LAGOS", "provincia": "Chiloé", "totalapellido": 6, "totalcomuna": 41394, "prct_apellido": 0.000145, "Frecuencia provincia": 0.112043, "Frecuencia región": 0.052521, "cod_comuna": "10201"}, {"comuna": "PUERTO VARAS", "region": "10. REGION DE LOS LAGOS", "provincia": "Llanquihue", "totalapellido": 3, "totalcomuna": 42326, "prct_apellido": 7.1e-05, "Frecuencia provincia": 0.042563, "Frecuencia región": 0.052521, "cod_comuna": "10109"}, {"comuna": "PIRQUE", "region": "13. REGION METROPOLITANA DE SANTIAGO", "provincia": "Cordillera", "totalapellido": 4, "totalcomuna": 22646, "prct_apellido": 0.000177, "Frecuencia provincia": 0.019022, "Frecuencia región": 0.018986, "cod_comuna": "13202"}, {"comuna": "SALAMANCA", "region": "04. REGION DE COQUIMBO", "provincia": "Choapa", "totalapellido": 1, "totalcomuna": 23431, "prct_apellido": 4.3e-05, "Frecuencia provincia": 0.165554, "Frecuencia región": 0.046565, "cod_comuna": "04204"}, {"comuna": "MONTE PATRIA", "region": "04. REGION DE COQUIMBO", "provincia": "Limarí", "totalapellido": 2, "totalcomuna": 28025, "prct_apellido": 7.1e-05, "Frecuencia provincia": 0.102708, "Frecuencia región": 0.046565, "cod_comuna": "04303"}, {"comuna": "TALAGANTE", "region": "13. REGION METROPOLITANA DE SANTIAGO", "provincia": "Talagante", "totalapellido": 5, "totalcomuna": 58141, "prct_apellido": 8.6e-05, "Frecuencia provincia": 0.065142, "Frecuencia región": 0.018986, "cod_comuna": "13601"}, {"comuna": "OVALLE", "region": "04. REGION DE COQUIMBO", "provincia": "Limarí", "totalapellido": 5, "totalcomuna": 91832, "prct_apellido": 5.4e-05, "Frecuencia provincia": 0.102708, "Frecuencia región": 0.046565, "cod_comuna": "04301"}, {"comuna": "VALLENAR", "region": "03. REGION DE ATACAMA", "provincia": "Huasco", "totalapellido": 2, "totalcomuna": 45529, "prct_apellido": 4.4e-05, "Frecuencia provincia": 0.121458, "Frecuencia región": 0.058317, "cod_comuna": "03301"}, {"comuna": "SAN FERNANDO", "region": "06. REGION DEL LIBERTADOR GENERAL BERNARDO O'HIGGINS", "provincia": "Colchagua", "totalapellido": 7, "totalcomuna": 62989, "prct_apellido": 0.000111, "Frecuencia provincia": 0.12967, "Frecuencia región": 0.074338, "cod_comuna": "06301"}], "provincias": [], "regiones": []}