{"apellido": "TOMASSI", "slug": "tomassi", "comunas": [{"comuna": "COIHAIQUE", "region": "11. REGION DE AYSEN DEL GENERAL CARLOS IBAÑEZ DEL CAMPO", "provincia": NaN, "totalapellido": 1, "totalcomuna": 54229, "prct_apellido": 1.8e-05, "Frecuencia provincia": NaN, "Frecuencia región": 0.077233, "cod_comuna": null}, {"comuna": "CONCHALI", "region": "13. REGION METROPOLITANA DE SANTIAGO", "provincia": "Santiago", "totalapellido": 1, "totalcomuna": 118624, "prct_apellido": 8e-06, "Frecuencia provincia": 0.017023, "Frecuencia región": 0.018986, "cod_comuna": "13104"}, {"comuna": "PUENTE ALTO", "region": "13. REGION METROPOLITANA DE SANTIAGO", "provincia": "Cordillera", "totalapellido": 2, "totalcomuna": 399739, "prct_apellido": 5e-06, "Frecuencia provincia": 0.019022, "Frecuencia región": 0.018986, "cod_comuna": "13201"}, {"comuna": "LA FLORIDA", "region": "13. REGION METROPOLITANA DE SANTIAGO", "provincia": "Santiago", "totalapellido": 1, "totalcomuna": 307414, "prct_apellido": 3e-06, "Frecuencia provincia": 0.017023, "Frecuencia región": 0.018986, "cod_comuna": "13110"}], "provincias": [], "regiones": []}