{"apellido": "TORTELLO", "slug": "tortello", "comunas": [{"comuna": "CALBUCO", "region": "10. REGION DE LOS LAGOS", "provincia": "Llanquihue", "totalapellido": 2, "totalcomuna": 32409, "prct_apellido": 6.2e-05, "Frecuencia provincia": 0.042563, "Frecuencia región": 0.052521, "cod_comuna": "10102"}, {"comuna": "OLMUE", "region": "05. REGION DE VALPARAISO", "provincia": "Marga Marga", "totalapellido": 2, "totalcomuna": 16406, "prct_apellido": 0.000122, "Frecuencia provincia": 0.034753, "Frecuencia región": 0.029341, "cod_comuna": "05803"}, {"comuna": "VITACURA", "region": "13. REGION METROPOLITANA DE SANTIAGO", "provincia": "Santiago", "totalapellido": 10, "totalcomuna": 89311, "prct_apellido": 0.000112, "Frecuencia provincia": 0.017023, "Frecuencia región": 0.018986, "cod_comuna": "13132"}, {"comuna": "VIÑA DEL MAR", "region": "05. REGION DE VALPARAISO", "provincia": "Valparaíso", "totalapellido": 13, "totalcomuna": 301370, "prct_apellido": 4.3e-05, "Frecuencia provincia": 0.017698, "Frecuencia región": 0.029341, "cod_comuna": "05109"}, {"comuna": "LAS CONDES", "region": "13. REGION METROPOLITANA DE SANTIAGO", "provincia": "Santiago", "totalapellido": 8, "totalcomuna": 269517, "prct_apellido": 3e-05, "Frecuencia provincia": 0.017023, "Frecuencia región": 0.018986, "cod_comuna": "13114"}, {"comuna": "PROVIDENCIA", "region": "13. REGION METROPOLITANA DE SANTIAGO", "provincia": "Santiago", "totalapellido": 6, "totalcomuna": 170255, "prct_apellido": 3.5e-05, "Frecuencia provincia": 0.017023, "Frecuencia región": 0.018986, "cod_comuna": "13123"}, {"comuna": "CONCON", "region": "05. REGION DE VALPARAISO", "provincia": "Valparaíso", "totalapellido": 1, "totalcomuna": 39439, "prct_apellido": 2.5e-05, "Frecuencia provincia": 0.017698, "Frecuencia región": 0.029341, "cod_comuna": "05103"}, {"comuna": "COLINA", "region": "13. REGION METROPOLITANA DE SANTIAGO", "provincia": "Chacabuco", "totalapellido": 2, "totalcomuna": 90446, "prct_apellido": 2.2e-05, "Frecuencia provincia": 0.035407, "Frecuencia región": 0.018986, "cod_comuna": "13301"}, {"comuna": "HUECHURABA", "region": "13. REGION METROPOLITANA DE SANTIAGO", "provincia": "Santiago", "totalapellido": 1, "totalcomuna": 73498, "prct_apellido": 1.4e-05, "Frecuencia provincia": 0.017023, "Frecuencia región": 0.018986, "cod_comuna": "13107"}, {"comuna": "LO BARNECHEA", "region": "13. REGION METROPOLITANA DE SANTIAGO", "provincia": "Santiago", "totalapellido": 1, "totalcomuna": 82669, "prct_apellido": 1.2e-05, "Frecuencia provincia": 0.017023, "Frecuencia región": 0.018986, "cod_comuna": "13115"}, {"comuna": "SAN MIGUEL", "region": "13. REGION METROPOLITANA DE SANTIAGO", "provincia": "Santiago", "totalapellido": 1, "totalcomuna": 105090, "prct_apellido": 1e-05, "Frecuencia provincia": 0.017023, "Frecuencia región": 0.018986, "cod_comuna": "13130"}, {"comuna": "QUILPUE", "region": "05. REGION DE VALPARAISO", "provincia": "Marga Marga", "totalapellido": 2, "totalcomuna": 134448, "prct_apellido": 1.5e-05, "Frecuencia provincia": 0.034753, "Frecuencia región": 0.029341, "cod_comuna": "05801"}, {"comuna": "PUERTO MONTT", "region": "10. REGION DE LOS LAGOS", "provincia": "Llanquihue", "totalapellido": 1, "totalcomuna": 186565, "prct_apellido": 5e-06, "Frecuencia provincia": 0.042563, "Frecuencia región": 0.052521, "cod_comuna": "10101"}, {"comuna": "MAIPU", "region": "13. REGION METROPOLITANA DE SANTIAGO", "provincia": "Santiago", "totalapellido": 2, "totalcomuna": 389758, "prct_apellido": 5e-06, "Frecuencia provincia": 0.017023, "Frecuencia región": 0.018986, "cod_comuna": "13119"}, {"comuna": "SAN BERNARDO", "region": "13. REGION METROPOLITANA DE SANTIAGO", "provincia": "Maipo", "totalapellido": 1, "totalcomuna": 228196, "prct_apellido": 4e-06, "Frecuencia provincia": 0.033289, "Frecuencia región": 0.018986, "cod_comuna": "13401"}, {"comuna": "VALPARAISO", "region": "05. REGION DE VALPARAISO", "provincia": "Valparaíso", "totalapellido": 1, "totalcomuna": 290125, "prct_apellido": 3e-06, "Frecuencia provincia": 0.017698, "Frecuencia región": 0.029341, "cod_comuna": "05101"}, {"comuna": "SANTIAGO", "region": "13. REGION METROPOLITANA DE SANTIAGO", "provincia": "Santiago", "totalapellido": 1, "totalcomuna": 340282, "prct_apellido": 3e-06, "Frecuencia provincia": 0.017023, "Frecuencia región": 0.018986, "cod_comuna": "13101"}], "provincias": [], "regiones": []}