{"apellido": "TOSELLI", "slug": "toselli", "comunas": [{"comuna": "QUINTERO", "region": "05. REGION DE VALPARAISO", "provincia": "Valparaíso", "totalapellido": 2, "totalcomuna": 24756, "prct_apellido": 8.1e-05, "Frecuencia provincia": 0.017698, "Frecuencia región": 0.029341, "cod_comuna": "05107"}, {"comuna": "EL QUISCO", "region": "05. REGION DE VALPARAISO", "provincia": "San Antonio", "totalapellido": 1, "totalcomuna": 13781, "prct_apellido": 7.3e-05, "Frecuencia provincia": 0.076723, "Frecuencia región": 0.029341, "cod_comuna": "05604"}, {"comuna": "PURRANQUE", "region": "10. REGION DE LOS LAGOS", "provincia": "Osorno", "totalapellido": 1, "totalcomuna": 19882, "prct_apellido": 5e-05, "Frecuencia provincia": 0.047856, "Frecuencia región": 0.052521, "cod_comuna": "10303"}, {"comuna": "SAN FELIPE", "region": "05. REGION DE VALPARAISO", "provincia": "San Felipe de Aconcagua", "totalapellido": 3, "totalcomuna": 60075, "prct_apellido": 5e-05, "Frecuencia provincia": 0.102948, "Frecuencia región": 0.029341, "cod_comuna": "05701"}, {"comuna": "QUINTA NORMAL", "region": "13. REGION METROPOLITANA DE SANTIAGO", "provincia": "Santiago", "totalapellido": 3, "totalcomuna": 102529, "prct_apellido": 2.9e-05, "Frecuencia provincia": 0.017023, "Frecuencia región": 0.018986, "cod_comuna": "13126"}, {"comuna": "LAUTARO", "region": "09. REGION DE LA ARAUCANIA", "provincia": "Cautín", "totalapellido": 1, "totalcomuna": 34252, "prct_apellido": 2.9e-05, "Frecuencia provincia": 0.043946, "Frecuencia región": 0.051873, "cod_comuna": "09108"}, {"comuna": "CONCON", "region": "05. REGION DE VALPARAISO", "provincia": "Valparaíso", "totalapellido": 4, "totalcomuna": 39439, "prct_apellido": 0.000101, "Frecuencia provincia": 0.017698, "Frecuencia región": 0.029341, "cod_comuna": "05103"}, {"comuna": "LO BARNECHEA", "region": "13. REGION METROPOLITANA DE SANTIAGO", "provincia": "Santiago", "totalapellido": 3, "totalcomuna": 82669, "prct_apellido": 3.6e-05, "Frecuencia provincia": 0.017023, "Frecuencia región": 0.018986, "cod_comuna": "13115"}, {"comuna": "LAS CONDES", "region": "13. REGION METROPOLITANA DE SANTIAGO", "provincia": "Santiago", "totalapellido": 14, "totalcomuna": 269517, "prct_apellido": 5.2e-05, "Frecuencia provincia": 0.017023, "Frecuencia región": 0.018986, "cod_comuna": "13114"}, {"comuna": "ÑUÑOA", "region": "13. REGION METROPOLITANA DE SANTIAGO", "provincia": "Santiago", "totalapellido": 9, "totalcomuna": 197198, "prct_apellido": 4.6e-05, "Frecuencia provincia": 0.017023, "Frecuencia región": 0.018986, "cod_comuna": "13120"}, {"comuna": "PROVIDENCIA", "region": "13. REGION METROPOLITANA DE SANTIAGO", "provincia": "Santiago", "totalapellido": 3, "totalcomuna": 170255, "prct_apellido": 1.8e-05, "Frecuencia provincia": 0.017023, "Frecuencia región": 0.018986, "cod_comuna": "13123"}, {"comuna": "VITACURA", "region": "13. REGION METROPOLITANA DE SANTIAGO", "provincia": "Santiago", "totalapellido": 1, "totalcomuna": 89311, "prct_apellido": 1.1e-05, "Frecuencia provincia": 0.017023, "Frecuencia región": 0.018986, "cod_comuna": "13132"}, {"comuna": "LA REINA", "region": "13. REGION METROPOLITANA DE SANTIAGO", "provincia": "Santiago", "totalapellido": 1, "totalcomuna": 91556, "prct_apellido": 1.1e-05, "Frecuencia provincia": 0.017023, "Frecuencia región": 0.018986, "cod_comuna": "13113"}, {"comuna": "MAIPU", "region": "13. REGION METROPOLITANA DE SANTIAGO", "provincia": "Santiago", "totalapellido": 4, "totalcomuna": 389758, "prct_apellido": 1e-05, "Frecuencia provincia": 0.017023, "Frecuencia región": 0.018986, "cod_comuna": "13119"}, {"comuna": "LA FLORIDA", "region": "13. REGION METROPOLITANA DE SANTIAGO", "provincia": "Santiago", "totalapellido": 3, "totalcomuna": 307414, "prct_apellido": 1e-05, "Frecuencia provincia": 0.017023, "Frecuencia región": 0.018986, "cod_comuna": "13110"}, {"comuna": "SANTIAGO", "region": "13. REGION METROPOLITANA DE SANTIAGO", "provincia": "Santiago", "totalapellido": 2, "totalcomuna": 340282, "prct_apellido": 6e-06, "Frecuencia provincia": 0.017023, "Frecuencia región": 0.018986, "cod_comuna": "13101"}, {"comuna": "TALCA", "region": "07. REGION DEL MAULE", "provincia": "Talca", "totalapellido": 1, "totalcomuna": 179640, "prct_apellido": 6e-06, "Frecuencia provincia": 0.062885, "Frecuencia región": 0.082553, "cod_comuna": "07101"}], "provincias": [], "regiones": []}