{"apellido": "PAYACAN", "slug": "payacan", "comunas": [{"comuna": "SALAMANCA", "region": "04. REGION DE COQUIMBO", "provincia": "Choapa", "totalapellido": 98, "totalcomuna": 23431, "prct_apellido": 0.004182, "Frecuencia provincia": 0.165554, "Frecuencia región": 0.046565, "cod_comuna": "04204"}, {"comuna": "ILLAPEL", "region": "04. REGION DE COQUIMBO", "provincia": "Choapa", "totalapellido": 22, "totalcomuna": 27921, "prct_apellido": 0.000788, "Frecuencia provincia": 0.165554, "Frecuencia región": 0.046565, "cod_comuna": "04201"}, {"comuna": "SAN ESTEBAN", "region": "05. REGION DE VALPARAISO", "provincia": "Los Andes", "totalapellido": 15, "totalcomuna": 15281, "prct_apellido": 0.000982, "Frecuencia provincia": 0.083664, "Frecuencia región": 0.029341, "cod_comuna": "05304"}, {"comuna": "DIEGO DE ALMAGRO", "region": "03. REGION DE ATACAMA", "provincia": "Chañaral", "totalapellido": 12, "totalcomuna": 13390, "prct_apellido": 0.000896, "Frecuencia provincia": 0.158476, "Frecuencia región": 0.058317, "cod_comuna": "03202"}, {"comuna": "HUASCO", "region": "03. REGION DE ATACAMA", "provincia": "Huasco", "totalapellido": 5, "totalcomuna": 8409, "prct_apellido": 0.000595, "Frecuencia provincia": 0.121458, "Frecuencia región": 0.058317, "cod_comuna": "03304"}, {"comuna": "MEJILLONES", "region": "02. REGION DE ANTOFAGASTA", "provincia": "Antofagasta", "totalapellido": 4, "totalcomuna": 10035, "prct_apellido": 0.000399, "Frecuencia provincia": 0.020817, "Frecuencia región": 0.025007, "cod_comuna": "02102"}, {"comuna": "LA LIGUA", "region": "05. REGION DE VALPARAISO", "provincia": "Petorca", "totalapellido": 23, "totalcomuna": 30181, "prct_apellido": 0.000762, "Frecuencia provincia": 0.160073, "Frecuencia región": 0.029341, "cod_comuna": "05401"}, {"comuna": "CALERA", "region": "05. REGION DE VALPARAISO", "provincia": "Quillota", "totalapellido": 36, "totalcomuna": 44980, "prct_apellido": 0.0008, "Frecuencia provincia": 0.079787, "Frecuencia región": 0.029341, "cod_comuna": "05502"}, {"comuna": "TALTAL", "region": "02. REGION DE ANTOFAGASTA", "provincia": "Antofagasta", "totalapellido": 6, "totalcomuna": 10511, "prct_apellido": 0.000571, "Frecuencia provincia": 0.020817, "Frecuencia región": 0.025007, "cod_comuna": "02104"}, {"comuna": "POZO ALMONTE", "region": "01. REGION DE TARAPACA", "provincia": "Tamarugal", "totalapellido": 8, "totalcomuna": 11898, "prct_apellido": 0.000672, "Frecuencia provincia": 0.130887, "Frecuencia región": 0.02576, "cod_comuna": "01401"}, {"comuna": "SAN ANTONIO", "region": "05. REGION DE VALPARAISO", "provincia": "San Antonio", "totalapellido": 22, "totalcomuna": 78443, "prct_apellido": 0.00028, "Frecuencia provincia": 0.076723, "Frecuencia región": 0.029341, "cod_comuna": "05601"}, {"comuna": "CABILDO", "region": "05. REGION DE VALPARAISO", "provincia": "Petorca", "totalapellido": 7, "totalcomuna": 18038, "prct_apellido": 0.000388, "Frecuencia provincia": 0.160073, "Frecuencia región": 0.029341, "cod_comuna": "05402"}, {"comuna": "VALLENAR", "region": "03. REGION DE ATACAMA", "provincia": "Huasco", "totalapellido": 22, "totalcomuna": 45529, "prct_apellido": 0.000483, "Frecuencia provincia": 0.121458, "Frecuencia región": 0.058317, "cod_comuna": "03301"}, {"comuna": "HIJUELAS", "region": "05. REGION DE VALPARAISO", "provincia": "Quillota", "totalapellido": 11, "totalcomuna": 15609, "prct_apellido": 0.000705, "Frecuencia provincia": 0.079787, "Frecuencia región": 0.029341, "cod_comuna": "05503"}, {"comuna": "PUNITAQUI", "region": "04. REGION DE COQUIMBO", "provincia": "Limarí", "totalapellido": 5, "totalcomuna": 10763, "prct_apellido": 0.000465, "Frecuencia provincia": 0.102708, "Frecuencia región": 0.046565, "cod_comuna": "04304"}, {"comuna": "FREIRINA", "region": "03. REGION DE ATACAMA", "provincia": "Huasco", "totalapellido": 2, "totalcomuna": 6019, "prct_apellido": 0.000332, "Frecuencia provincia": 0.121458, "Frecuencia región": 0.058317, "cod_comuna": "03303"}, {"comuna": "SANTA MARIA", "region": "05. REGION DE VALPARAISO", "provincia": "San Felipe de Aconcagua", "totalapellido": 4, "totalcomuna": 12123, "prct_apellido": 0.00033, "Frecuencia provincia": 0.102948, "Frecuencia región": 0.029341, "cod_comuna": "05706"}, {"comuna": "PAPUDO", "region": "05. REGION DE VALPARAISO", "provincia": "Petorca", "totalapellido": 1, "totalcomuna": 6102, "prct_apellido": 0.000164, "Frecuencia provincia": 0.160073, "Frecuencia región": 0.029341, "cod_comuna": "05403"}, {"comuna": "OVALLE", "region": "04. REGION DE COQUIMBO", "provincia": "Limarí", "totalapellido": 21, "totalcomuna": 91832, "prct_apellido": 0.000229, "Frecuencia provincia": 0.102708, "Frecuencia región": 0.046565, "cod_comuna": "04301"}, {"comuna": "SAN FELIPE", "region": "05. REGION DE VALPARAISO", "provincia": "San Felipe de Aconcagua", "totalapellido": 14, "totalcomuna": 60075, "prct_apellido": 0.000233, "Frecuencia provincia": 0.102948, "Frecuencia región": 0.029341, "cod_comuna": "05701"}, {"comuna": "EL QUISCO", "region": "05. REGION DE VALPARAISO", "provincia": "San Antonio", "totalapellido": 3, "totalcomuna": 13781, "prct_apellido": 0.000218, "Frecuencia provincia": 0.076723, "Frecuencia región": 0.029341, "cod_comuna": "05604"}, {"comuna": "LA SERENA", "region": "04. REGION DE COQUIMBO", "provincia": "Elqui", "totalapellido": 56, "totalcomuna": 174853, "prct_apellido": 0.00032, "Frecuencia provincia": 0.034381, "Frecuencia región": 0.046565, "cod_comuna": "04101"}, {"comuna": "ALTO HOSPICIO", "region": "01. REGION DE TARAPACA", "provincia": "Iquique", "totalapellido": 17, "totalcomuna": 58683, "prct_apellido": 0.00029, "Frecuencia provincia": 0.023146, "Frecuencia región": 0.02576, "cod_comuna": "01107"}, {"comuna": "LOS VILOS", "region": "04. REGION DE COQUIMBO", "provincia": "Choapa", "totalapellido": 7, "totalcomuna": 18266, "prct_apellido": 0.000383, "Frecuencia provincia": 0.165554, "Frecuencia región": 0.046565, "cod_comuna": "04203"}, {"comuna": "VIÑA DEL MAR", "region": "05. REGION DE VALPARAISO", "provincia": "Valparaíso", "totalapellido": 76, "totalcomuna": 301370, "prct_apellido": 0.000252, "Frecuencia provincia": 0.017698, "Frecuencia región": 0.029341, "cod_comuna": "05109"}, {"comuna": "COPIAPO", "region": "03. REGION DE ATACAMA", "provincia": "Copiapó", "totalapellido": 26, "totalcomuna": 123973, "prct_apellido": 0.00021, "Frecuencia provincia": 0.043922, "Frecuencia región": 0.058317, "cod_comuna": "03101"}, {"comuna": "BUIN", "region": "13. REGION METROPOLITANA DE SANTIAGO", "provincia": "Maipo", "totalapellido": 9, "totalcomuna": 75333, "prct_apellido": 0.000119, "Frecuencia provincia": 0.033289, "Frecuencia región": 0.018986, "cod_comuna": "13402"}, {"comuna": "LOS ANDES", "region": "05. REGION DE VALPARAISO", "provincia": "Los Andes", "totalapellido": 13, "totalcomuna": 55969, "prct_apellido": 0.000232, "Frecuencia provincia": 0.083664, "Frecuencia región": 0.029341, "cod_comuna": "05301"}, {"comuna": "CALLE LARGA", "region": "05. REGION DE VALPARAISO", "provincia": "Los Andes", "totalapellido": 1, "totalcomuna": 11445, "prct_apellido": 8.7e-05, "Frecuencia provincia": 0.083664, "Frecuencia región": 0.029341, "cod_comuna": "05302"}, {"comuna": "CONCHALI", "region": "13. REGION METROPOLITANA DE SANTIAGO", "provincia": "Santiago", "totalapellido": 14, "totalcomuna": 118624, "prct_apellido": 0.000118, "Frecuencia provincia": 0.017023, "Frecuencia región": 0.018986, "cod_comuna": "13104"}, {"comuna": "QUILPUE", "region": "05. REGION DE VALPARAISO", "provincia": "Marga Marga", "totalapellido": 30, "totalcomuna": 134448, "prct_apellido": 0.000223, "Frecuencia provincia": 0.034753, "Frecuencia región": 0.029341, "cod_comuna": "05801"}, {"comuna": "MAULE", "region": "07. REGION DEL MAULE", "provincia": "Talca", "totalapellido": 2, "totalcomuna": 24526, "prct_apellido": 8.2e-05, "Frecuencia provincia": 0.062885, "Frecuencia región": 0.082553, "cod_comuna": "07105"}, {"comuna": "COMBARBALA", "region": "04. REGION DE COQUIMBO", "provincia": "Limarí", "totalapellido": 1, "totalcomuna": 12550, "prct_apellido": 8e-05, "Frecuencia provincia": 0.102708, "Frecuencia región": 0.046565, "cod_comuna": "04302"}, {"comuna": "QUINTA NORMAL", "region": "13. REGION METROPOLITANA DE SANTIAGO", "provincia": "Santiago", "totalapellido": 12, "totalcomuna": 102529, "prct_apellido": 0.000117, "Frecuencia provincia": 0.017023, "Frecuencia región": 0.018986, "cod_comuna": "13126"}, {"comuna": "CONCON", "region": "05. REGION DE VALPARAISO", "provincia": "Valparaíso", "totalapellido": 4, "totalcomuna": 39439, "prct_apellido": 0.000101, "Frecuencia provincia": 0.017698, "Frecuencia región": 0.029341, "cod_comuna": "05103"}, {"comuna": "SAN BERNARDO", "region": "13. REGION METROPOLITANA DE SANTIAGO", "provincia": "Maipo", "totalapellido": 26, "totalcomuna": 228196, "prct_apellido": 0.000114, "Frecuencia provincia": 0.033289, "Frecuencia región": 0.018986, "cod_comuna": "13401"}, {"comuna": "PUCHUNCAVI", "region": "05. REGION DE VALPARAISO", "provincia": "Valparaíso", "totalapellido": 4, "totalcomuna": 16007, "prct_apellido": 0.00025, "Frecuencia provincia": 0.017698, "Frecuencia región": 0.029341, "cod_comuna": "05105"}, {"comuna": "RETIRO", "region": "07. REGION DEL MAULE", "provincia": "Linares", "totalapellido": 1, "totalcomuna": 17602, "prct_apellido": 5.7e-05, "Frecuencia provincia": 0.120949, "Frecuencia región": 0.082553, "cod_comuna": "07405"}, {"comuna": "CARTAGENA", "region": "05. REGION DE VALPARAISO", "provincia": "San Antonio", "totalapellido": 2, "totalcomuna": 18227, "prct_apellido": 0.00011, "Frecuencia provincia": 0.076723, "Frecuencia región": 0.029341, "cod_comuna": "05603"}, {"comuna": "MAIPU", "region": "13. REGION METROPOLITANA DE SANTIAGO", "provincia": "Santiago", "totalapellido": 37, "totalcomuna": 389758, "prct_apellido": 9.5e-05, "Frecuencia provincia": 0.017023, "Frecuencia región": 0.018986, "cod_comuna": "13119"}, {"comuna": "VICUÑA", "region": "04. REGION DE COQUIMBO", "provincia": "Elqui", "totalapellido": 2, "totalcomuna": 23678, "prct_apellido": 8.4e-05, "Frecuencia provincia": 0.034381, "Frecuencia región": 0.046565, "cod_comuna": "04106"}, {"comuna": "VILLA ALEMANA", "region": "05. REGION DE VALPARAISO", "provincia": "Marga Marga", "totalapellido": 11, "totalcomuna": 98544, "prct_apellido": 0.000112, "Frecuencia provincia": 0.034753, "Frecuencia región": 0.029341, "cod_comuna": "05804"}, {"comuna": "QUINTERO", "region": "05. REGION DE VALPARAISO", "provincia": "Valparaíso", "totalapellido": 1, "totalcomuna": 24756, "prct_apellido": 4e-05, "Frecuencia provincia": 0.017698, "Frecuencia región": 0.029341, "cod_comuna": "05107"}, {"comuna": "QUILLOTA", "region": "05. REGION DE VALPARAISO", "provincia": "Quillota", "totalapellido": 4, "totalcomuna": 75479, "prct_apellido": 5.3e-05, "Frecuencia provincia": 0.079787, "Frecuencia región": 0.029341, "cod_comuna": "05501"}, {"comuna": "ANTOFAGASTA", "region": "02. REGION DE ANTOFAGASTA", "provincia": "Antofagasta", "totalapellido": 25, "totalcomuna": 286950, "prct_apellido": 8.7e-05, "Frecuencia provincia": 0.020817, "Frecuencia región": 0.025007, "cod_comuna": "02101"}, {"comuna": "CURACAVI", "region": "13. REGION METROPOLITANA DE SANTIAGO", "provincia": "Melipilla", "totalapellido": 1, "totalcomuna": 26345, "prct_apellido": 3.8e-05, "Frecuencia provincia": 0.072308, "Frecuencia región": 0.018986, "cod_comuna": "13503"}, {"comuna": "SAN JOAQUIN", "region": "13. REGION METROPOLITANA DE SANTIAGO", "provincia": "Santiago", "totalapellido": 5, "totalcomuna": 82325, "prct_apellido": 6.1e-05, "Frecuencia provincia": 0.017023, "Frecuencia región": 0.018986, "cod_comuna": "13129"}, {"comuna": "COQUIMBO", "region": "04. REGION DE COQUIMBO", "provincia": "Elqui", "totalapellido": 9, "totalcomuna": 167854, "prct_apellido": 5.4e-05, "Frecuencia provincia": 0.034381, "Frecuencia región": 0.046565, "cod_comuna": "04102"}, {"comuna": "ARICA", "region": "15. REGION DE ARICA Y PARINACOTA", "provincia": "Arica", "totalapellido": 10, "totalcomuna": 180060, "prct_apellido": 5.6e-05, "Frecuencia provincia": 0.025797, "Frecuencia región": 0.026725, "cod_comuna": "15101"}, {"comuna": "COLINA", "region": "13. REGION METROPOLITANA DE SANTIAGO", "provincia": "Chacabuco", "totalapellido": 5, "totalcomuna": 90446, "prct_apellido": 5.5e-05, "Frecuencia provincia": 0.035407, "Frecuencia región": 0.018986, "cod_comuna": "13301"}, {"comuna": "PEDRO AGUIRRE CERDA", "region": "13. REGION METROPOLITANA DE SANTIAGO", "provincia": "Santiago", "totalapellido": 6, "totalcomuna": 93161, "prct_apellido": 6.4e-05, "Frecuencia provincia": 0.017023, "Frecuencia región": 0.018986, "cod_comuna": "13121"}, {"comuna": "CALAMA", "region": "02. REGION DE ANTOFAGASTA", "provincia": "El Loa", "totalapellido": 6, "totalcomuna": 132333, "prct_apellido": 4.5e-05, "Frecuencia provincia": 0.035053, "Frecuencia región": 0.025007, "cod_comuna": "02201"}, {"comuna": "IQUIQUE", "region": "01. REGION DE TARAPACA", "provincia": "Iquique", "totalapellido": 12, "totalcomuna": 167553, "prct_apellido": 7.2e-05, "Frecuencia provincia": 0.023146, "Frecuencia región": 0.02576, "cod_comuna": "01101"}, {"comuna": "CERRILLOS", "region": "13. REGION METROPOLITANA DE SANTIAGO", "provincia": "Santiago", "totalapellido": 5, "totalcomuna": 67537, "prct_apellido": 7.4e-05, "Frecuencia provincia": 0.017023, "Frecuencia región": 0.018986, "cod_comuna": "13102"}, {"comuna": "PARRAL", "region": "07. REGION DEL MAULE", "provincia": "Linares", "totalapellido": 1, "totalcomuna": 37860, "prct_apellido": 2.6e-05, "Frecuencia provincia": 0.120949, "Frecuencia región": 0.082553, "cod_comuna": "07404"}, {"comuna": "LIMACHE", "region": "05. REGION DE VALPARAISO", "provincia": "Marga Marga", "totalapellido": 4, "totalcomuna": 39423, "prct_apellido": 0.000101, "Frecuencia provincia": 0.034753, "Frecuencia región": 0.029341, "cod_comuna": "05802"}, {"comuna": "PADRE HURTADO", "region": "13. REGION METROPOLITANA DE SANTIAGO", "provincia": "Talagante", "totalapellido": 3, "totalcomuna": 44714, "prct_apellido": 6.7e-05, "Frecuencia provincia": 0.065142, "Frecuencia región": 0.018986, "cod_comuna": "13604"}, {"comuna": "LA PINTANA", "region": "13. REGION METROPOLITANA DE SANTIAGO", "provincia": "Santiago", "totalapellido": 6, "totalcomuna": 139100, "prct_apellido": 4.3e-05, "Frecuencia provincia": 0.017023, "Frecuencia región": 0.018986, "cod_comuna": "13112"}, {"comuna": "VALDIVIA", "region": "14. REGION DE LOS RIOS", "provincia": "Valdivia", "totalapellido": 2, "totalcomuna": 138619, "prct_apellido": 1.4e-05, "Frecuencia provincia": 0.046113, "Frecuencia región": 0.0544, "cod_comuna": "14101"}, {"comuna": "HUECHURABA", "region": "13. REGION METROPOLITANA DE SANTIAGO", "provincia": "Santiago", "totalapellido": 1, "totalcomuna": 73498, "prct_apellido": 1.4e-05, "Frecuencia provincia": 0.017023, "Frecuencia región": 0.018986, "cod_comuna": "13107"}, {"comuna": "INDEPENDENCIA", "region": "13. REGION METROPOLITANA DE SANTIAGO", "provincia": "Santiago", "totalapellido": 3, "totalcomuna": 82629, "prct_apellido": 3.6e-05, "Frecuencia provincia": 0.017023, "Frecuencia región": 0.018986, "cod_comuna": "13108"}, {"comuna": "SANTIAGO", "region": "13. REGION METROPOLITANA DE SANTIAGO", "provincia": "Santiago", "totalapellido": 13, "totalcomuna": 340282, "prct_apellido": 3.8e-05, "Frecuencia provincia": 0.017023, "Frecuencia región": 0.018986, "cod_comuna": "13101"}, {"comuna": "MELIPILLA", "region": "13. REGION METROPOLITANA DE SANTIAGO", "provincia": "Melipilla", "totalapellido": 2, "totalcomuna": 97217, "prct_apellido": 2.1e-05, "Frecuencia provincia": 0.072308, "Frecuencia región": 0.018986, "cod_comuna": "13501"}, {"comuna": "ÑUÑOA", "region": "13. REGION METROPOLITANA DE SANTIAGO", "provincia": "Santiago", "totalapellido": 6, "totalcomuna": 197198, "prct_apellido": 3e-05, "Frecuencia provincia": 0.017023, "Frecuencia región": 0.018986, "cod_comuna": "13120"}, {"comuna": "LA FLORIDA", "region": "13. REGION METROPOLITANA DE SANTIAGO", "provincia": "Santiago", "totalapellido": 9, "totalcomuna": 307414, "prct_apellido": 2.9e-05, "Frecuencia provincia": 0.017023, "Frecuencia región": 0.018986, "cod_comuna": "13110"}, {"comuna": "SAN MIGUEL", "region": "13. REGION METROPOLITANA DE SANTIAGO", "provincia": "Santiago", "totalapellido": 4, "totalcomuna": 105090, "prct_apellido": 3.8e-05, "Frecuencia provincia": 0.017023, "Frecuencia región": 0.018986, "cod_comuna": "13130"}, {"comuna": "CERRO NAVIA", "region": "13. REGION METROPOLITANA DE SANTIAGO", "provincia": "Santiago", "totalapellido": 3, "totalcomuna": 115479, "prct_apellido": 2.6e-05, "Frecuencia provincia": 0.017023, "Frecuencia región": 0.018986, "cod_comuna": "13103"}, {"comuna": "PUDAHUEL", "region": "13. REGION METROPOLITANA DE SANTIAGO", "provincia": "Santiago", "totalapellido": 5, "totalcomuna": 168984, "prct_apellido": 3e-05, "Frecuencia provincia": 0.017023, "Frecuencia región": 0.018986, "cod_comuna": "13124"}, {"comuna": "PROVIDENCIA", "region": "13. REGION METROPOLITANA DE SANTIAGO", "provincia": "Santiago", "totalapellido": 4, "totalcomuna": 170255, "prct_apellido": 2.3e-05, "Frecuencia provincia": 0.017023, "Frecuencia región": 0.018986, "cod_comuna": "13123"}, {"comuna": "PUENTE ALTO", "region": "13. REGION METROPOLITANA DE SANTIAGO", "provincia": "Cordillera", "totalapellido": 9, "totalcomuna": 399739, "prct_apellido": 2.3e-05, "Frecuencia provincia": 0.019022, "Frecuencia región": 0.018986, "cod_comuna": "13201"}, {"comuna": "LAS CONDES", "region": "13. REGION METROPOLITANA DE SANTIAGO", "provincia": "Santiago", "totalapellido": 1, "totalcomuna": 269517, "prct_apellido": 4e-06, "Frecuencia provincia": 0.017023, "Frecuencia región": 0.018986, "cod_comuna": "13114"}, {"comuna": "VALPARAISO", "region": "05. REGION DE VALPARAISO", "provincia": "Valparaíso", "totalapellido": 7, "totalcomuna": 290125, "prct_apellido": 2.4e-05, "Frecuencia provincia": 0.017698, "Frecuencia región": 0.029341, "cod_comuna": "05101"}], "provincias": [], "regiones": []}