{"apellido": "PECASTAING", "slug": "pecastaing", "comunas": [{"comuna": "SAN MIGUEL", "region": "13. REGION METROPOLITANA DE SANTIAGO", "provincia": "Santiago", "totalapellido": 1, "totalcomuna": 105090, "prct_apellido": 1e-05, "Frecuencia provincia": 0.017023, "Frecuencia región": 0.018986, "cod_comuna": "13130"}, {"comuna": "SAN BERNARDO", "region": "13. REGION METROPOLITANA DE SANTIAGO", "provincia": "Maipo", "totalapellido": 1, "totalcomuna": 228196, "prct_apellido": 4e-06, "Frecuencia provincia": 0.033289, "Frecuencia región": 0.018986, "cod_comuna": "13401"}], "provincias": [], "regiones": []}