{"apellido": "PEDROSO", "slug": "pedroso", "comunas": [{"comuna": "LO BARNECHEA", "region": "13. REGION METROPOLITANA DE SANTIAGO", "provincia": "Santiago", "totalapellido": 3, "totalcomuna": 82669, "prct_apellido": 3.6e-05, "Frecuencia provincia": 0.017023, "Frecuencia región": 0.018986, "cod_comuna": "13115"}, {"comuna": "PROVIDENCIA", "region": "13. REGION METROPOLITANA DE SANTIAGO", "provincia": "Santiago", "totalapellido": 7, "totalcomuna": 170255, "prct_apellido": 4.1e-05, "Frecuencia provincia": 0.017023, "Frecuencia región": 0.018986, "cod_comuna": "13123"}, {"comuna": "HUECHURABA", "region": "13. REGION METROPOLITANA DE SANTIAGO", "provincia": "Santiago", "totalapellido": 1, "totalcomuna": 73498, "prct_apellido": 1.4e-05, "Frecuencia provincia": 0.017023, "Frecuencia región": 0.018986, "cod_comuna": "13107"}, {"comuna": "LINARES", "region": "07. REGION DEL MAULE", "provincia": "Linares", "totalapellido": 1, "totalcomuna": 81744, "prct_apellido": 1.2e-05, "Frecuencia provincia": 0.120949, "Frecuencia región": 0.082553, "cod_comuna": "07401"}, {"comuna": "VILLA ALEMANA", "region": "05. REGION DE VALPARAISO", "provincia": "Marga Marga", "totalapellido": 1, "totalcomuna": 98544, "prct_apellido": 1e-05, "Frecuencia provincia": 0.034753, "Frecuencia región": 0.029341, "cod_comuna": "05804"}, {"comuna": "MACUL", "region": "13. REGION METROPOLITANA DE SANTIAGO", "provincia": "Santiago", "totalapellido": 1, "totalcomuna": 101340, "prct_apellido": 1e-05, "Frecuencia provincia": 0.017023, "Frecuencia región": 0.018986, "cod_comuna": "13118"}, {"comuna": "LA FLORIDA", "region": "13. REGION METROPOLITANA DE SANTIAGO", "provincia": "Santiago", "totalapellido": 4, "totalcomuna": 307414, "prct_apellido": 1.3e-05, "Frecuencia provincia": 0.017023, "Frecuencia región": 0.018986, "cod_comuna": "13110"}, {"comuna": "SANTIAGO", "region": "13. REGION METROPOLITANA DE SANTIAGO", "provincia": "Santiago", "totalapellido": 8, "totalcomuna": 340282, "prct_apellido": 2.4e-05, "Frecuencia provincia": 0.017023, "Frecuencia región": 0.018986, "cod_comuna": "13101"}, {"comuna": "LAS CONDES", "region": "13. REGION METROPOLITANA DE SANTIAGO", "provincia": "Santiago", "totalapellido": 3, "totalcomuna": 269517, "prct_apellido": 1.1e-05, "Frecuencia provincia": 0.017023, "Frecuencia región": 0.018986, "cod_comuna": "13114"}, {"comuna": "ÑUÑOA", "region": "13. REGION METROPOLITANA DE SANTIAGO", "provincia": "Santiago", "totalapellido": 2, "totalcomuna": 197198, "prct_apellido": 1e-05, "Frecuencia provincia": 0.017023, "Frecuencia región": 0.018986, "cod_comuna": "13120"}], "provincias": [], "regiones": []}