{"apellido": "PEDRALS", "slug": "pedrals", "comunas": [{"comuna": "PITRUFQUEN", "region": "09. REGION DE LA ARAUCANIA", "provincia": "Cautín", "totalapellido": 1, "totalcomuna": 23103, "prct_apellido": 4.3e-05, "Frecuencia provincia": 0.043946, "Frecuencia región": 0.051873, "cod_comuna": "09114"}, {"comuna": "VITACURA", "region": "13. REGION METROPOLITANA DE SANTIAGO", "provincia": "Santiago", "totalapellido": 4, "totalcomuna": 89311, "prct_apellido": 4.5e-05, "Frecuencia provincia": 0.017023, "Frecuencia región": 0.018986, "cod_comuna": "13132"}, {"comuna": "LAS CONDES", "region": "13. REGION METROPOLITANA DE SANTIAGO", "provincia": "Santiago", "totalapellido": 12, "totalcomuna": 269517, "prct_apellido": 4.5e-05, "Frecuencia provincia": 0.017023, "Frecuencia región": 0.018986, "cod_comuna": "13114"}, {"comuna": "VILLA ALEMANA", "region": "05. REGION DE VALPARAISO", "provincia": "Marga Marga", "totalapellido": 3, "totalcomuna": 98544, "prct_apellido": 3e-05, "Frecuencia provincia": 0.034753, "Frecuencia región": 0.029341, "cod_comuna": "05804"}, {"comuna": "PUERTO VARAS", "region": "10. REGION DE LOS LAGOS", "provincia": "Llanquihue", "totalapellido": 1, "totalcomuna": 42326, "prct_apellido": 2.4e-05, "Frecuencia provincia": 0.042563, "Frecuencia región": 0.052521, "cod_comuna": "10109"}, {"comuna": "VALPARAISO", "region": "05. REGION DE VALPARAISO", "provincia": "Valparaíso", "totalapellido": 7, "totalcomuna": 290125, "prct_apellido": 2.4e-05, "Frecuencia provincia": 0.017698, "Frecuencia región": 0.029341, "cod_comuna": "05101"}, {"comuna": "PROVIDENCIA", "region": "13. REGION METROPOLITANA DE SANTIAGO", "provincia": "Santiago", "totalapellido": 2, "totalcomuna": 170255, "prct_apellido": 1.2e-05, "Frecuencia provincia": 0.017023, "Frecuencia región": 0.018986, "cod_comuna": "13123"}, {"comuna": "VIÑA DEL MAR", "region": "05. REGION DE VALPARAISO", "provincia": "Valparaíso", "totalapellido": 7, "totalcomuna": 301370, "prct_apellido": 2.3e-05, "Frecuencia provincia": 0.017698, "Frecuencia región": 0.029341, "cod_comuna": "05109"}], "provincias": [], "regiones": []}