{"apellido": "PELETEIRO", "slug": "peleteiro", "comunas": [{"comuna": "PAIGUANO", "region": "04. REGION DE COQUIMBO", "provincia": "Elqui", "totalapellido": 2, "totalcomuna": 5389, "prct_apellido": 0.000371, "Frecuencia provincia": 0.034381, "Frecuencia región": 0.046565, "cod_comuna": "04105"}, {"comuna": "LAS CONDES", "region": "13. REGION METROPOLITANA DE SANTIAGO", "provincia": "Santiago", "totalapellido": 8, "totalcomuna": 269517, "prct_apellido": 3e-05, "Frecuencia provincia": 0.017023, "Frecuencia región": 0.018986, "cod_comuna": "13114"}], "provincias": [], "regiones": []}