{"apellido": "PELLET-SORET", "slug": "pellet-soret", "comunas": [{"comuna": "RINCONADA", "region": "05. REGION DE VALPARAISO", "provincia": "Los Andes", "totalapellido": 1, "totalcomuna": 9470, "prct_apellido": 0.000106, "Frecuencia provincia": 0.083664, "Frecuencia región": 0.029341, "cod_comuna": "05303"}, {"comuna": "CURICO", "region": "07. REGION DEL MAULE", "provincia": "Curicó", "totalapellido": 1, "totalcomuna": 117810, "prct_apellido": 8e-06, "Frecuencia provincia": 0.081137, "Frecuencia región": 0.082553, "cod_comuna": "07301"}], "provincias": [], "regiones": []}